t_h,dT_K
0.0167,-0.032173
0.0333,-0.040705
0.0500,-0.045931
0.0667,-0.049609
0.0833,-0.052385
0.1000,-0.054580
0.1167,-0.056369
0.1333,-0.057863
0.1500,-0.059134
0.1667,-0.060236
0.1833,-0.061209
0.2000,-0.062083
0.2167,-0.062874
0.2333,-0.063598
0.2500,-0.064266
0.2667,-0.064893
0.2833,-0.065483
0.3000,-0.066038
0.3167,-0.066574
0.3333,-0.067083
0.3500,-0.067576
0.3667,-0.068047
0.3833,-0.068503
0.4000,-0.068946
0.4167,-0.069373
0.4333,-0.069781
0.4500,-0.070177
0.4667,-0.070557
0.4833,-0.070925
0.5000,-0.071285
0.5167,-0.071530
0.5333,-0.071773
0.5500,-0.072001
0.5667,-0.072221
0.5833,-0.072430
0.6000,-0.072625
0.6167,-0.072806
0.6333,-0.072982
0.6500,-0.073148
0.6667,-0.073304
0.6833,-0.073448
0.7000,-0.073586
0.7167,-0.073712
0.7333,-0.073824
0.7500,-0.073933
0.7667,-0.074032
0.7833,-0.074118
0.8000,-0.074195
0.8167,-0.074265
0.8333,-0.074325
0.8500,-0.074373
0.8667,-0.074414
0.8833,-0.074453
0.9000,-0.074484
0.9167,-0.074508
0.9333,-0.074528
0.9500,-0.074537
0.9667,-0.074543
0.9833,-0.074536
1.0000,-0.074524
1.0167,-0.074539
1.0333,-0.074544
1.0500,-0.074541
1.0667,-0.074538
1.0833,-0.074528
1.1000,-0.074509
1.1167,-0.074488
1.1333,-0.074460
1.1500,-0.074420
1.1667,-0.074381
1.1833,-0.074337
1.2000,-0.074286
1.2167,-0.074239
1.2333,-0.074182
1.2500,-0.074116
1.2667,-0.074047
1.2833,-0.073977
1.3000,-0.073903
1.3167,-0.073825
1.3333,-0.073749
1.3500,-0.073669
1.3667,-0.073579
1.3833,-0.073492
1.4000,-0.073396
1.4167,-0.073293
1.4333,-0.073187
1.4500,-0.073086
1.4667,-0.072982
1.4833,-0.072866
1.5000,-0.072757
1.5167,-0.072603
1.5333,-0.072455
1.5500,-0.072308
1.5667,-0.072155
1.5833,-0.072001
1.6000,-0.071844
1.6167,-0.071690
1.6333,-0.071522
1.6500,-0.071357
1.6667,-0.071194
1.6833,-0.071033
1.7000,-0.070870
1.7167,-0.070696
1.7333,-0.070529
1.7500,-0.070359
1.7667,-0.070192
1.7833,-0.070016
1.8000,-0.069841
1.8167,-0.069656
1.8333,-0.069483
1.8500,-0.069302
1.8667,-0.069117
1.8833,-0.068932
1.9000,-0.068750
1.9167,-0.068559
1.9333,-0.068375
1.9500,-0.068193
1.9667,-0.068008
1.9833,-0.067816
2.0000,-0.067632
2.0167,-0.067343
2.0333,-0.067062
2.0500,-0.066773
2.0667,-0.066493
2.0833,-0.066208
2.1000,-0.065930
2.1167,-0.065655
2.1333,-0.065375
2.1500,-0.065095
2.1667,-0.064827
2.1833,-0.064550
2.2000,-0.064284
2.2167,-0.064017
2.2333,-0.063748
2.2500,-0.063478
2.2667,-0.063205
2.2833,-0.062945
2.3000,-0.062678
2.3167,-0.062420
2.3333,-0.062151
2.3500,-0.061889
2.3667,-0.061629
2.3833,-0.061377
2.4000,-0.061118
2.4167,-0.060863
2.4333,-0.060605
2.4500,-0.060354
2.4667,-0.060100
2.4833,-0.059850
2.5000,-0.059595
2.5167,-0.059349
2.5333,-0.059110
2.5500,-0.058866
2.5667,-0.058626
2.5833,-0.058379
2.6000,-0.058145
2.6167,-0.057905
2.6333,-0.057671
2.6500,-0.057439
2.6667,-0.057207
2.6833,-0.056970
2.7000,-0.056748
2.7167,-0.056514
2.7333,-0.056281
2.7500,-0.056058
2.7667,-0.055829
2.7833,-0.055612
2.8000,-0.055390
2.8167,-0.055167
2.8333,-0.054953
2.8500,-0.054736
2.8667,-0.054517
2.8833,-0.054302
2.9000,-0.054093
2.9167,-0.053879
2.9333,-0.053660
2.9500,-0.053449
2.9667,-0.053241
2.9833,-0.053038
3.0000,-0.052837
3.0167,-0.052648
3.0333,-0.052457
3.0500,-0.052261
3.0667,-0.052063
3.0833,-0.051875
3.1000,-0.051682
3.1167,-0.051495
3.1333,-0.051299
3.1500,-0.051112
3.1667,-0.050922
3.1833,-0.050740
3.2000,-0.050554
3.2167,-0.050371
3.2333,-0.050193
3.2500,-0.050009
3.2667,-0.049824
3.2833,-0.049643
3.3000,-0.049468
3.3167,-0.049286
3.3333,-0.049111
3.3500,-0.048936
3.3667,-0.048768
3.3833,-0.048595
3.4000,-0.048417
3.4167,-0.048238
3.4333,-0.048066
3.4500,-0.047897
3.4667,-0.047728
3.4833,-0.047560
3.5000,-0.047390
3.5167,-0.047208
3.5333,-0.047031
3.5500,-0.046854
3.5667,-0.046679
3.5833,-0.046500
3.6000,-0.046328
3.6167,-0.046150
3.6333,-0.045975
3.6500,-0.045807
3.6667,-0.045638
3.6833,-0.045465
3.7000,-0.045298
3.7167,-0.045132
3.7333,-0.044969
3.7500,-0.044802
3.7667,-0.044639
3.7833,-0.044475
3.8000,-0.044315
3.8167,-0.044154
3.8333,-0.043991
3.8500,-0.043831
3.8667,-0.043674
3.8833,-0.043521
3.9000,-0.043365
3.9167,-0.043212
3.9333,-0.043058
3.9500,-0.042904
3.9667,-0.042753
3.9833,-0.042597
4.0000,-0.042446
4.0167,-0.042290
4.0333,-0.042136
4.0500,-0.041983
4.0667,-0.041832
4.0833,-0.041682
4.1000,-0.041532
4.1167,-0.041383
4.1333,-0.041235
4.1500,-0.041088
4.1667,-0.040942
4.1833,-0.040797
4.2000,-0.040652
4.2167,-0.040508
4.2333,-0.040366
4.2500,-0.040223
4.2667,-0.040082
4.2833,-0.039942
4.3000,-0.039802
4.3167,-0.039663
4.3333,-0.039525
4.3500,-0.039388
4.3667,-0.039252
4.3833,-0.039115
4.4000,-0.038981
4.4167,-0.038846
4.4333,-0.038712
4.4500,-0.038579
4.4667,-0.038448
4.4833,-0.038316
4.5000,-0.038185
4.5167,-0.038045
4.5333,-0.037905
4.5500,-0.037768
4.5667,-0.037631
4.5833,-0.037495
4.6000,-0.037360
4.6167,-0.037226
4.6333,-0.037092
4.6500,-0.036959
4.6667,-0.036828
4.6833,-0.036697
4.7000,-0.036566
4.7167,-0.036437
4.7333,-0.036308
4.7500,-0.036180
4.7667,-0.036053
4.7833,-0.035926
4.8000,-0.035800
4.8167,-0.035675
4.8333,-0.035550
4.8500,-0.035427
4.8667,-0.035303
4.8833,-0.035180
4.9000,-0.035059
4.9167,-0.034937
4.9333,-0.034817
4.9500,-0.034697
4.9667,-0.034578
4.9833,-0.034459
5.0000,-0.034340
5.0167,-0.034229
5.0333,-0.034117
5.0500,-0.034005
5.0667,-0.033894
5.0833,-0.033782
5.1000,-0.033672
5.1167,-0.033562
5.1333,-0.033452
5.1500,-0.033343
5.1667,-0.033235
5.1833,-0.033127
5.2000,-0.033018
5.2167,-0.032912
5.2333,-0.032805
5.2500,-0.032698
5.2667,-0.032592
5.2833,-0.032487
5.3000,-0.032381
5.3167,-0.032277
5.3333,-0.032173
5.3500,-0.032069
5.3667,-0.031965
5.3833,-0.031861
5.4000,-0.031759
5.4167,-0.031657
5.4333,-0.031555
5.4500,-0.031453
5.4667,-0.031352
5.4833,-0.031251
5.5000,-0.031151
5.5167,-0.031046
5.5333,-0.030942
5.5500,-0.030838
5.5667,-0.030735
5.5833,-0.030633
5.6000,-0.030531
5.6167,-0.030429
5.6333,-0.030329
5.6500,-0.030228
5.6667,-0.030127
5.6833,-0.030027
5.7000,-0.029929
5.7167,-0.029829
5.7333,-0.029731
5.7500,-0.029632
5.7667,-0.029535
5.7833,-0.029437
5.8000,-0.029340
5.8167,-0.029243
5.8333,-0.029147
5.8500,-0.029051
5.8667,-0.028955
5.8833,-0.028860
5.9000,-0.028765
5.9167,-0.028672
5.9333,-0.028577
5.9500,-0.028484
5.9667,-0.028390
5.9833,-0.028297
6.0000,-0.028205
6.0167,-0.028106
6.0333,-0.028009
6.0500,-0.027913
6.0667,-0.027818
6.0833,-0.027722
6.1000,-0.027627
6.1167,-0.027532
6.1333,-0.027438
6.1500,-0.027345
6.1667,-0.027251
6.1833,-0.027159
6.2000,-0.027066
6.2167,-0.026974
6.2333,-0.026883
6.2500,-0.026792
6.2667,-0.026700
6.2833,-0.026610
6.3000,-0.026520
6.3167,-0.026430
6.3333,-0.026341
6.3500,-0.026252
6.3667,-0.026163
6.3833,-0.026075
6.4000,-0.025987
6.4167,-0.025899
6.4333,-0.025812
6.4500,-0.025725
6.4667,-0.025638
6.4833,-0.025552
6.5000,-0.025466
6.5167,-0.025381
6.5333,-0.025297
6.5500,-0.025212
6.5667,-0.025129
6.5833,-0.025045
6.6000,-0.024962
6.6167,-0.024879
6.6333,-0.024797
6.6500,-0.024714
6.6667,-0.024632
6.6833,-0.024550
6.7000,-0.024468
6.7167,-0.024388
6.7333,-0.024306
6.7500,-0.024225
6.7667,-0.024146
6.7833,-0.024065
6.8000,-0.023986
6.8167,-0.023905
6.8333,-0.023827
6.8500,-0.023748
6.8667,-0.023669
6.8833,-0.023590
6.9000,-0.023512
6.9167,-0.023434
6.9333,-0.023356
6.9500,-0.023279
6.9667,-0.023201
6.9833,-0.023125
7.0000,-0.023048
7.0167,-0.022969
7.0333,-0.022891
7.0500,-0.022812
7.0667,-0.022734
7.0833,-0.022657
7.1000,-0.022580
7.1167,-0.022503
7.1333,-0.022427
7.1500,-0.022350
7.1667,-0.022274
7.1833,-0.022198
7.2000,-0.022123
7.2167,-0.022048
7.2333,-0.021973
7.2500,-0.021898
7.2667,-0.021823
7.2833,-0.021750
7.3000,-0.021676
7.3167,-0.021602
7.3333,-0.021529
7.3500,-0.021455
7.3667,-0.021383
7.3833,-0.021311
7.4000,-0.021238
7.4167,-0.021167
7.4333,-0.021094
7.4500,-0.021023
7.4667,-0.020952
7.4833,-0.020881
7.5000,-0.020810
7.5167,-0.020735
7.5333,-0.020660
7.5500,-0.020586
7.5667,-0.020512
7.5833,-0.020439
7.6000,-0.020366
7.6167,-0.020293
7.6333,-0.020221
7.6500,-0.020148
7.6667,-0.020077
7.6833,-0.020006
7.7000,-0.019934
7.7167,-0.019864
7.7333,-0.019793
7.7500,-0.019723
7.7667,-0.019654
7.7833,-0.019584
7.8000,-0.019515
7.8167,-0.019446
7.8333,-0.019377
7.8500,-0.019308
7.8667,-0.019240
7.8833,-0.019172
7.9000,-0.019105
7.9167,-0.019037
7.9333,-0.018970
7.9500,-0.018904
7.9667,-0.018836
7.9833,-0.018770
8.0000,-0.018704
8.0167,-0.018640
8.0333,-0.018576
8.0500,-0.018512
8.0667,-0.018448
8.0833,-0.018384
8.1000,-0.018320
8.1167,-0.018257
8.1333,-0.018195
8.1500,-0.018131
8.1667,-0.018068
8.1833,-0.018006
8.2000,-0.017944
8.2167,-0.017882
8.2333,-0.017820
8.2500,-0.017758
8.2667,-0.017697
8.2833,-0.017636
8.3000,-0.017575
8.3167,-0.017515
8.3333,-0.017454
8.3500,-0.017393
8.3667,-0.017333
8.3833,-0.017274
8.4000,-0.017214
8.4167,-0.017154
8.4333,-0.017096
8.4500,-0.017036
8.4667,-0.016978
8.4833,-0.016919
8.5000,-0.016861
8.5167,-0.016800
8.5333,-0.016739
8.5500,-0.016680
8.5667,-0.016620
8.5833,-0.016560
8.6000,-0.016501
8.6167,-0.016443
8.6333,-0.016384
8.6500,-0.016326
8.6667,-0.016267
8.6833,-0.016210
8.7000,-0.016152
8.7167,-0.016094
8.7333,-0.016037
8.7500,-0.015980
8.7667,-0.015923
8.7833,-0.015867
8.8000,-0.015810
8.8167,-0.015755
8.8333,-0.015698
8.8500,-0.015643
8.8667,-0.015588
8.8833,-0.015532
8.9000,-0.015477
8.9167,-0.015422
8.9333,-0.015367
8.9500,-0.015314
8.9667,-0.015259
8.9833,-0.015205
9.0000,-0.015152
9.0167,-0.015099
9.0333,-0.015046
9.0500,-0.014995
9.0667,-0.014942
9.0833,-0.014890
9.1000,-0.014839
9.1167,-0.014786
9.1333,-0.014735
9.1500,-0.014684
9.1667,-0.014632
9.1833,-0.014582
9.2000,-0.014531
9.2167,-0.014481
9.2333,-0.014430
9.2500,-0.014380
9.2667,-0.014330
9.2833,-0.014280
9.3000,-0.014231
9.3167,-0.014181
9.3333,-0.014131
9.3500,-0.014082
9.3667,-0.014034
9.3833,-0.013985
9.4000,-0.013936
9.4167,-0.013888
9.4333,-0.013839
9.4500,-0.013791
9.4667,-0.013743
9.4833,-0.013695
9.5000,-0.013648
9.5167,-0.013599
9.5333,-0.013551
9.5500,-0.013502
9.5667,-0.013455
9.5833,-0.013407
9.6000,-0.013360
9.6167,-0.013313
9.6333,-0.013266
9.6500,-0.013220
9.6667,-0.013173
9.6833,-0.013126
9.7000,-0.013079
9.7167,-0.013034
9.7333,-0.012988
9.7500,-0.012942
9.7667,-0.012896
9.7833,-0.012850
9.8000,-0.012805
9.8167,-0.012760
9.8333,-0.012716
9.8500,-0.012671
9.8667,-0.012626
9.8833,-0.012581
9.9000,-0.012537
9.9167,-0.012492
9.9333,-0.012449
9.9500,-0.012405
9.9667,-0.012362
9.9833,-0.012318
10.0000,-0.012275
10.0167,-0.012231
10.0333,-0.012187
10.0500,-0.012145
10.0667,-0.012101
10.0833,-0.012059
10.1000,-0.012016
10.1167,-0.011973
10.1333,-0.011931
10.1500,-0.011889
10.1667,-0.011846
10.1833,-0.011805
10.2000,-0.011763
10.2167,-0.011722
10.2333,-0.011680
10.2500,-0.011638
10.2667,-0.011598
10.2833,-0.011557
10.3000,-0.011516
10.3167,-0.011475
10.3333,-0.011434
10.3500,-0.011394
10.3667,-0.011354
10.3833,-0.011314
10.4000,-0.011274
10.4167,-0.011234
10.4333,-0.011195
10.4500,-0.011155
10.4667,-0.011116
10.4833,-0.011077
10.5000,-0.011038
10.5167,-0.010998
10.5333,-0.010959
10.5500,-0.010921
10.5667,-0.010882
10.5833,-0.010843
10.6000,-0.010805
10.6167,-0.010766
10.6333,-0.010728
10.6500,-0.010690
10.6667,-0.010653
10.6833,-0.010615
10.7000,-0.010577
10.7167,-0.010540
10.7333,-0.010503
10.7500,-0.010465
10.7667,-0.010429
10.7833,-0.010391
10.8000,-0.010355
10.8167,-0.010318
10.8333,-0.010282
10.8500,-0.010245
10.8667,-0.010210
10.8833,-0.010174
10.9000,-0.010138
10.9167,-0.010102
10.9333,-0.010067
10.9500,-0.010031
10.9667,-0.009996
10.9833,-0.009961
11.0000,-0.009926
11.0167,-0.009891
11.0333,-0.009857
11.0500,-0.009822
11.0667,-0.009789
11.0833,-0.009754
11.1000,-0.009720
11.1167,-0.009686
11.1333,-0.009653
11.1500,-0.009619
11.1667,-0.009586
11.1833,-0.009552
11.2000,-0.009519
11.2167,-0.009486
11.2333,-0.009453
11.2500,-0.009420
11.2667,-0.009388
11.2833,-0.009355
11.3000,-0.009323
11.3167,-0.009290
11.3333,-0.009257
11.3500,-0.009226
11.3667,-0.009194
11.3833,-0.009161
11.4000,-0.009130
11.4167,-0.009098
11.4333,-0.009067
11.4500,-0.009036
11.4667,-0.009005
11.4833,-0.008973
11.5000,-0.008942
11.5167,-0.008911
11.5333,-0.008879
11.5500,-0.008849
11.5667,-0.008817
11.5833,-0.008787
11.6000,-0.008755
11.6167,-0.008724
11.6333,-0.008694
11.6500,-0.008664
11.6667,-0.008634
11.6833,-0.008603
11.7000,-0.008573
11.7167,-0.008543
11.7333,-0.008514
11.7500,-0.008484
11.7667,-0.008455
11.7833,-0.008425
11.8000,-0.008395
11.8167,-0.008366
11.8333,-0.008337
11.8500,-0.008308
11.8667,-0.008279
11.8833,-0.008250
11.9000,-0.008222
11.9167,-0.008193
11.9333,-0.008165
11.9500,-0.008136
11.9667,-0.008108
11.9833,-0.008080
12.0000,-0.008052
12.0167,-0.008024
12.0333,-0.007996
12.0500,-0.007968
12.0667,-0.007940
12.0833,-0.007913
12.1000,-0.007885
12.1167,-0.007857
12.1333,-0.007830
12.1500,-0.007803
12.1667,-0.007775
12.1833,-0.007749
12.2000,-0.007722
12.2167,-0.007695
12.2333,-0.007669
12.2500,-0.007642
12.2667,-0.007616
12.2833,-0.007589
12.3000,-0.007563
12.3167,-0.007536
12.3333,-0.007511
12.3500,-0.007485
12.3667,-0.007459
12.3833,-0.007433
12.4000,-0.007408
12.4167,-0.007382
12.4333,-0.007356
12.4500,-0.007331
12.4667,-0.007306
12.4833,-0.007281
12.5000,-0.007256
12.5167,-0.007231
12.5333,-0.007207
12.5500,-0.007181
12.5667,-0.007157
12.5833,-0.007133
12.6000,-0.007108
12.6167,-0.007084
12.6333,-0.007059
12.6500,-0.007035
12.6667,-0.007012
12.6833,-0.006987
12.7000,-0.006964
12.7167,-0.006940
12.7333,-0.006916
12.7500,-0.006893
12.7667,-0.006870
12.7833,-0.006846
12.8000,-0.006823
12.8167,-0.006800
12.8333,-0.006776
12.8500,-0.006753
12.8667,-0.006731
12.8833,-0.006708
12.9000,-0.006685
12.9167,-0.006662
12.9333,-0.006640
12.9500,-0.006618
12.9667,-0.006596
12.9833,-0.006574
13.0000,-0.006551
13.0167,-0.006529
13.0333,-0.006508
13.0500,-0.006486
13.0667,-0.006463
13.0833,-0.006442
13.1000,-0.006421
13.1167,-0.006398
13.1333,-0.006377
13.1500,-0.006356
13.1667,-0.006335
13.1833,-0.006313
13.2000,-0.006292
13.2167,-0.006272
13.2333,-0.006250
13.2500,-0.006230
13.2667,-0.006209
13.2833,-0.006188
13.3000,-0.006167
13.3167,-0.006147
13.3333,-0.006127
13.3500,-0.006106
13.3667,-0.006086
13.3833,-0.006066
13.4000,-0.006045
13.4167,-0.006026
13.4333,-0.006006
13.4500,-0.005986
13.4667,-0.005966
13.4833,-0.005946
13.5000,-0.005927
13.5167,-0.005907
13.5333,-0.005888
13.5500,-0.005868
13.5667,-0.005848
13.5833,-0.005829
13.6000,-0.005809
13.6167,-0.005790
13.6333,-0.005771
13.6500,-0.005753
13.6667,-0.005733
13.6833,-0.005714
13.7000,-0.005696
13.7167,-0.005676
13.7333,-0.005658
13.7500,-0.005640
13.7667,-0.005621
13.7833,-0.005602
13.8000,-0.005584
13.8167,-0.005566
13.8333,-0.005547
13.8500,-0.005530
13.8667,-0.005512
13.8833,-0.005493
13.9000,-0.005475
13.9167,-0.005457
13.9333,-0.005440
13.9500,-0.005422
13.9667,-0.005404
13.9833,-0.005387
14.0000,-0.005369
14.0167,-0.005351
14.0333,-0.005335
14.0500,-0.005317
14.0667,-0.005300
14.0833,-0.005284
14.1000,-0.005267
14.1167,-0.005250
14.1333,-0.005232
14.1500,-0.005216
14.1667,-0.005199
14.1833,-0.005182
14.2000,-0.005166
14.2167,-0.005150
14.2333,-0.005133
14.2500,-0.005117
14.2667,-0.005100
14.2833,-0.005084
14.3000,-0.005068
14.3167,-0.005052
14.3333,-0.005036
14.3500,-0.005020
14.3667,-0.005004
14.3833,-0.004989
14.4000,-0.004973
14.4167,-0.004957
14.4333,-0.004941
14.4500,-0.004926
14.4667,-0.004911
14.4833,-0.004895
14.5000,-0.004880
14.5167,-0.004864
14.5333,-0.004849
14.5500,-0.004833
14.5667,-0.004818
14.5833,-0.004802
14.6000,-0.004788
14.6167,-0.004772
14.6333,-0.004757
14.6500,-0.004742
14.6667,-0.004727
14.6833,-0.004712
14.7000,-0.004698
14.7167,-0.004683
14.7333,-0.004668
14.7500,-0.004654
14.7667,-0.004638
14.7833,-0.004625
14.8000,-0.004609
14.8167,-0.004595
14.8333,-0.004581
14.8500,-0.004567
14.8667,-0.004552
14.8833,-0.004538
14.9000,-0.004524
14.9167,-0.004510
14.9333,-0.004496
14.9500,-0.004482
14.9667,-0.004468
14.9833,-0.004455
15.0000,-0.004440
15.0167,-0.004427
15.0333,-0.004413
15.0500,-0.004399
15.0667,-0.004386
15.0833,-0.004372
15.1000,-0.004359
15.1167,-0.004345
15.1333,-0.004332
15.1500,-0.004319
15.1667,-0.004305
15.1833,-0.004293
15.2000,-0.004279
15.2167,-0.004266
15.2333,-0.004253
15.2500,-0.004240
15.2667,-0.004227
15.2833,-0.004214
15.3000,-0.004202
15.3167,-0.004189
15.3333,-0.004176
15.3500,-0.004164
15.3667,-0.004151
15.3833,-0.004138
15.4000,-0.004125
15.4167,-0.004113
15.4333,-0.004101
15.4500,-0.004088
15.4667,-0.004076
15.4833,-0.004063
15.5000,-0.004051
15.5167,-0.004039
15.5333,-0.004027
15.5500,-0.004014
15.5667,-0.004003
15.5833,-0.003991
15.6000,-0.003978
15.6167,-0.003966
15.6333,-0.003955
15.6500,-0.003942
15.6667,-0.003931
15.6833,-0.003919
15.7000,-0.003907
15.7167,-0.003895
15.7333,-0.003884
15.7500,-0.003872
15.7667,-0.003860
15.7833,-0.003848
15.8000,-0.003837
15.8167,-0.003825
15.8333,-0.003814
15.8500,-0.003803
15.8667,-0.003792
15.8833,-0.003781
15.9000,-0.003769
15.9167,-0.003758
15.9333,-0.003747
15.9500,-0.003736
15.9667,-0.003725
15.9833,-0.003714
16.0000,-0.003703
16.0167,-0.003692
16.0333,-0.003681
16.0500,-0.003670
16.0667,-0.003659
16.0833,-0.003648
16.1000,-0.003638
16.1167,-0.003627
16.1333,-0.003617
16.1500,-0.003605
16.1667,-0.003595
16.1833,-0.003584
16.2000,-0.003575
16.2167,-0.003564
16.2333,-0.003553
16.2500,-0.003543
16.2667,-0.003533
16.2833,-0.003522
16.3000,-0.003512
16.3167,-0.003502
16.3333,-0.003492
16.3500,-0.003482
16.3667,-0.003472
16.3833,-0.003462
16.4000,-0.003451
16.4167,-0.003442
16.4333,-0.003431
16.4500,-0.003422
16.4667,-0.003412
16.4833,-0.003403
16.5000,-0.003393
16.5167,-0.003382
16.5333,-0.003373
16.5500,-0.003363
16.5667,-0.003354
16.5833,-0.003344
16.6000,-0.003334
16.6167,-0.003325
16.6333,-0.003315
16.6500,-0.003306
16.6667,-0.003296
16.6833,-0.003287
16.7000,-0.003277
16.7167,-0.003267
16.7333,-0.003259
16.7500,-0.003249
16.7667,-0.003240
16.7833,-0.003231
16.8000,-0.003221
16.8167,-0.003213
16.8333,-0.003203
16.8500,-0.003194
16.8667,-0.003185
16.8833,-0.003176
16.9000,-0.003168
16.9167,-0.003158
16.9333,-0.003149
16.9500,-0.003141
16.9667,-0.003132
16.9833,-0.003122
17.0000,-0.003114
17.0167,-0.003106
17.0333,-0.003097
17.0500,-0.003088
17.0667,-0.003080
17.0833,-0.003071
17.1000,-0.003063
17.1167,-0.003054
17.1333,-0.003046
17.1500,-0.003037
17.1667,-0.003029
17.1833,-0.003021
17.2000,-0.003012
17.2167,-0.003004
17.2333,-0.002996
17.2500,-0.002988
17.2667,-0.002980
17.2833,-0.002971
17.3000,-0.002963
17.3167,-0.002955
17.3333,-0.002947
17.3500,-0.002939
17.3667,-0.002931
17.3833,-0.002923
17.4000,-0.002915
17.4167,-0.002908
17.4333,-0.002899
17.4500,-0.002892
17.4667,-0.002883
17.4833,-0.002876
17.5000,-0.002868
17.5167,-0.002860
17.5333,-0.002852
17.5500,-0.002846
17.5667,-0.002837
17.5833,-0.002830
17.6000,-0.002822
17.6167,-0.002814
17.6333,-0.002807
17.6500,-0.002799
17.6667,-0.002792
17.6833,-0.002784
17.7000,-0.002777
17.7167,-0.002769
17.7333,-0.002763
17.7500,-0.002755
17.7667,-0.002748
17.7833,-0.002741
17.8000,-0.002733
17.8167,-0.002726
17.8333,-0.002718
17.8500,-0.002711
17.8667,-0.002704
17.8833,-0.002697
17.9000,-0.002690
17.9167,-0.002683
17.9333,-0.002676
17.9500,-0.002669
17.9667,-0.002662
17.9833,-0.002655
18.0000,-0.002648
18.0167,-0.002641
18.0333,-0.002634
18.0500,-0.002627
18.0667,-0.002620
18.0833,-0.002613
18.1000,-0.002607
18.1167,-0.002599
18.1333,-0.002593
18.1500,-0.002586
18.1667,-0.002579
18.1833,-0.002572
18.2000,-0.002566
18.2167,-0.002559
18.2333,-0.002552
18.2500,-0.002545
18.2667,-0.002539
18.2833,-0.002533
18.3000,-0.002525
18.3167,-0.002519
18.3333,-0.002513
18.3500,-0.002506
18.3667,-0.002499
18.3833,-0.002493
18.4000,-0.002487
18.4167,-0.002480
18.4333,-0.002474
18.4500,-0.002468
18.4667,-0.002461
18.4833,-0.002455
18.5000,-0.002448
18.5167,-0.002442
18.5333,-0.002436
18.5500,-0.002430
18.5667,-0.002424
18.5833,-0.002417
18.6000,-0.002411
18.6167,-0.002405
18.6333,-0.002399
18.6500,-0.002392
18.6667,-0.002387
18.6833,-0.002380
18.7000,-0.002374
18.7167,-0.002369
18.7333,-0.002362
18.7500,-0.002356
18.7667,-0.002351
18.7833,-0.002345
18.8000,-0.002339
18.8167,-0.002333
18.8333,-0.002327
18.8500,-0.002321
18.8667,-0.002315
18.8833,-0.002310
18.9000,-0.002303
18.9167,-0.002298
18.9333,-0.002292
18.9500,-0.002286
18.9667,-0.002281
18.9833,-0.002275
19.0000,-0.002269
19.0167,-0.002264
19.0333,-0.002258
19.0500,-0.002253
19.0667,-0.002247
19.0833,-0.002241
19.1000,-0.002236
19.1167,-0.002230
19.1333,-0.002224
19.1500,-0.002219
19.1667,-0.002214
19.1833,-0.002209
19.2000,-0.002203
19.2167,-0.002198
19.2333,-0.002192
19.2500,-0.002187
19.2667,-0.002182
19.2833,-0.002176
19.3000,-0.002170
19.3167,-0.002165
19.3333,-0.002160
19.3500,-0.002155
19.3667,-0.002150
19.3833,-0.002144
19.4000,-0.002139
19.4167,-0.002134
19.4333,-0.002129
19.4500,-0.002123
19.4667,-0.002118
19.4833,-0.002113
19.5000,-0.002108
19.5167,-0.002103
19.5333,-0.002098
19.5500,-0.002093
19.5667,-0.002088
19.5833,-0.002082
19.6000,-0.002077
19.6167,-0.002073
19.6333,-0.002067
19.6500,-0.002063
19.6667,-0.002058
19.6833,-0.002052
19.7000,-0.002048
19.7167,-0.002043
19.7333,-0.002038
19.7500,-0.002034
19.7667,-0.002028
19.7833,-0.002024
19.8000,-0.002018
19.8167,-0.002014
19.8333,-0.002009
19.8500,-0.002005
19.8667,-0.002000
19.8833,-0.001995
19.9000,-0.001991
19.9167,-0.001986
19.9333,-0.001981
19.9500,-0.001976
19.9667,-0.001971
19.9833,-0.001967
20.0000,-0.001962
20.0167,-0.001958
20.0333,-0.001953
20.0500,-0.001948
20.0667,-0.001944
20.0833,-0.001940
20.1000,-0.001935
20.1167,-0.001930
20.1333,-0.001926
20.1500,-0.001921
20.1667,-0.001917
20.1833,-0.001913
20.2000,-0.001908
20.2167,-0.001904
20.2333,-0.001900
20.2500,-0.001895
20.2667,-0.001891
20.2833,-0.001887
20.3000,-0.001882
20.3167,-0.001878
20.3333,-0.001874
20.3500,-0.001869
20.3667,-0.001865
20.3833,-0.001861
20.4000,-0.001856
20.4167,-0.001851
20.4333,-0.001847
20.4500,-0.001844
20.4667,-0.001839
20.4833,-0.001835
20.5000,-0.001830
20.5167,-0.001827
20.5333,-0.001823
20.5500,-0.001818
20.5667,-0.001814
20.5833,-0.001810
20.6000,-0.001806
20.6167,-0.001802
20.6333,-0.001798
20.6500,-0.001794
20.6667,-0.001790
20.6833,-0.001786
20.7000,-0.001782
20.7167,-0.001778
20.7333,-0.001773
20.7500,-0.001769
20.7667,-0.001765
20.7833,-0.001762
20.8000,-0.001758
20.8167,-0.001754
20.8333,-0.001750
20.8500,-0.001746
20.8667,-0.001742
20.8833,-0.001738
20.9000,-0.001734
20.9167,-0.001730
20.9333,-0.001726
20.9500,-0.001723
20.9667,-0.001719
20.9833,-0.001715
21.0000,-0.001712
21.0167,-0.001707
21.0333,-0.001704
21.0500,-0.001700
21.0667,-0.001697
21.0833,-0.001692
21.1000,-0.001688
21.1167,-0.001685
21.1333,-0.001681
21.1500,-0.001678
21.1667,-0.001674
21.1833,-0.001670
21.2000,-0.001667
21.2167,-0.001663
21.2333,-0.001659
21.2500,-0.001655
21.2667,-0.001652
21.2833,-0.001648
21.3000,-0.001644
21.3167,-0.001641
21.3333,-0.001638
21.3500,-0.001634
21.3667,-0.001630
21.3833,-0.001627
21.4000,-0.001624
21.4167,-0.001620
21.4333,-0.001616
21.4500,-0.001613
21.4667,-0.001610
21.4833,-0.001606
21.5000,-0.001602
21.5167,-0.001599
21.5333,-0.001596
21.5500,-0.001592
21.5667,-0.001588
21.5833,-0.001585
21.6000,-0.001582
21.6167,-0.001578
21.6333,-0.001576
21.6500,-0.001572
21.6667,-0.001568
21.6833,-0.001565
21.7000,-0.001562
21.7167,-0.001559
21.7333,-0.001556
21.7500,-0.001552
21.7667,-0.001548
21.7833,-0.001546
21.8000,-0.001542
21.8167,-0.001539
21.8333,-0.001535
21.8500,-0.001532
21.8667,-0.001529
21.8833,-0.001526
21.9000,-0.001522
21.9167,-0.001520
21.9333,-0.001517
21.9500,-0.001513
21.9667,-0.001510
21.9833,-0.001507
22.0000,-0.001503
22.0167,-0.001500
22.0333,-0.001497
22.0500,-0.001494
22.0667,-0.001491
22.0833,-0.001488
22.1000,-0.001484
22.1167,-0.001482
22.1333,-0.001478
22.1500,-0.001475
22.1667,-0.001472
22.1833,-0.001469
22.2000,-0.001466
22.2167,-0.001463
22.2333,-0.001460
22.2500,-0.001457
22.2667,-0.001453
22.2833,-0.001451
22.3000,-0.001448
22.3167,-0.001444
22.3333,-0.001441
22.3500,-0.001439
22.3667,-0.001435
22.3833,-0.001433
22.4000,-0.001429
22.4167,-0.001427
22.4333,-0.001423
22.4500,-0.001421
22.4667,-0.001417
22.4833,-0.001415
22.5000,-0.001412
22.5167,-0.001409
22.5333,-0.001407
22.5500,-0.001404
22.5667,-0.001401
22.5833,-0.001398
22.6000,-0.001395
22.6167,-0.001392
22.6333,-0.001389
22.6500,-0.001387
22.6667,-0.001384
22.6833,-0.001381
22.7000,-0.001378
22.7167,-0.001375
22.7333,-0.001373
22.7500,-0.001370
22.7667,-0.001367
22.7833,-0.001364
22.8000,-0.001362
22.8167,-0.001359
22.8333,-0.001356
22.8500,-0.001353
22.8667,-0.001351
22.8833,-0.001348
22.9000,-0.001345
22.9167,-0.001342
22.9333,-0.001340
22.9500,-0.001338
22.9667,-0.001335
22.9833,-0.001332
23.0000,-0.001329
23.0167,-0.001326
23.0333,-0.001324
23.0500,-0.001321
23.0667,-0.001319
23.0833,-0.001316
23.1000,-0.001314
23.1167,-0.001311
23.1333,-0.001308
23.1500,-0.001306
23.1667,-0.001303
23.1833,-0.001300
23.2000,-0.001298
23.2167,-0.001295
23.2333,-0.001292
23.2500,-0.001290
23.2667,-0.001288
23.2833,-0.001284
23.3000,-0.001283
23.3167,-0.001280
23.3333,-0.001277
23.3500,-0.001275
23.3667,-0.001273
23.3833,-0.001270
23.4000,-0.001267
23.4167,-0.001265
23.4333,-0.001262
23.4500,-0.001260
23.4667,-0.001258
23.4833,-0.001255
23.5000,-0.001252
23.5167,-0.001250
23.5333,-0.001247
23.5500,-0.001246
23.5667,-0.001243
23.5833,-0.001241
23.6000,-0.001238
23.6167,-0.001235
23.6333,-0.001233
23.6500,-0.001231
23.6667,-0.001229
23.6833,-0.001227
23.7000,-0.001224
23.7167,-0.001221
23.7333,-0.001219
23.7500,-0.001217
23.7667,-0.001215
23.7833,-0.001212
23.8000,-0.001210
23.8167,-0.001208
23.8333,-0.001205
23.8500,-0.001203
23.8667,-0.001201
23.8833,-0.001199
23.9000,-0.001196
23.9167,-0.001194
23.9333,-0.001192
23.9500,-0.001189
23.9667,-0.001188
23.9833,-0.001185
24.0000,-0.001183
24.0167,-0.001181
24.0333,-0.001178
24.0500,-0.001176
24.0667,-0.001174
24.0833,-0.001171
24.1000,-0.001170
24.1167,-0.001168
24.1333,-0.001165
24.1500,-0.001162
24.1667,-0.001160
24.1833,-0.001159
24.2000,-0.001157
24.2167,-0.001154
24.2333,-0.001152
24.2500,-0.001150
24.2667,-0.001147
24.2833,-0.001146
24.3000,-0.001143
24.3167,-0.001141
24.3333,-0.001139
24.3500,-0.001137
24.3667,-0.001135
24.3833,-0.001132
24.4000,-0.001131
24.4167,-0.001128
24.4333,-0.001126
24.4500,-0.001124
24.4667,-0.001122
24.4833,-0.001120
24.5000,-0.001118
24.5167,-0.001116
24.5333,-0.001114
24.5500,-0.001112
24.5667,-0.001110
24.5833,-0.001108
24.6000,-0.001106
24.6167,-0.001104
24.6333,-0.001102
24.6500,-0.001100
24.6667,-0.001098
24.6833,-0.001096
24.7000,-0.001094
24.7167,-0.001091
24.7333,-0.001090
24.7500,-0.001088
24.7667,-0.001086
24.7833,-0.001084
24.8000,-0.001082
24.8167,-0.001080
24.8333,-0.001078
24.8500,-0.001077
24.8667,-0.001074
24.8833,-0.001072
24.9000,-0.001070
24.9167,-0.001068
24.9333,-0.001067
24.9500,-0.001064
24.9667,-0.001063
24.9833,-0.001061
25.0000,-0.001059
25.0167,-0.001057
25.0333,-0.001055
25.0500,-0.001053
25.0667,-0.001052
25.0833,-0.001050
25.1000,-0.001047
25.1167,-0.001045
25.1333,-0.001044
25.1500,-0.001042
25.1667,-0.001040
25.1833,-0.001038
25.2000,-0.001036
25.2167,-0.001035
25.2333,-0.001033
25.2500,-0.001030
25.2667,-0.001029
25.2833,-0.001027
25.3000,-0.001025
25.3167,-0.001023
25.3333,-0.001021
25.3500,-0.001020
25.3667,-0.001017
25.3833,-0.001016
25.4000,-0.001015
25.4167,-0.001012
25.4333,-0.001010
25.4500,-0.001009
25.4667,-0.001007
25.4833,-0.001006
25.5000,-0.001004
25.5167,-0.001002
25.5333,-0.001000
25.5500,-0.000999
25.5667,-0.000997
25.5833,-0.000995
25.6000,-0.000993
25.6167,-0.000992
25.6333,-0.000990
25.6500,-0.000988
25.6667,-0.000986
25.6833,-0.000984
25.7000,-0.000983
25.7167,-0.000981
25.7333,-0.000979
25.7500,-0.000978
25.7667,-0.000976
25.7833,-0.000974
25.8000,-0.000973
25.8167,-0.000970
25.8333,-0.000969
25.8500,-0.000967
25.8667,-0.000965
25.8833,-0.000964
25.9000,-0.000962
25.9167,-0.000960
25.9333,-0.000959
25.9500,-0.000957
25.9667,-0.000956
25.9833,-0.000955
26.0000,-0.000953
26.0167,-0.000951
26.0333,-0.000950
26.0500,-0.000948
26.0667,-0.000946
26.0833,-0.000944
26.1000,-0.000943
26.1167,-0.000941
26.1333,-0.000939
26.1500,-0.000938
26.1667,-0.000936
26.1833,-0.000935
26.2000,-0.000933
26.2167,-0.000931
26.2333,-0.000930
26.2500,-0.000928
26.2667,-0.000926
26.2833,-0.000925
26.3000,-0.000924
26.3167,-0.000922
26.3333,-0.000921
26.3500,-0.000919
26.3667,-0.000918
26.3833,-0.000916
26.4000,-0.000914
26.4167,-0.000913
26.4333,-0.000911
26.4500,-0.000909
26.4667,-0.000908
26.4833,-0.000907
26.5000,-0.000905
26.5167,-0.000904
26.5333,-0.000902
26.5500,-0.000900
26.5667,-0.000900
26.5833,-0.000898
26.6000,-0.000896
26.6167,-0.000895
26.6333,-0.000893
26.6500,-0.000891
26.6667,-0.000890
26.6833,-0.000889
26.7000,-0.000888
26.7167,-0.000886
26.7333,-0.000885
26.7500,-0.000883
26.7667,-0.000882
26.7833,-0.000880
26.8000,-0.000879
26.8167,-0.000877
26.8333,-0.000876
26.8500,-0.000874
26.8667,-0.000873
26.8833,-0.000871
26.9000,-0.000870
26.9167,-0.000869
26.9333,-0.000867
26.9500,-0.000866
26.9667,-0.000864
26.9833,-0.000863
27.0000,-0.000862
27.0167,-0.000860
27.0333,-0.000858
27.0500,-0.000857
27.0667,-0.000856
27.0833,-0.000855
27.1000,-0.000854
27.1167,-0.000852
27.1333,-0.000851
27.1500,-0.000849
27.1667,-0.000848
27.1833,-0.000847
27.2000,-0.000845
27.2167,-0.000844
27.2333,-0.000842
27.2500,-0.000841
27.2667,-0.000839
27.2833,-0.000838
27.3000,-0.000837
27.3167,-0.000835
27.3333,-0.000835
27.3500,-0.000833
27.3667,-0.000832
27.3833,-0.000830
27.4000,-0.000828
27.4167,-0.000827
27.4333,-0.000826
27.4500,-0.000825
27.4667,-0.000824
27.4833,-0.000822
27.5000,-0.000820
27.5167,-0.000820
27.5333,-0.000819
27.5500,-0.000817
27.5667,-0.000815
27.5833,-0.000814
27.6000,-0.000813
27.6167,-0.000812
27.6333,-0.000810
27.6500,-0.000809
27.6667,-0.000808
27.6833,-0.000807
27.7000,-0.000805
27.7167,-0.000804
27.7333,-0.000803
27.7500,-0.000801
27.7667,-0.000800
27.7833,-0.000798
27.8000,-0.000797
27.8167,-0.000796
27.8333,-0.000795
27.8500,-0.000794
27.8667,-0.000793
27.8833,-0.000791
27.9000,-0.000790
27.9167,-0.000789
27.9333,-0.000787
27.9500,-0.000787
27.9667,-0.000785
27.9833,-0.000784
28.0000,-0.000783
28.0167,-0.000781
28.0333,-0.000780
28.0500,-0.000779
28.0667,-0.000778
28.0833,-0.000777
28.1000,-0.000776
28.1167,-0.000774
28.1333,-0.000773
28.1500,-0.000772
28.1667,-0.000770
28.1833,-0.000769
28.2000,-0.000768
28.2167,-0.000767
28.2333,-0.000766
28.2500,-0.000764
28.2667,-0.000763
28.2833,-0.000763
28.3000,-0.000761
28.3167,-0.000759
28.3333,-0.000759
28.3500,-0.000758
28.3667,-0.000756
28.3833,-0.000755
28.4000,-0.000754
28.4167,-0.000753
28.4333,-0.000752
28.4500,-0.000750
28.4667,-0.000749
28.4833,-0.000748
28.5000,-0.000747
28.5167,-0.000746
28.5333,-0.000745
28.5500,-0.000744
28.5667,-0.000742
28.5833,-0.000742
28.6000,-0.000741
28.6167,-0.000739
28.6333,-0.000738
28.6500,-0.000737
28.6667,-0.000736
28.6833,-0.000735
28.7000,-0.000733
28.7167,-0.000732
28.7333,-0.000732
28.7500,-0.000730
28.7667,-0.000729
28.7833,-0.000728
28.8000,-0.000727
28.8167,-0.000726
28.8333,-0.000724
28.8500,-0.000723
28.8667,-0.000722
28.8833,-0.000721
28.9000,-0.000720
28.9167,-0.000719
28.9333,-0.000719
28.9500,-0.000717
28.9667,-0.000716
28.9833,-0.000715
29.0000,-0.000714
29.0167,-0.000713
29.0333,-0.000712
29.0500,-0.000711
29.0667,-0.000710
29.0833,-0.000709
29.1000,-0.000708
29.1167,-0.000707
29.1333,-0.000705
29.1500,-0.000704
29.1667,-0.000703
29.1833,-0.000703
29.2000,-0.000701
29.2167,-0.000701
29.2333,-0.000700
29.2500,-0.000699
29.2667,-0.000698
29.2833,-0.000697
29.3000,-0.000695
29.3167,-0.000695
29.3333,-0.000693
29.3500,-0.000693
29.3667,-0.000691
29.3833,-0.000691
29.4000,-0.000689
29.4167,-0.000689
29.4333,-0.000688
29.4500,-0.000687
29.4667,-0.000686
29.4833,-0.000685
29.5000,-0.000684
29.5167,-0.000683
29.5333,-0.000681
29.5500,-0.000681
29.5667,-0.000680
29.5833,-0.000678
29.6000,-0.000678
29.6167,-0.000676
29.6333,-0.000675
29.6500,-0.000674
29.6667,-0.000674
29.6833,-0.000672
29.7000,-0.000671
29.7167,-0.000671
29.7333,-0.000670
29.7500,-0.000669
29.7667,-0.000668
29.7833,-0.000666
29.8000,-0.000666
29.8167,-0.000665
29.8333,-0.000664
29.8500,-0.000663
29.8667,-0.000662
29.8833,-0.000661
29.9000,-0.000660
29.9167,-0.000659
29.9333,-0.000658
29.9500,-0.000657
29.9667,-0.000657
29.9833,-0.000655
30.0000,-0.000655
30.0167,-0.000654
30.0333,-0.000652
30.0500,-0.000652
30.0667,-0.000651
30.0833,-0.000650
30.1000,-0.000649
30.1167,-0.000648
30.1333,-0.000647
30.1500,-0.000646
30.1667,-0.000645
30.1833,-0.000644
30.2000,-0.000643
30.2167,-0.000642
30.2333,-0.000642
30.2500,-0.000640
30.2667,-0.000639
30.2833,-0.000638
30.3000,-0.000638
30.3167,-0.000637
30.3333,-0.000636
30.3500,-0.000635
30.3667,-0.000634
30.3833,-0.000633
30.4000,-0.000633
30.4167,-0.000631
30.4333,-0.000631
30.4500,-0.000630
30.4667,-0.000629
30.4833,-0.000628
30.5000,-0.000627
30.5167,-0.000626
30.5333,-0.000626
30.5500,-0.000625
30.5667,-0.000624
30.5833,-0.000623
30.6000,-0.000622
30.6167,-0.000621
30.6333,-0.000620
30.6500,-0.000620
30.6667,-0.000619
30.6833,-0.000618
30.7000,-0.000617
30.7167,-0.000616
30.7333,-0.000615
30.7500,-0.000614
30.7667,-0.000614
30.7833,-0.000613
30.8000,-0.000612
30.8167,-0.000611
30.8333,-0.000610
30.8500,-0.000609
30.8667,-0.000608
30.8833,-0.000607
30.9000,-0.000607
30.9167,-0.000606
30.9333,-0.000606
30.9500,-0.000604
30.9667,-0.000604
30.9833,-0.000603
31.0000,-0.000602
31.0167,-0.000601
31.0333,-0.000600
31.0500,-0.000600
31.0667,-0.000598
31.0833,-0.000597
31.1000,-0.000597
31.1167,-0.000596
31.1333,-0.000595
31.1500,-0.000594
31.1667,-0.000594
31.1833,-0.000592
31.2000,-0.000592
31.2167,-0.000591
31.2333,-0.000591
31.2500,-0.000589
31.2667,-0.000588
31.2833,-0.000587
31.3000,-0.000587
31.3167,-0.000587
31.3333,-0.000586
31.3500,-0.000585
31.3667,-0.000584
31.3833,-0.000584
31.4000,-0.000582
31.4167,-0.000581
31.4333,-0.000581
31.4500,-0.000580
31.4667,-0.000579
31.4833,-0.000578
31.5000,-0.000578
31.5167,-0.000577
31.5333,-0.000577
31.5500,-0.000575
31.5667,-0.000574
31.5833,-0.000574
31.6000,-0.000573
31.6167,-0.000572
31.6333,-0.000572
31.6500,-0.000571
31.6667,-0.000570
31.6833,-0.000569
31.7000,-0.000568
31.7167,-0.000568
31.7333,-0.000567
31.7500,-0.000566
31.7667,-0.000566
31.7833,-0.000565
31.8000,-0.000564
31.8167,-0.000563
31.8333,-0.000563
31.8500,-0.000562
31.8667,-0.000561
31.8833,-0.000560
31.9000,-0.000559
31.9167,-0.000559
31.9333,-0.000558
31.9500,-0.000558
31.9667,-0.000556
31.9833,-0.000556
32.0000,-0.000555
32.0167,-0.000554
32.0333,-0.000553
32.0500,-0.000552
32.0667,-0.000553
32.0833,-0.000552
32.1000,-0.000551
32.1167,-0.000550
32.1333,-0.000550
32.1500,-0.000549
32.1667,-0.000548
32.1833,-0.000548
32.2000,-0.000546
32.2167,-0.000546
32.2333,-0.000545
32.2500,-0.000545
32.2667,-0.000543
32.2833,-0.000543
32.3000,-0.000543
32.3167,-0.000541
32.3333,-0.000541
32.3500,-0.000540
32.3667,-0.000540
32.3833,-0.000539
32.4000,-0.000538
32.4167,-0.000538
32.4333,-0.000537
32.4500,-0.000536
32.4667,-0.000535
32.4833,-0.000535
32.5000,-0.000534
32.5167,-0.000533
32.5333,-0.000533
32.5500,-0.000532
32.5667,-0.000531
32.5833,-0.000531
32.6000,-0.000530
32.6167,-0.000529
32.6333,-0.000529
32.6500,-0.000527
32.6667,-0.000527
32.6833,-0.000527
32.7000,-0.000526
32.7167,-0.000525
32.7333,-0.000524
32.7500,-0.000523
32.7667,-0.000523
32.7833,-0.000523
32.8000,-0.000522
32.8167,-0.000521
32.8333,-0.000520
32.8500,-0.000519
32.8667,-0.000519
32.8833,-0.000518
32.9000,-0.000518
32.9167,-0.000517
32.9333,-0.000517
32.9500,-0.000516
32.9667,-0.000515
32.9833,-0.000514
33.0000,-0.000514
33.0167,-0.000513
33.0333,-0.000512
33.0500,-0.000512
33.0667,-0.000511
33.0833,-0.000511
33.1000,-0.000510
33.1167,-0.000510
33.1333,-0.000508
33.1500,-0.000508
33.1667,-0.000508
33.1833,-0.000507
33.2000,-0.000506
33.2167,-0.000506
33.2333,-0.000504
33.2500,-0.000504
33.2667,-0.000503
33.2833,-0.000503
33.3000,-0.000502
33.3167,-0.000502
33.3333,-0.000501
33.3500,-0.000501
33.3667,-0.000500
33.3833,-0.000499
33.4000,-0.000498
33.4167,-0.000498
33.4333,-0.000497
33.4500,-0.000497
33.4667,-0.000496
33.4833,-0.000495
33.5000,-0.000495
33.5167,-0.000494
33.5333,-0.000493
33.5500,-0.000493
33.5667,-0.000492
33.5833,-0.000492
33.6000,-0.000491
33.6167,-0.000491
33.6333,-0.000490
33.6500,-0.000489
33.6667,-0.000489
33.6833,-0.000488
33.7000,-0.000488
33.7167,-0.000487
33.7333,-0.000487
33.7500,-0.000485
33.7667,-0.000485
33.7833,-0.000484
33.8000,-0.000484
33.8167,-0.000483
33.8333,-0.000483
33.8500,-0.000482
33.8667,-0.000482
33.8833,-0.000481
33.9000,-0.000480
33.9167,-0.000480
33.9333,-0.000480
33.9500,-0.000479
33.9667,-0.000478
33.9833,-0.000477
34.0000,-0.000477
34.0167,-0.000477
34.0333,-0.000476
34.0500,-0.000476
34.0667,-0.000475
34.0833,-0.000474
34.1000,-0.000474
34.1167,-0.000473
34.1333,-0.000472
34.1500,-0.000472
34.1667,-0.000471
34.1833,-0.000471
34.2000,-0.000470
34.2167,-0.000469
34.2333,-0.000469
34.2500,-0.000469
34.2667,-0.000467
34.2833,-0.000467
34.3000,-0.000467
34.3167,-0.000466
34.3333,-0.000466
34.3500,-0.000465
34.3667,-0.000465
34.3833,-0.000464
34.4000,-0.000464
34.4167,-0.000463
34.4333,-0.000462
34.4500,-0.000462
34.4667,-0.000461
34.4833,-0.000460
34.5000,-0.000461
34.5167,-0.000459
34.5333,-0.000459
34.5500,-0.000458
34.5667,-0.000458
34.5833,-0.000457
34.6000,-0.000457
34.6167,-0.000457
34.6333,-0.000455
34.6500,-0.000455
34.6667,-0.000455
34.6833,-0.000455
34.7000,-0.000453
34.7167,-0.000453
34.7333,-0.000452
34.7500,-0.000452
34.7667,-0.000452
34.7833,-0.000451
34.8000,-0.000451
34.8167,-0.000451
34.8333,-0.000449
34.8500,-0.000449
34.8667,-0.000449
34.8833,-0.000448
34.9000,-0.000448
34.9167,-0.000446
34.9333,-0.000446
34.9500,-0.000446
34.9667,-0.000446
34.9833,-0.000445
35.0000,-0.000444
35.0167,-0.000444
35.0333,-0.000443
35.0500,-0.000443
35.0667,-0.000443
35.0833,-0.000441
35.1000,-0.000441
35.1167,-0.000441
35.1333,-0.000440
35.1500,-0.000440
35.1667,-0.000439
35.1833,-0.000439
35.2000,-0.000439
35.2167,-0.000438
35.2333,-0.000438
35.2500,-0.000437
35.2667,-0.000436
35.2833,-0.000436
35.3000,-0.000435
35.3167,-0.000434
35.3333,-0.000434
35.3500,-0.000433
35.3667,-0.000433
35.3833,-0.000432
35.4000,-0.000432
35.4167,-0.000431
35.4333,-0.000431
35.4500,-0.000431
35.4667,-0.000430
35.4833,-0.000430
35.5000,-0.000430
35.5167,-0.000429
35.5333,-0.000428
35.5500,-0.000427
35.5667,-0.000428
35.5833,-0.000427
35.6000,-0.000426
35.6167,-0.000426
35.6333,-0.000425
35.6500,-0.000425
35.6667,-0.000425
35.6833,-0.000424
35.7000,-0.000423
35.7167,-0.000423
35.7333,-0.000423
35.7500,-0.000422
35.7667,-0.000422
35.7833,-0.000421
35.8000,-0.000420
35.8167,-0.000420
35.8333,-0.000419
35.8500,-0.000419
35.8667,-0.000419
35.8833,-0.000418
35.9000,-0.000418
35.9167,-0.000417
35.9333,-0.000416
35.9500,-0.000416
35.9667,-0.000416
35.9833,-0.000415
36.0000,-0.000415
36.0167,-0.000415
36.0333,-0.000414
36.0500,-0.000413
36.0667,-0.000413
36.0833,-0.000413
36.1000,-0.000412
36.1167,-0.000411
36.1333,-0.000411
36.1500,-0.000411
36.1667,-0.000410
36.1833,-0.000410
36.2000,-0.000409
36.2167,-0.000409
36.2333,-0.000408
36.2500,-0.000408
36.2667,-0.000408
36.2833,-0.000407
36.3000,-0.000406
36.3167,-0.000406
36.3333,-0.000406
36.3500,-0.000405
36.3667,-0.000405
36.3833,-0.000405
36.4000,-0.000404
36.4167,-0.000404
36.4333,-0.000403
36.4500,-0.000402
36.4667,-0.000402
36.4833,-0.000402
36.5000,-0.000402
36.5167,-0.000400
36.5333,-0.000400
36.5500,-0.000400
36.5667,-0.000400
36.5833,-0.000399
36.6000,-0.000399
36.6167,-0.000398
36.6333,-0.000397
36.6500,-0.000397
36.6667,-0.000397
36.6833,-0.000396
36.7000,-0.000396
36.7167,-0.000395
36.7333,-0.000395
36.7500,-0.000394
36.7667,-0.000395
36.7833,-0.000394
36.8000,-0.000394
36.8167,-0.000393
36.8333,-0.000393
36.8500,-0.000392
36.8667,-0.000391
36.8833,-0.000391
36.9000,-0.000391
36.9167,-0.000390
36.9333,-0.000390
36.9500,-0.000389
36.9667,-0.000389
36.9833,-0.000389
37.0000,-0.000388
37.0167,-0.000387
37.0333,-0.000387
37.0500,-0.000387
37.0667,-0.000386
37.0833,-0.000386
37.1000,-0.000386
37.1167,-0.000385
37.1333,-0.000385
37.1500,-0.000384
37.1667,-0.000384
37.1833,-0.000383
37.2000,-0.000383
37.2167,-0.000383
37.2333,-0.000383
37.2500,-0.000382
37.2667,-0.000381
37.2833,-0.000381
37.3000,-0.000381
37.3167,-0.000380
37.3333,-0.000380
37.3500,-0.000379
37.3667,-0.000379
37.3833,-0.000378
37.4000,-0.000379
37.4167,-0.000378
37.4333,-0.000377
37.4500,-0.000377
37.4667,-0.000376
37.4833,-0.000376
37.5000,-0.000376
37.5167,-0.000376
37.5333,-0.000375
37.5500,-0.000375
37.5667,-0.000374
37.5833,-0.000374
37.6000,-0.000374
37.6167,-0.000373
37.6333,-0.000373
37.6500,-0.000372
37.6667,-0.000372
37.6833,-0.000372
37.7000,-0.000371
37.7167,-0.000370
37.7333,-0.000370
37.7500,-0.000370
37.7667,-0.000370
37.7833,-0.000369
37.8000,-0.000368
37.8167,-0.000368
37.8333,-0.000368
37.8500,-0.000368
37.8667,-0.000367
37.8833,-0.000367
37.9000,-0.000367
37.9167,-0.000366
37.9333,-0.000366
37.9500,-0.000365
37.9667,-0.000365
37.9833,-0.000365
38.0000,-0.000364
38.0167,-0.000364
38.0333,-0.000363
38.0500,-0.000363
38.0667,-0.000362
38.0833,-0.000362
38.1000,-0.000362
38.1167,-0.000362
38.1333,-0.000361
38.1500,-0.000360
38.1667,-0.000360
38.1833,-0.000360
38.2000,-0.000359
38.2167,-0.000359
38.2333,-0.000359
38.2500,-0.000358
38.2667,-0.000358
38.2833,-0.000358
38.3000,-0.000357
38.3167,-0.000357
38.3333,-0.000356
38.3500,-0.000356
38.3667,-0.000356
38.3833,-0.000355
38.4000,-0.000355
38.4167,-0.000354
38.4333,-0.000354
38.4500,-0.000353
38.4667,-0.000353
38.4833,-0.000354
38.5000,-0.000353
38.5167,-0.000353
38.5333,-0.000352
38.5500,-0.000352
38.5667,-0.000352
38.5833,-0.000350
38.6000,-0.000350
38.6167,-0.000350
38.6333,-0.000350
38.6500,-0.000349
38.6667,-0.000349
38.6833,-0.000349
38.7000,-0.000349
38.7167,-0.000348
38.7333,-0.000347
38.7500,-0.000347
38.7667,-0.000347
38.7833,-0.000347
38.8000,-0.000346
38.8167,-0.000346
38.8333,-0.000346
38.8500,-0.000345
38.8667,-0.000345
38.8833,-0.000345
38.9000,-0.000344
38.9167,-0.000344
38.9333,-0.000344
38.9500,-0.000343
38.9667,-0.000343
38.9833,-0.000342
39.0000,-0.000342
39.0167,-0.000341
39.0333,-0.000342
39.0500,-0.000341
39.0667,-0.000341
39.0833,-0.000340
39.1000,-0.000340
39.1167,-0.000339
39.1333,-0.000340
39.1500,-0.000339
39.1667,-0.000338
39.1833,-0.000339
39.2000,-0.000338
39.2167,-0.000337
39.2333,-0.000337
39.2500,-0.000337
39.2667,-0.000336
39.2833,-0.000337
39.3000,-0.000336
39.3167,-0.000335
39.3333,-0.000335
39.3500,-0.000335
39.3667,-0.000335
39.3833,-0.000334
39.4000,-0.000334
39.4167,-0.000333
39.4333,-0.000333
39.4500,-0.000333
39.4667,-0.000333
39.4833,-0.000332
39.5000,-0.000332
39.5167,-0.000332
39.5333,-0.000331
39.5500,-0.000331
39.5667,-0.000331
39.5833,-0.000330
39.6000,-0.000330
39.6167,-0.000330
39.6333,-0.000329
39.6500,-0.000329
39.6667,-0.000329
39.6833,-0.000329
39.7000,-0.000328
39.7167,-0.000328
39.7333,-0.000327
39.7500,-0.000327
39.7667,-0.000327
39.7833,-0.000326
39.8000,-0.000326
39.8167,-0.000326
39.8333,-0.000325
39.8500,-0.000325
39.8667,-0.000325
39.8833,-0.000325
39.9000,-0.000324
39.9167,-0.000324
39.9333,-0.000324
39.9500,-0.000323
39.9667,-0.000323
39.9833,-0.000323
40.0000,-0.000322
40.0167,-0.000322
40.0333,-0.000322
40.0500,-0.000321
40.0667,-0.000321
40.0833,-0.000320
40.1000,-0.000320
40.1167,-0.000320
40.1333,-0.000320
40.1500,-0.000320
40.1667,-0.000319
40.1833,-0.000319
40.2000,-0.000318
40.2167,-0.000319
40.2333,-0.000318
40.2500,-0.000317
40.2667,-0.000317
40.2833,-0.000317
40.3000,-0.000317
40.3167,-0.000316
40.3333,-0.000316
40.3500,-0.000316
40.3667,-0.000315
40.3833,-0.000315
40.4000,-0.000315
40.4167,-0.000314
40.4333,-0.000314
40.4500,-0.000314
40.4667,-0.000314
40.4833,-0.000313
40.5000,-0.000313
40.5167,-0.000313
40.5333,-0.000312
40.5500,-0.000312
40.5667,-0.000312
40.5833,-0.000311
40.6000,-0.000311
40.6167,-0.000311
40.6333,-0.000311
40.6500,-0.000310
40.6667,-0.000310
40.6833,-0.000310
40.7000,-0.000309
40.7167,-0.000309
40.7333,-0.000308
40.7500,-0.000308
40.7667,-0.000308
40.7833,-0.000307
40.8000,-0.000307
40.8167,-0.000307
40.8333,-0.000307
40.8500,-0.000306
40.8667,-0.000306
40.8833,-0.000306
40.9000,-0.000306
40.9167,-0.000305
40.9333,-0.000305
40.9500,-0.000305
40.9667,-0.000305
40.9833,-0.000304
41.0000,-0.000304
41.0167,-0.000304
41.0333,-0.000303
41.0500,-0.000303
41.0667,-0.000303
41.0833,-0.000302
41.1000,-0.000302
41.1167,-0.000302
41.1333,-0.000302
41.1500,-0.000301
41.1667,-0.000301
41.1833,-0.000301
41.2000,-0.000300
41.2167,-0.000300
41.2333,-0.000300
41.2500,-0.000300
41.2667,-0.000299
41.2833,-0.000299
41.3000,-0.000298
41.3167,-0.000299
41.3333,-0.000299
41.3500,-0.000298
41.3667,-0.000298
41.3833,-0.000297
41.4000,-0.000297
41.4167,-0.000296
41.4333,-0.000297
41.4500,-0.000296
41.4667,-0.000296
41.4833,-0.000295
41.5000,-0.000296
41.5167,-0.000295
41.5333,-0.000295
41.5500,-0.000294
41.5667,-0.000295
41.5833,-0.000294
41.6000,-0.000294
41.6167,-0.000294
41.6333,-0.000293
41.6500,-0.000293
41.6667,-0.000293
41.6833,-0.000292
41.7000,-0.000292
41.7167,-0.000292
41.7333,-0.000291
41.7500,-0.000292
41.7667,-0.000291
41.7833,-0.000291
41.8000,-0.000291
41.8167,-0.000290
41.8333,-0.000290
41.8500,-0.000289
41.8667,-0.000290
41.8833,-0.000289
41.9000,-0.000289
41.9167,-0.000289
41.9333,-0.000288
41.9500,-0.000289
41.9667,-0.000288
41.9833,-0.000288
42.0000,-0.000287
42.0167,-0.000287
42.0333,-0.000287
42.0500,-0.000286
42.0667,-0.000286
42.0833,-0.000286
42.1000,-0.000286
42.1167,-0.000286
42.1333,-0.000286
42.1500,-0.000285
42.1667,-0.000285
42.1833,-0.000285
42.2000,-0.000285
42.2167,-0.000284
42.2333,-0.000284
42.2500,-0.000284
42.2667,-0.000284
42.2833,-0.000283
42.3000,-0.000282
42.3167,-0.000282
42.3333,-0.000282
42.3500,-0.000282
42.3667,-0.000282
42.3833,-0.000281
42.4000,-0.000281
42.4167,-0.000281
42.4333,-0.000281
42.4500,-0.000280
42.4667,-0.000280
42.4833,-0.000280
42.5000,-0.000280
42.5167,-0.000280
42.5333,-0.000279
42.5500,-0.000279
42.5667,-0.000279
42.5833,-0.000279
42.6000,-0.000278
42.6167,-0.000278
42.6333,-0.000278
42.6500,-0.000278
42.6667,-0.000277
42.6833,-0.000277
42.7000,-0.000277
42.7167,-0.000276
42.7333,-0.000276
42.7500,-0.000276
42.7667,-0.000275
42.7833,-0.000275
42.8000,-0.000276
42.8167,-0.000275
42.8333,-0.000275
42.8500,-0.000274
42.8667,-0.000274
42.8833,-0.000273
42.9000,-0.000274
42.9167,-0.000274
42.9333,-0.000273
42.9500,-0.000273
42.9667,-0.000272
42.9833,-0.000273
43.0000,-0.000272
43.0167,-0.000272
43.0333,-0.000272
43.0500,-0.000272
43.0667,-0.000271
43.0833,-0.000271
43.1000,-0.000271
43.1167,-0.000270
43.1333,-0.000270
43.1500,-0.000270
43.1667,-0.000270
43.1833,-0.000270
43.2000,-0.000269
43.2167,-0.000269
43.2333,-0.000269
43.2500,-0.000268
43.2667,-0.000269
43.2833,-0.000268
43.3000,-0.000267
43.3167,-0.000268
43.3333,-0.000267
43.3500,-0.000267
43.3667,-0.000267
43.3833,-0.000267
43.4000,-0.000266
43.4167,-0.000266
43.4333,-0.000266
43.4500,-0.000266
43.4667,-0.000265
43.4833,-0.000265
43.5000,-0.000265
43.5167,-0.000265
43.5333,-0.000265
43.5500,-0.000264
43.5667,-0.000264
43.5833,-0.000263
43.6000,-0.000263
43.6167,-0.000264
43.6333,-0.000263
43.6500,-0.000263
43.6667,-0.000263
43.6833,-0.000262
43.7000,-0.000262
43.7167,-0.000262
43.7333,-0.000261
43.7500,-0.000261
43.7667,-0.000261
43.7833,-0.000261
43.8000,-0.000260
43.8167,-0.000260
43.8333,-0.000261
43.8500,-0.000261
43.8667,-0.000260
43.8833,-0.000259
43.9000,-0.000259
43.9167,-0.000259
43.9333,-0.000259
43.9500,-0.000258
43.9667,-0.000258
43.9833,-0.000258
44.0000,-0.000258
44.0167,-0.000258
44.0333,-0.000258
44.0500,-0.000258
44.0667,-0.000257
44.0833,-0.000257
44.1000,-0.000257
44.1167,-0.000256
44.1333,-0.000256
44.1500,-0.000256
44.1667,-0.000256
44.1833,-0.000256
44.2000,-0.000256
44.2167,-0.000255
44.2333,-0.000255
44.2500,-0.000255
44.2667,-0.000255
44.2833,-0.000254
44.3000,-0.000254
44.3167,-0.000254
44.3333,-0.000254
44.3500,-0.000253
44.3667,-0.000253
44.3833,-0.000253
44.4000,-0.000253
44.4167,-0.000252
44.4333,-0.000252
44.4500,-0.000252
44.4667,-0.000252
44.4833,-0.000252
44.5000,-0.000252
44.5167,-0.000251
44.5333,-0.000251
44.5500,-0.000251
44.5667,-0.000250
44.5833,-0.000251
44.6000,-0.000250
44.6167,-0.000250
44.6333,-0.000250
44.6500,-0.000249
44.6667,-0.000250
44.6833,-0.000249
44.7000,-0.000249
44.7167,-0.000249
44.7333,-0.000248
44.7500,-0.000249
44.7667,-0.000248
44.7833,-0.000248
44.8000,-0.000248
44.8167,-0.000248
44.8333,-0.000247
44.8500,-0.000247
44.8667,-0.000247
44.8833,-0.000247
44.9000,-0.000246
44.9167,-0.000246
44.9333,-0.000246
44.9500,-0.000246
44.9667,-0.000246
44.9833,-0.000245
45.0000,-0.000246
45.0167,-0.000245
45.0333,-0.000244
45.0500,-0.000245
45.0667,-0.000244
45.0833,-0.000244
45.1000,-0.000244
45.1167,-0.000244
45.1333,-0.000244
45.1500,-0.000243
45.1667,-0.000243
45.1833,-0.000242
45.2000,-0.000243
45.2167,-0.000242
45.2333,-0.000242
45.2500,-0.000242
45.2667,-0.000242
45.2833,-0.000241
45.3000,-0.000242
45.3167,-0.000242
45.3333,-0.000241
45.3500,-0.000241
45.3667,-0.000240
45.3833,-0.000241
45.4000,-0.000240
45.4167,-0.000240
45.4333,-0.000240
45.4500,-0.000240
45.4667,-0.000240
45.4833,-0.000239
45.5000,-0.000239
45.5167,-0.000239
45.5333,-0.000238
45.5500,-0.000239
45.5667,-0.000239
45.5833,-0.000238
45.6000,-0.000238
45.6167,-0.000238
45.6333,-0.000237
45.6500,-0.000237
45.6667,-0.000237
45.6833,-0.000237
45.7000,-0.000236
45.7167,-0.000237
45.7333,-0.000237
45.7500,-0.000236
45.7667,-0.000236
45.7833,-0.000236
45.8000,-0.000236
45.8167,-0.000236
45.8333,-0.000235
45.8500,-0.000235
45.8667,-0.000235
45.8833,-0.000235
45.9000,-0.000235
45.9167,-0.000234
45.9333,-0.000234
45.9500,-0.000234
45.9667,-0.000234
45.9833,-0.000234
46.0000,-0.000234
46.0167,-0.000234
46.0333,-0.000232
46.0500,-0.000232
46.0667,-0.000232
46.0833,-0.000232
46.1000,-0.000232
46.1167,-0.000232
46.1333,-0.000232
46.1500,-0.000232
46.1667,-0.000232
46.1833,-0.000231
46.2000,-0.000231
46.2167,-0.000231
46.2333,-0.000231
46.2500,-0.000231
46.2667,-0.000231
46.2833,-0.000230
46.3000,-0.000230
46.3167,-0.000230
46.3333,-0.000230
46.3500,-0.000230
46.3667,-0.000229
46.3833,-0.000229
46.4000,-0.000229
46.4167,-0.000229
46.4333,-0.000229
46.4500,-0.000228
46.4667,-0.000228
46.4833,-0.000228
46.5000,-0.000227
46.5167,-0.000227
46.5333,-0.000227
46.5500,-0.000227
46.5667,-0.000227
46.5833,-0.000227
46.6000,-0.000227
46.6167,-0.000226
46.6333,-0.000226
46.6500,-0.000226
46.6667,-0.000225
46.6833,-0.000226
46.7000,-0.000226
46.7167,-0.000225
46.7333,-0.000225
46.7500,-0.000225
46.7667,-0.000225
46.7833,-0.000225
46.8000,-0.000224
46.8167,-0.000224
46.8333,-0.000224
46.8500,-0.000224
46.8667,-0.000224
46.8833,-0.000223
46.9000,-0.000223
46.9167,-0.000223
46.9333,-0.000223
46.9500,-0.000222
46.9667,-0.000223
46.9833,-0.000223
47.0000,-0.000222
47.0167,-0.000222
47.0333,-0.000222
47.0500,-0.000222
47.0667,-0.000221
47.0833,-0.000222
47.1000,-0.000221
47.1167,-0.000221
47.1333,-0.000221
47.1500,-0.000220
47.1667,-0.000221
47.1833,-0.000220
47.2000,-0.000220
47.2167,-0.000220
47.2333,-0.000220
47.2500,-0.000219
47.2667,-0.000219
47.2833,-0.000219
47.3000,-0.000219
47.3167,-0.000219
47.3333,-0.000219
47.3500,-0.000218
47.3667,-0.000219
47.3833,-0.000218
47.4000,-0.000218
47.4167,-0.000218
47.4333,-0.000217
47.4500,-0.000218
47.4667,-0.000217
47.4833,-0.000217
47.5000,-0.000217
47.5167,-0.000217
47.5333,-0.000216
47.5500,-0.000217
47.5667,-0.000216
47.5833,-0.000216
47.6000,-0.000216
47.6167,-0.000216
47.6333,-0.000216
47.6500,-0.000215
47.6667,-0.000216
47.6833,-0.000215
47.7000,-0.000215
47.7167,-0.000214
47.7333,-0.000215
47.7500,-0.000215
47.7667,-0.000214
47.7833,-0.000214
47.8000,-0.000214
47.8167,-0.000214
47.8333,-0.000214
47.8500,-0.000213
47.8667,-0.000213
47.8833,-0.000213
47.9000,-0.000213
47.9167,-0.000213
47.9333,-0.000213
47.9500,-0.000212
47.9667,-0.000212
47.9833,-0.000212
48.0000,-0.000211
48.0167,-0.000212
48.0333,-0.000212
48.0500,-0.000212
48.0667,-0.000211
48.0833,-0.000211
48.1000,-0.000211
48.1167,-0.000211
48.1333,-0.000210
48.1500,-0.000210
48.1667,-0.000211
48.1833,-0.000211
48.2000,-0.000210
48.2167,-0.000210
48.2333,-0.000210
48.2500,-0.000210
48.2667,-0.000209
48.2833,-0.000209
48.3000,-0.000209
48.3167,-0.000209
48.3333,-0.000209
48.3500,-0.000209
48.3667,-0.000208
48.3833,-0.000208
48.4000,-0.000208
48.4167,-0.000208
48.4333,-0.000208
48.4500,-0.000208
48.4667,-0.000207
48.4833,-0.000207
48.5000,-0.000207
48.5167,-0.000207
48.5333,-0.000207
48.5500,-0.000207
48.5667,-0.000207
48.5833,-0.000207
48.6000,-0.000207
48.6167,-0.000206
48.6333,-0.000205
48.6500,-0.000205
48.6667,-0.000205
48.6833,-0.000205
48.7000,-0.000205
48.7167,-0.000205
48.7333,-0.000204
48.7500,-0.000204
48.7667,-0.000204
48.7833,-0.000204
48.8000,-0.000204
48.8167,-0.000204
48.8333,-0.000204
48.8500,-0.000204
48.8667,-0.000204
48.8833,-0.000203
48.9000,-0.000203
48.9167,-0.000203
48.9333,-0.000203
48.9500,-0.000203
48.9667,-0.000202
48.9833,-0.000202
49.0000,-0.000202
49.0167,-0.000202
49.0333,-0.000202
49.0500,-0.000202
49.0667,-0.000202
49.0833,-0.000201
49.1000,-0.000201
49.1167,-0.000201
49.1333,-0.000201
49.1500,-0.000201
49.1667,-0.000200
49.1833,-0.000201
49.2000,-0.000201
49.2167,-0.000201
49.2333,-0.000200
49.2500,-0.000200
49.2667,-0.000200
49.2833,-0.000200
49.3000,-0.000199
49.3167,-0.000200
49.3333,-0.000200
49.3500,-0.000199
49.3667,-0.000199
49.3833,-0.000199
49.4000,-0.000198
49.4167,-0.000199
49.4333,-0.000199
49.4500,-0.000198
49.4667,-0.000198
49.4833,-0.000198
49.5000,-0.000198
49.5167,-0.000198
49.5333,-0.000197
49.5500,-0.000197
49.5667,-0.000198
49.5833,-0.000197
49.6000,-0.000197
49.6167,-0.000196
49.6333,-0.000197
49.6500,-0.000197
49.6667,-0.000196
49.6833,-0.000197
49.7000,-0.000196
49.7167,-0.000196
49.7333,-0.000196
49.7500,-0.000196
49.7667,-0.000195
49.7833,-0.000196
49.8000,-0.000195
49.8167,-0.000195
49.8333,-0.000195
49.8500,-0.000195
49.8667,-0.000195
49.8833,-0.000195
49.9000,-0.000194
49.9167,-0.000194
49.9333,-0.000194
49.9500,-0.000194
49.9667,-0.000193
49.9833,-0.000194
50.0000,-0.000193
50.0167,-0.000194
50.0333,-0.000193
50.0500,-0.000193
50.0667,-0.000193
50.0833,-0.000193
50.1000,-0.000193
50.1167,-0.000192
50.1333,-0.000193
50.1500,-0.000192
50.1667,-0.000193
50.1833,-0.000192
50.2000,-0.000191
50.2167,-0.000192
50.2333,-0.000191
50.2500,-0.000192
50.2667,-0.000191
50.2833,-0.000191
50.3000,-0.000191
50.3167,-0.000191
50.3333,-0.000191
50.3500,-0.000191
50.3667,-0.000190
50.3833,-0.000191
50.4000,-0.000190
50.4167,-0.000190
50.4333,-0.000190
50.4500,-0.000190
50.4667,-0.000189
50.4833,-0.000190
50.5000,-0.000190
50.5167,-0.000189
50.5333,-0.000189
50.5500,-0.000189
50.5667,-0.000189
50.5833,-0.000188
50.6000,-0.000189
50.6167,-0.000189
50.6333,-0.000188
50.6500,-0.000188
