层级,问,维度号,维度,检查点号,检查点,判定,证据类型,证据指针,扣分下限,扣分上限,备注
P,全题,1,论文摘要与整体结构,1.1,摘要字数,◻,,,0.0,0.0,
P,全题,1,论文摘要与整体结构,1.2,摘要结构,◻,,,0.0,0.0,
P,全题,1,论文摘要与整体结构,1.3,方法名称专业,◻,,,0.0,0.0,
P,全题,1,论文摘要与整体结构,1.4,结果精确数值,◻,,,0.0,0.0,
P,全题,1,论文摘要与整体结构,1.5,改进点明确,◻,,,0.0,0.0,
P,全题,1,论文摘要与整体结构,1.6,对比验证结果,◻,,,0.0,0.0,
P,全题,1,论文摘要与整体结构,1.7,关键词,◻,,,0.0,0.0,
P,全题,1,论文摘要与整体结构,1.8,整体结构完整,◻,,,0.0,0.0,
P,全题,1,论文摘要与整体结构,1.9,独立灵敏度章节,◻,,,0.0,0.0,
P,全题,1,论文摘要与整体结构,1.10,独立评价章节,◻,,,0.0,0.0,
P,全题,1,论文摘要与整体结构,1.11,独立稳健性章节,◻,,,0.0,0.0,
P,全题,1,论文摘要与整体结构,1.12,附录丰富,◻,,,0.0,0.0,
B,全题,2,问题分析与重述,2.1,问题重述不抄题,✅,,,0.0,0.0,
B,全题,2,问题分析与重述,2.2,数学语言表述,✅,,,0.0,0.0,
B,全题,2,问题分析与重述,2.3,子问题数学本质,✅,,,0.0,0.0,
B,全题,2,问题分析与重述,2.4,逻辑框架图,✅,,,0.0,0.0,
B,全题,2,问题分析与重述,2.5,数据需求识别,✅,,,0.0,0.0,
B,全题,2,问题分析与重述,2.6,问题背景理解,✅,,,0.0,0.0,
B,全题,2,问题分析与重述,2.7,问题难点分析,✅,,,0.0,0.0,
B,全题,2,问题分析与重述,2.8,建模思路清晰,✅,,,0.0,0.0,
B,全题,3,模型假设与符号说明,3.1,假设数量,✅,,,0.0,0.0,清单13条(含H11-H13基础前提)
B,全题,3,模型假设与符号说明,3.2,假设合理性,✅,,,0.0,0.0,
B,全题,3,模型假设与符号说明,3.3,假设必要性,✅,,,0.0,0.0,
B,全题,3,模型假设与符号说明,3.4,假设明确性,✅,,,0.0,0.0,
B,全题,3,模型假设与符号说明,3.5,假设与模型对应,✅,,,0.0,0.0,
B,全题,3,模型假设与符号说明,3.6,假设依据,✅,,,0.0,0.0,
B,全题,3,模型假设与符号说明,3.7,符号表完整,✅,,,0.0,0.0,
B,全题,3,模型假设与符号说明,3.8,符号有单位,✅,,,0.0,0.0,
B,全题,3,模型假设与符号说明,3.9,符号统一,✅,,,0.0,0.0,
B,全题,3,模型假设与符号说明,3.10,符号表格式,✅,,,0.0,0.0,
B,全题,4,模型建立,4.1,推导严谨,✅,,,0.0,0.0,推导不跳步/引理证明
B,全题,4,模型建立,4.2,公式数量充足,⚠️,E-E,temp/_formula_inventory.md:1-40,0.0,0.0,"【v2】A-06 清点：展示公式块 73 个（54 已带 tag）。内部判据给出**两档**——**底线 ≥30**（两份判据一致）／**理想 ≈200**（国奖级）⟹ **底线已达标**；⚠️ 的依据是**距理想值仍有差距**，建议写作时展开推导（目标 130+）。**本轮主动从严保留 ⚠️**（属自我从严，非""数量不足""）"
B,全题,4,模型建立,4.3,公式编号,✅,E-E,temp/_formula_inventory.md:41-,0.0,0.0,【v2】A-06 已产编号方案（按章节 式(1-3)、(4-7)…）⟹ 素材齐备、成稿可直接执行
B,全题,4,模型建立,4.4,公式规范,◻,,,0.0,0.0,公式编辑器属成稿
B,全题,4,模型建立,4.5,机理分析深入,🏆,,,0.0,0.0,A题必查：从传热传质基本方程出发
B,全题,4,模型建立,4.6,坐标系建立,✅,,,0.0,0.0,柱坐标r＋物料坐标ξ
B,全题,4,模型建立,4.7,问题特化策略,🏆,,,0.0,0.0,物料坐标固定域化/积分平均/事件二分
B,全题,4,模型建立,4.8,算法改进深度,🏆,,,0.0,0.0,精确推进/M6/预估-校正
B,全题,4,模型建立,4.9,改进有依据,✅,,,0.0,0.0,
B,全题,4,模型建立,4.10,改进有效果,✅,,,0.0,0.0,效果量化(h=1s vs 60s)
B,全题,4,模型建立,4.11,算法匹配问题,✅,,,0.0,0.0,非网红模型
B,全题,4,模型建立,4.12,多问题递进统一,✅,,,0.0,0.0,Q1→Q2→Q3→Q4四把旋钮
B,全题,4,模型建立,4.13,目标函数明确,∅,,,0.0,0.0,本题非优化问题
B,全题,4,模型建立,4.14,约束条件完整,∅,,,0.0,0.0,本题非优化问题
B,全题,4,模型建立,4.15,公式文字说明,✅,,,0.0,0.0,推导文档逐式说明
Q,全题,5,算法选择与模型求解,5.1,求解过程清晰,✅,,,0.0,0.0,
Q,全题,5,算法选择与模型求解,5.2,参数设置说明,✅,,,0.0,0.0,ω/tol/maxit/N/子步均有依据
Q,全题,5,算法选择与模型求解,5.3,收敛性分析,✅,,,0.0,0.0,时间三档＋GCI
Q,全题,5,算法选择与模型求解,5.4,计算复杂度分析,✅,,,0.0,0.0,墙钟/Picard次数
Q,全题,5,算法选择与模型求解,5.5,双方法验证,🏆,,,0.0,0.0,解析对拍＋独立实现＋跨驱动
Q,全题,5,算法选择与模型求解,5.6,结果完整,✅,,,0.0,0.0,中间量/断言/收敛表
Q,全题,5,算法选择与模型求解,5.7,初始解说明,∅,,,0.0,0.0,非启发式算法
Q,全题,5,算法选择与模型求解,5.8,停止条件,✅,,,0.0,0.0,tol/maxit/熔断240h
Q,全题,5,算法选择与模型求解,5.9,代码附录,✅,,,0.0,0.0,88脚本入支撑材料
Q,全题,5,算法选择与模型求解,5.10,求解效率,✅,,,0.0,0.0,墙钟304–487s等
B,全题,6,结果分析与数据可视化,6.1,图表规范,◻,,,0.0,0.0,成品图待渲染(K-2)
B,全题,6,结果分析与数据可视化,6.2,图表类型匹配,◻,,,0.0,0.0,成品图待渲染(K-2)
B,全题,6,结果分析与数据可视化,6.3,图表专业美观,◻,,,0.0,0.0,成品图待渲染(K-2)
B,全题,6,结果分析与数据可视化,6.4,图表正文引用,◻,,,0.0,0.0,正文引用属成稿
B,全题,6,结果分析与数据可视化,6.5,表格规范,◻,,,0.0,0.0,论文表属成稿
B,全题,6,结果分析与数据可视化,6.6,图表数量充足,✅,E-C,30_图表/01_图表总规划/A_图表总规划.md,0.0,0.0,【v2】总规划 50 张＋规格卡 51（未出卡 0）＋图数据 49
B,全题,6,结果分析与数据可视化,6.7,结果分析深度,✅,,,0.0,0.0,"结果与分析含""意味什么"""
B,全题,6,结果分析与数据可视化,6.8,多方案对比,✅,,,0.0,0.0,取法×网格/fixR/D6/时间空间档
B,全题,6,结果分析与数据可视化,6.9,结果可视化,◻,,,0.0,0.0,成品图待渲染(K-2)
B,全题,6,结果分析与数据可视化,6.10,结果与问题对应,✅,,,0.0,0.0,四问逐条对应题面
B,全题,7,模型检验与灵敏度分析,7.1,独立灵敏度章节,✅,,,0.0,0.0,06_可靠性与方法学独立成篇
B,全题,7,模型检验与灵敏度分析,7.2,灵敏度覆盖多参数,✅,,,0.0,0.0,OAT ±20%＋Morris/Sobol/PRCC
B,全题,7,模型检验与灵敏度分析,7.3,灵敏度可视化,✅,,,0.0,0.0,龙卷风/热力图数据齐(F-13/31/35/43)
B,全题,7,模型检验与灵敏度分析,7.4,灵敏度分析说明,✅,,,0.0,0.0,参数重要度排序＋交互作用
B,全题,7,模型检验与灵敏度分析,7.5,误差分析,✅,,,0.0,0.0,GCI＋误差带＋不确定度
B,全题,7,模型检验与灵敏度分析,7.6,误差可接受判断,✅,,,0.0,0.0,误差带量级≤1e-4
B,全题,7,模型检验与灵敏度分析,7.7,稳健性检验,✅,,,0.0,0.0,数据扰动/方法对比/取法对照
B,全题,7,模型检验与灵敏度分析,7.8,交叉验证,∅,,,0.0,0.0,本题非机器学习
B,全题,7,模型检验与灵敏度分析,7.9,对比验证,✅,,,0.0,0.0,E3-g退化自检＋解析对拍
B,全题,7,模型检验与灵敏度分析,7.10,收敛性检验,✅,,,0.0,0.0,时间/空间三档
B,全题,7,模型检验与灵敏度分析,7.11,检验全面系统,🏆,,,0.0,0.0,实际8–10项且独立成节
B,全题,7,模型检验与灵敏度分析,7.12,检验结果有结论,✅,,,0.0,0.0,四问均有可靠性结论
P,全题,8,模型评价与优缺点分析,8.1,优点具体有数据,✅,,,0.0,0.0,优点全部带数
P,全题,8,模型评价与优缺点分析,8.2,不足诚实具体,✅,,,0.0,0.0,H10外推43%–66%如实声明
P,全题,8,模型评价与优缺点分析,8.3,改进方向对应,✅,,,0.0,0.0,
P,全题,8,模型评价与优缺点分析,8.4,推广性分析,✅,,,0.0,0.0,适用范围与限制
P,全题,8,模型评价与优缺点分析,8.5,客观不夸大,✅,,,0.0,0.0,"无""完美""类表述"
P,全题,8,模型评价与优缺点分析,8.6,独立评价章节,✅,,,0.0,0.0,模型评价与改进独立成篇
P,全题,8,模型评价与优缺点分析,8.7,评价有对比,✅,,,0.0,0.0,与基准/机构对照
P,全题,8,模型评价与优缺点分析,8.8,局限性说明,✅,,,0.0,0.0,H3/H10/H13等局限逐条
Q,全题,9,创新点打造与差异化,9.1,改进点明确列出,✅,,,0.0,0.0,创新项汇总按问编号
Q,全题,9,创新点打造与差异化,9.2,"用""改进""不用""创新""",✅,E-E,50_论文/01_写作计划/A_写作口径与用语约定.md:9-22,0.0,0.0,【v2】A-03：用语口径已定（改进）＋禁用/应写对照表 ⟹ 素材齐备（判据＝写作侧素材齐备性）
Q,全题,9,创新点打造与差异化,9.3,算法改进类,🏆,,,0.0,0.0,45%国奖创新类型：积分平均/预估-校正/事件二分
Q,全题,9,创新点打造与差异化,9.4,问题特化策略类,✅,,,0.0,0.0,物料坐标/守恒形式
Q,全题,9,创新点打造与差异化,9.5,跨领域迁移类,✅,,,0.0,0.0,跨领域引入IMEX/预估校正
Q,全题,9,创新点打造与差异化,9.6,多模型融合类,⚠️,E-E,50_论文/01_写作计划/A_写作口径与用语约定.md:24-40,0.0,0.0,【v2】A-04 已备定位说明（单一机理模型四问递进）⟹ 降低被误判为缺失的风险；但「未做多模型融合」这一事实不变 ⟹ 保守维持 ⚠️
Q,全题,9,创新点打造与差异化,9.7,改进具体,✅,,,0.0,0.0,
Q,全题,9,创新点打造与差异化,9.8,改进有依据,✅,,,0.0,0.0,
Q,全题,9,创新点打造与差异化,9.9,改进有效果,✅,,,0.0,0.0,效果量化到结论变化
Q,全题,9,创新点打造与差异化,9.10,不是伪创新,✅,,,0.0,0.0,无伪创新
B,全题,10,数据预处理与特征工程,10.1,数据质量审计,✅,,,0.0,0.0,缺失0/空白0/等步长/3σ
B,全题,10,数据预处理与特征工程,10.2,缺失值处理策略,✅,,,0.0,0.0,无缺失，策略已说明
B,全题,10,数据预处理与特征工程,10.3,异常值区分处理,✅,,,0.0,0.0,附件2离群点为真实收缩，保留
B,全题,10,数据预处理与特征工程,10.4,特征工程,∅,,,0.0,0.0,机理题无特征工程
B,全题,10,数据预处理与特征工程,10.5,探索性数据分析,✅,,,0.0,0.0,附件1/2分布与时序分析
B,全题,10,数据预处理与特征工程,10.6,数据处理说明,✅,,,0.0,0.0,预处理流程量化
B,全题,10,数据预处理与特征工程,10.7,数据可视化,✅,,,0.0,0.0,环境时序等图数据齐
B,全题,10,数据预处理与特征工程,10.8,特征选择合理,∅,,,0.0,0.0,机理题无特征选择
P,全题,11,参考文献引用规范,11.1,参考文献数量,✅,E-E,20_交付包/07_引用与术语/A_题录表.md §三,0.0,0.0,【v2】A-02 逐条核验：题录 A 级 18 条（全文在手或 DOI/Crossref 核验）⟹ 数量满足 10–20 区间
P,全题,11,参考文献引用规范,11.2,参考文献格式,◻,,,0.0,0.0,题录格式属成稿
P,全题,11,参考文献引用规范,11.3,文献时效性,✅,E-E,20_交付包/07_引用与术语/A_题录表.md §三,0.0,0.0,【v2】A-02：含 2019–2024 文献 ⟹ 时效性满足
P,全题,11,参考文献引用规范,11.4,文内引用对应,◻,,,0.0,0.0,文内对应属成稿
P,全题,11,参考文献引用规范,11.5,引用位置合理,◻,,,0.0,0.0,引用位置属成稿
P,全题,11,参考文献引用规范,11.6,文献质量,✅,,,0.0,0.0,含SIAM/TiPM/农业工程学报等SCI·EI·核心期刊
P,全题,12,附录与代码可复现性,12.1,附录内容丰富,✅,E-E,20_交付包/11_支撑材料包/A_支撑材料文件列表.md §1.3e,0.0,0.0,【v2】A-10 双向回验：清单 ↔ code/ 实况 0 缺口（补登 Q2 创新链脚本 11 项）
P,全题,12,附录与代码可复现性,12.2,求解结果附录,✅,,,0.0,0.0,result1–4＋CSV镜像
P,全题,12,附录与代码可复现性,12.3,补充图表附录,✅,,,0.0,0.0,参考图38图/76件+F-44–F-50
P,全题,12,附录与代码可复现性,12.4,代码完整可运行,✅,,,0.0,0.0,四问code/完整且跑通
P,全题,12,附录与代码可复现性,12.5,代码有注释,✅,,,0.0,0.0,关键步骤注释
P,全题,12,附录与代码可复现性,12.6,可复现性,✅,E-D,temp/_c03_selfcheck_report_v2.txt,0.0,0.0,【v2】C-03 门禁复核：文件↔现码、文件↔求解记录逐格一致（详见 12.7）
P,全题,12,附录与代码可复现性,12.7,代码与论文一致,✅,E-D,temp/_c03_selfcheck_report_v2.txt,0.0,0.0,【v2】C-03 交付前门禁：合计 0/280 不一致（Q1 温度 0/35、水分 0/35、文档 0/35；Q2 0/30、0/30、0/12、0/12）⟹ 三源（文件／文档／现码）完全一致
P,全题,12,附录与代码可复现性,12.8,附录编号规范,◻,,,0.0,0.0,附录编号属成稿
P,全题,13,论文格式与排版规范,13.1,页面设置,◻,,,0.0,0.0,
P,全题,13,论文格式与排版规范,13.2,字体字号统一,◻,,,0.0,0.0,
P,全题,13,论文格式与排版规范,13.3,行距统一,◻,,,0.0,0.0,
P,全题,13,论文格式与排版规范,13.4,页码页眉,◻,,,0.0,0.0,
P,全题,13,论文格式与排版规范,13.5,不写目录,◻,,,0.0,0.0,
P,全题,13,论文格式与排版规范,13.6,错别字,◻,,,0.0,0.0,
P,全题,13,论文格式与排版规范,13.7,公式编号右对齐,◻,,,0.0,0.0,
P,全题,13,论文格式与排版规范,13.8,图表按章节编号,◻,,,0.0,0.0,
P,全题,13,论文格式与排版规范,13.9,无空白页,◻,,,0.0,0.0,
P,全题,13,论文格式与排版规范,13.10,页数标准,◻,,,0.0,0.0,
P,全题,14,选题策略与赛题理解,14.1,题目理解准确,✅,,,0.0,0.0,口径台账＋裁定记录
P,全题,14,选题策略与赛题理解,14.2,各小问完整回答,✅,,,0.0,0.0,四问全覆盖
P,全题,14,选题策略与赛题理解,14.3,题目类型判断,✅,,,0.0,0.0,A机理分析类
P,全题,14,选题策略与赛题理解,14.4,题目背景结合,✅,,,0.0,0.0,附件1/2实测＋题面附录分套
P,全题,14,选题策略与赛题理解,14.5,题目难点把握,✅,,,0.0,0.0,移动边界/变物性/长时程
P,全题,15,论文合规与原创性检测,15.1,查重率,◻,,,0.0,0.0,查重需成稿
P,全题,15,论文合规与原创性检测,15.2,AI使用说明,✅,,,0.0,0.0,AI登记JSON＋声明模板就位
P,全题,15,论文合规与原创性检测,15.3,AI痕迹,◻,,,0.0,0.0,需成稿
P,全题,15,论文合规与原创性检测,15.4,数据真实,✅,,,0.0,0.0,数据全部源自题目附件
P,全题,15,论文合规与原创性检测,15.5,学术诚信,✅,,,0.0,0.0,零外部本题引用(题录红线)
P,全题,15,论文合规与原创性检测,15.6,人味浓度,◻,,,0.0,0.0,需成稿
P,全题,16,整体印象与获奖潜力,16.1,第一印象,◻,,,0.0,0.0,前3页属成稿
P,全题,16,整体印象与获奖潜力,16.2,工作量饱满,🏆,E-E,A_升级计划清单.md §八,0.0,0.0,【v2】28 创新项／107 脚本／50 图／51 卡／10+ 项检验（A 类 15 项落地后口径）
P,全题,16,整体印象与获奖潜力,16.3,逻辑闭环,✅,,,0.0,0.0,问题→检验→评价闭环
P,全题,16,整体印象与获奖潜力,16.4,亮点突出,🏆,,,0.0,0.0,精确推进/物料坐标/守恒双保险
P,全题,16,整体印象与获奖潜力,16.5,专业术语准确,✅,,,0.0,0.0,术语表13项统一定名
P,全题,16,整体印象与获奖潜力,16.6,问题特化策略,🏆,,,0.0,0.0,问题特化策略成体系
P,全题,16,整体印象与获奖潜力,16.7,算法改进深度,🏆,,,0.0,0.0,改进有依据有效果
P,全题,16,整体印象与获奖潜力,16.8,国奖级综合判断,✅,,,0.0,0.0,综合判断见报告
