t,T_center_q1,T_center_q2,T_surface_q1,T_surface_q2,C_surface_q1,C_surface_q2
1,28.0,28.0,28.0002,28.0001,2.5351,2.5352
2,28.0,28.0,28.0005,28.0004,2.5222,2.5227
3,28.0,28.0,28.0009,28.0007,2.511,2.5119
4,28.0,28.0,28.0015,28.001,2.5012,2.5026
5,28.0,28.0,28.002,28.0014,2.4923,2.4943
6,28.0,28.0,28.0027,28.0019,2.4844,2.4869
7,28.0,28.0,28.0034,28.0024,2.4771,2.4802
8,28.0,28.0,28.0041,28.0029,2.4705,2.4741
9,28.0,28.0,28.0049,28.0034,2.4643,2.4684
10,28.0,28.0,28.0057,28.004,2.4586,2.4631
11,28.0,28.0,28.0066,28.0046,2.4532,2.4582
12,28.0,28.0,28.0075,28.0053,2.4481,2.4535
13,28.0,28.0,28.0085,28.006,2.4433,2.449
14,28.0,28.0,28.0094,28.0067,2.4387,2.4448
15,28.0,28.0,28.0104,28.0074,2.4343,2.4408
16,28.0,28.0,28.0115,28.0081,2.4301,2.4369
17,28.0,28.0,28.0126,28.0089,2.4261,2.4331
18,28.0,28.0,28.0137,28.0097,2.4222,2.4295
19,28.0,28.0,28.0148,28.0105,2.4184,2.426
20,28.0,28.0,28.016,28.0113,2.4147,2.4226
21,28.0,28.0,28.0172,28.0122,2.4112,2.4193
22,28.0,28.0,28.0184,28.0131,2.4077,2.4161
23,28.0,28.0,28.0197,28.014,2.4044,2.413
24,28.0,28.0,28.0209,28.0149,2.4011,2.41
25,28.0,28.0,28.0222,28.0158,2.3979,2.407
26,28.0,28.0,28.0235,28.0168,2.3948,2.4041
27,28.0,28.0,28.0249,28.0177,2.3918,2.4013
28,28.0,28.0,28.0263,28.0187,2.3888,2.3985
29,28.0,28.0,28.0277,28.0197,2.3859,2.3958
30,28.0,28.0,28.0291,28.0207,2.383,2.3931
31,28.0,28.0,28.0305,28.0218,2.3802,2.3905
32,28.0,28.0,28.032,28.0228,2.3774,2.388
33,28.0,28.0,28.0334,28.0239,2.3747,2.3854
34,28.0,28.0,28.0349,28.025,2.3721,2.383
35,28.0,28.0,28.0365,28.0261,2.3694,2.3805
36,28.0,28.0,28.038,28.0272,2.3669,2.3781
37,28.0,28.0,28.0396,28.0283,2.3643,2.3758
38,28.0,28.0,28.0411,28.0295,2.3618,2.3735
39,28.0,28.0,28.0427,28.0306,2.3594,2.3712
40,28.0,28.0,28.0444,28.0318,2.357,2.3689
41,28.0,28.0,28.046,28.033,2.3546,2.3667
42,28.0,28.0,28.0476,28.0342,2.3522,2.3645
43,28.0,28.0,28.0493,28.0354,2.3499,2.3623
44,28.0,28.0,28.051,28.0366,2.3476,2.3602
45,28.0,28.0,28.0527,28.0379,2.3453,2.3581
46,28.0,28.0,28.0544,28.0391,2.3431,2.356
47,28.0,28.0,28.0562,28.0404,2.3409,2.3539
48,28.0,28.0,28.0579,28.0417,2.3387,2.3519
49,28.0,28.0,28.0597,28.043,2.3366,2.3499
50,28.0,28.0,28.0615,28.0443,2.3344,2.3479
51,28.0,28.0,28.0633,28.0456,2.3323,2.346
52,28.0,28.0,28.0651,28.0469,2.3302,2.344
53,28.0,28.0,28.067,28.0483,2.3282,2.3421
54,28.0,28.0,28.0688,28.0496,2.3261,2.3402
55,28.0,28.0,28.0707,28.051,2.3241,2.3383
56,28.0,28.0,28.0726,28.0524,2.3221,2.3365
57,28.0,28.0,28.0745,28.0538,2.3201,2.3346
58,28.0,28.0,28.0764,28.0552,2.3182,2.3328
59,28.0,28.0,28.0783,28.0566,2.3163,2.331
60,28.0,28.0,28.0802,28.058,2.3143,2.3292
61,28.0,28.0,28.0822,28.0595,2.3124,2.3274
62,28.0,28.0,28.0843,28.061,2.3106,2.3257
63,28.0,28.0,28.0864,28.0625,2.3087,2.324
64,28.0,28.0,28.0885,28.0641,2.3068,2.3222
65,28.0,28.0,28.0907,28.0657,2.305,2.3205
66,28.0,28.0,28.0929,28.0673,2.3032,2.3188
67,28.0,28.0,28.0951,28.0689,2.3014,2.3172
68,28.0,28.0,28.0974,28.0706,2.2996,2.3155
69,28.0,28.0,28.0996,28.0723,2.2978,2.3139
70,28.0,28.0,28.1019,28.0739,2.2961,2.3122
71,28.0,28.0,28.1042,28.0756,2.2943,2.3106
72,28.0,28.0,28.1066,28.0774,2.2926,2.309
73,28.0,28.0,28.1089,28.0791,2.2909,2.3074
74,28.0,28.0,28.1113,28.0809,2.2892,2.3058
75,28.0,28.0,28.1137,28.0826,2.2875,2.3043
76,28.0,28.0,28.1162,28.0844,2.2858,2.3027
77,28.0,28.0,28.1186,28.0862,2.2842,2.3011
78,28.0,28.0,28.1211,28.0881,2.2825,2.2996
79,28.0,28.0,28.1236,28.0899,2.2809,2.2981
80,28.0,28.0,28.1261,28.0917,2.2793,2.2966
81,28.0,28.0,28.1286,28.0936,2.2777,2.2951
82,28.0,28.0,28.1312,28.0955,2.2761,2.2936
83,28.0,28.0,28.1337,28.0974,2.2745,2.2921
84,28.0,28.0,28.1363,28.0993,2.2729,2.2906
85,28.0,28.0,28.1389,28.1012,2.2713,2.2892
86,28.0,28.0,28.1415,28.1032,2.2698,2.2877
87,28.0,28.0,28.1442,28.1051,2.2682,2.2863
88,28.0,28.0,28.1468,28.1071,2.2667,2.2849
89,28.0,28.0,28.1495,28.1091,2.2652,2.2834
90,28.0,28.0,28.1522,28.1111,2.2636,2.282
91,28.0,28.0,28.1549,28.1131,2.2621,2.2806
92,28.0,28.0,28.1576,28.1151,2.2606,2.2792
93,28.0,28.0,28.1604,28.1171,2.2591,2.2779
94,28.0,28.0,28.1631,28.1192,2.2577,2.2765
95,28.0,28.0,28.1659,28.1212,2.2562,2.2751
96,28.0,28.0,28.1687,28.1233,2.2547,2.2738
97,28.0,28.0,28.1715,28.1254,2.2533,2.2724
98,28.0,28.0,28.1743,28.1275,2.2518,2.2711
99,28.0001,28.0,28.1771,28.1296,2.2504,2.2697
100,28.0001,28.0,28.18,28.1317,2.249,2.2684
101,28.0001,28.0,28.1829,28.1338,2.2476,2.2671
102,28.0001,28.0,28.1857,28.136,2.2461,2.2658
103,28.0001,28.0,28.1886,28.1381,2.2447,2.2645
104,28.0001,28.0,28.1916,28.1403,2.2433,2.2632
105,28.0001,28.0,28.1945,28.1425,2.242,2.2619
106,28.0001,28.0,28.1974,28.1447,2.2406,2.2606
107,28.0001,28.0,28.2004,28.1469,2.2392,2.2593
108,28.0001,28.0,28.2033,28.1491,2.2378,2.2581
109,28.0001,28.0,28.2063,28.1513,2.2365,2.2568
110,28.0001,28.0,28.2093,28.1535,2.2351,2.2556
111,28.0001,28.0,28.2123,28.1558,2.2338,2.2543
112,28.0001,28.0,28.2154,28.158,2.2325,2.2531
113,28.0001,28.0,28.2184,28.1603,2.2311,2.2519
114,28.0002,28.0,28.2215,28.1626,2.2298,2.2506
115,28.0002,28.0,28.2245,28.1649,2.2285,2.2494
116,28.0002,28.0,28.2276,28.1672,2.2272,2.2482
117,28.0002,28.0001,28.2307,28.1695,2.2259,2.247
118,28.0002,28.0001,28.2338,28.1718,2.2246,2.2458
119,28.0002,28.0001,28.2369,28.1742,2.2233,2.2446
120,28.0002,28.0001,28.2401,28.1765,2.222,2.2434
121,28.0002,28.0001,28.2432,28.1788,2.2207,2.2422
122,28.0003,28.0001,28.2462,28.1811,2.2195,2.241
123,28.0003,28.0001,28.2492,28.1834,2.2182,2.2399
124,28.0003,28.0001,28.2523,28.1857,2.2169,2.2387
125,28.0003,28.0001,28.2553,28.1879,2.2157,2.2375
126,28.0003,28.0001,28.2583,28.1902,2.2144,2.2364
127,28.0003,28.0001,28.2613,28.1924,2.2132,2.2352
128,28.0004,28.0001,28.2643,28.1947,2.212,2.2341
129,28.0004,28.0001,28.2673,28.197,2.2107,2.233
130,28.0004,28.0001,28.2703,28.1992,2.2095,2.2318
131,28.0004,28.0001,28.2732,28.2015,2.2083,2.2307
132,28.0005,28.0001,28.2762,28.2037,2.2071,2.2296
133,28.0005,28.0001,28.2792,28.206,2.2059,2.2285
134,28.0005,28.0001,28.2822,28.2082,2.2047,2.2273
135,28.0005,28.0002,28.2852,28.2105,2.2035,2.2262
136,28.0006,28.0002,28.2882,28.2127,2.2023,2.2251
137,28.0006,28.0002,28.2912,28.215,2.2011,2.224
138,28.0006,28.0002,28.2942,28.2173,2.1999,2.2229
139,28.0006,28.0002,28.2972,28.2195,2.1987,2.2219
140,28.0007,28.0002,28.3002,28.2218,2.1976,2.2208
141,28.0007,28.0002,28.3032,28.2241,2.1964,2.2197
142,28.0007,28.0002,28.3062,28.2264,2.1952,2.2186
143,28.0008,28.0002,28.3092,28.2286,2.1941,2.2176
144,28.0008,28.0003,28.3122,28.2309,2.1929,2.2165
145,28.0009,28.0003,28.3152,28.2332,2.1918,2.2154
146,28.0009,28.0003,28.3183,28.2355,2.1906,2.2144
147,28.0009,28.0003,28.3213,28.2378,2.1895,2.2133
148,28.001,28.0003,28.3243,28.2401,2.1884,2.2123
149,28.001,28.0003,28.3273,28.2424,2.1872,2.2112
150,28.0011,28.0003,28.3304,28.2447,2.1861,2.2102
151,28.0011,28.0004,28.3334,28.247,2.185,2.2092
152,28.0012,28.0004,28.3365,28.2493,2.1839,2.2081
153,28.0012,28.0004,28.3395,28.2516,2.1828,2.2071
154,28.0013,28.0004,28.3426,28.2539,2.1817,2.2061
155,28.0013,28.0004,28.3456,28.2563,2.1805,2.2051
156,28.0014,28.0005,28.3487,28.2586,2.1794,2.204
157,28.0014,28.0005,28.3517,28.2609,2.1784,2.203
158,28.0015,28.0005,28.3548,28.2632,2.1773,2.202
159,28.0015,28.0005,28.3579,28.2656,2.1762,2.201
160,28.0016,28.0005,28.361,28.2679,2.1751,2.2
161,28.0017,28.0006,28.364,28.2703,2.174,2.199
162,28.0017,28.0006,28.3671,28.2726,2.1729,2.198
163,28.0018,28.0006,28.3702,28.275,2.1719,2.197
164,28.0019,28.0006,28.3733,28.2773,2.1708,2.1961
165,28.0019,28.0007,28.3764,28.2797,2.1697,2.1951
166,28.002,28.0007,28.3795,28.2821,2.1687,2.1941
167,28.0021,28.0007,28.3826,28.2844,2.1676,2.1931
168,28.0022,28.0007,28.3857,28.2868,2.1666,2.1922
169,28.0022,28.0008,28.3888,28.2892,2.1655,2.1912
170,28.0023,28.0008,28.392,28.2916,2.1645,2.1902
171,28.0024,28.0008,28.3951,28.294,2.1634,2.1893
172,28.0025,28.0009,28.3982,28.2964,2.1624,2.1883
173,28.0026,28.0009,28.4014,28.2987,2.1614,2.1874
174,28.0027,28.0009,28.4045,28.3011,2.1603,2.1864
175,28.0028,28.001,28.4077,28.3036,2.1593,2.1855
176,28.0028,28.001,28.4108,28.306,2.1583,2.1845
177,28.0029,28.001,28.414,28.3084,2.1573,2.1836
178,28.003,28.0011,28.4171,28.3108,2.1563,2.1827
179,28.0031,28.0011,28.4203,28.3132,2.1553,2.1817
180,28.0032,28.0012,28.4235,28.3156,2.1542,2.1808
181,28.0034,28.0012,28.4266,28.318,2.1532,2.1799
182,28.0035,28.0013,28.4297,28.3204,2.1522,2.1789
183,28.0036,28.0013,28.4328,28.3228,2.1512,2.178
184,28.0037,28.0013,28.4358,28.3251,2.1502,2.1771
185,28.0038,28.0014,28.4389,28.3275,2.1493,2.1762
186,28.0039,28.0014,28.4419,28.3298,2.1483,2.1753
187,28.004,28.0015,28.4449,28.3321,2.1473,2.1744
188,28.0042,28.0015,28.4479,28.3344,2.1463,2.1735
189,28.0043,28.0016,28.4509,28.3367,2.1453,2.1726
190,28.0044,28.0016,28.4539,28.3391,2.1443,2.1717
191,28.0045,28.0017,28.4569,28.3414,2.1434,2.1708
192,28.0047,28.0017,28.4599,28.3437,2.1424,2.1699
193,28.0048,28.0018,28.4629,28.346,2.1414,2.169
194,28.005,28.0019,28.4659,28.3483,2.1405,2.1681
195,28.0051,28.0019,28.4689,28.3506,2.1395,2.1672
196,28.0052,28.002,28.4718,28.3529,2.1385,2.1663
197,28.0054,28.002,28.4748,28.3552,2.1376,2.1655
198,28.0055,28.0021,28.4778,28.3574,2.1366,2.1646
199,28.0057,28.0022,28.4807,28.3597,2.1357,2.1637
200,28.0058,28.0022,28.4837,28.362,2.1347,2.1628
201,28.006,28.0023,28.4867,28.3643,2.1338,2.162
202,28.0062,28.0024,28.4896,28.3666,2.1329,2.1611
203,28.0063,28.0024,28.4926,28.3689,2.1319,2.1602
204,28.0065,28.0025,28.4955,28.3712,2.131,2.1594
205,28.0067,28.0026,28.4985,28.3735,2.13,2.1585
206,28.0069,28.0027,28.5014,28.3757,2.1291,2.1577
207,28.007,28.0027,28.5044,28.378,2.1282,2.1568
208,28.0072,28.0028,28.5073,28.3803,2.1273,2.156
209,28.0074,28.0029,28.5103,28.3826,2.1263,2.1551
210,28.0076,28.003,28.5132,28.3849,2.1254,2.1543
211,28.0078,28.0031,28.5162,28.3872,2.1245,2.1534
212,28.008,28.0032,28.5191,28.3894,2.1236,2.1526
213,28.0082,28.0032,28.5221,28.3917,2.1227,2.1518
214,28.0084,28.0033,28.525,28.394,2.1218,2.1509
215,28.0086,28.0034,28.528,28.3963,2.1209,2.1501
216,28.0088,28.0035,28.5309,28.3986,2.12,2.1493
217,28.009,28.0036,28.5338,28.4009,2.1191,2.1484
218,28.0092,28.0037,28.5368,28.4032,2.1182,2.1476
219,28.0094,28.0038,28.5397,28.4054,2.1173,2.1468
220,28.0097,28.0039,28.5427,28.4077,2.1164,2.146
221,28.0099,28.004,28.5456,28.41,2.1155,2.1452
222,28.0101,28.0041,28.5486,28.4123,2.1146,2.1443
223,28.0104,28.0042,28.5515,28.4146,2.1137,2.1435
224,28.0106,28.0043,28.5544,28.4169,2.1128,2.1427
225,28.0108,28.0044,28.5574,28.4192,2.1119,2.1419
226,28.0111,28.0045,28.5603,28.4215,2.1111,2.1411
227,28.0113,28.0046,28.5633,28.4238,2.1102,2.1403
228,28.0116,28.0048,28.5662,28.4261,2.1093,2.1395
229,28.0118,28.0049,28.5692,28.4283,2.1084,2.1387
230,28.0121,28.005,28.5721,28.4306,2.1076,2.1379
231,28.0124,28.0051,28.5751,28.4329,2.1067,2.1371
232,28.0126,28.0052,28.578,28.4352,2.1058,2.1363
233,28.0129,28.0054,28.581,28.4375,2.105,2.1355
234,28.0132,28.0055,28.5839,28.4398,2.1041,2.1347
235,28.0135,28.0056,28.5869,28.4421,2.1033,2.1339
236,28.0137,28.0057,28.5898,28.4444,2.1024,2.1332
237,28.014,28.0059,28.5928,28.4467,2.1016,2.1324
238,28.0143,28.006,28.5957,28.449,2.1007,2.1316
239,28.0146,28.0061,28.5987,28.4513,2.0999,2.1308
240,28.0149,28.0063,28.6016,28.4537,2.099,2.13
241,28.0152,28.0064,28.6047,28.4561,2.0982,2.1293
242,28.0155,28.0066,28.6079,28.4586,2.0973,2.1285
243,28.0158,28.0067,28.6113,28.4612,2.0965,2.1277
244,28.0161,28.0069,28.6147,28.4638,2.0956,2.127
245,28.0165,28.007,28.6181,28.4665,2.0948,2.1262
246,28.0168,28.0072,28.6216,28.4692,2.094,2.1254
247,28.0171,28.0073,28.6251,28.4719,2.0931,2.1247
248,28.0175,28.0075,28.6287,28.4747,2.0923,2.1239
249,28.0178,28.0076,28.6323,28.4775,2.0915,2.1231
250,28.0181,28.0078,28.636,28.4803,2.0907,2.1224
251,28.0185,28.008,28.6397,28.4832,2.0898,2.1216
252,28.0188,28.0081,28.6434,28.4861,2.089,2.1209
253,28.0192,28.0083,28.6472,28.489,2.0882,2.1201
254,28.0195,28.0085,28.651,28.4919,2.0874,2.1194
255,28.0199,28.0086,28.6548,28.4948,2.0865,2.1186
256,28.0203,28.0088,28.6587,28.4978,2.0857,2.1179
257,28.0206,28.009,28.6626,28.5008,2.0849,2.1172
258,28.021,28.0092,28.6665,28.5038,2.0841,2.1164
259,28.0214,28.0094,28.6704,28.5069,2.0833,2.1157
260,28.0218,28.0095,28.6744,28.5099,2.0825,2.1149
261,28.0222,28.0097,28.6783,28.513,2.0817,2.1142
262,28.0226,28.0099,28.6823,28.5161,2.0809,2.1135
263,28.023,28.0101,28.6864,28.5192,2.0801,2.1127
264,28.0234,28.0103,28.6904,28.5223,2.0793,2.112
265,28.0238,28.0105,28.6945,28.5255,2.0785,2.1113
266,28.0242,28.0107,28.6986,28.5287,2.0777,2.1106
267,28.0246,28.0109,28.7027,28.5318,2.0769,2.1098
268,28.025,28.0111,28.7069,28.535,2.0761,2.1091
269,28.0254,28.0113,28.711,28.5382,2.0753,2.1084
270,28.0259,28.0115,28.7152,28.5415,2.0745,2.1077
271,28.0263,28.0117,28.7194,28.5447,2.0737,2.107
272,28.0267,28.012,28.7236,28.548,2.073,2.1063
273,28.0272,28.0122,28.7279,28.5513,2.0722,2.1055
274,28.0276,28.0124,28.7321,28.5545,2.0714,2.1048
275,28.0281,28.0126,28.7364,28.5579,2.0706,2.1041
276,28.0285,28.0128,28.7407,28.5612,2.0698,2.1034
277,28.029,28.0131,28.745,28.5645,2.0691,2.1027
278,28.0294,28.0133,28.7493,28.5679,2.0683,2.102
279,28.0299,28.0135,28.7537,28.5712,2.0675,2.1013
280,28.0304,28.0138,28.7581,28.5746,2.0668,2.1006
281,28.0309,28.014,28.7624,28.578,2.066,2.0999
282,28.0313,28.0143,28.7668,28.5814,2.0652,2.0992
283,28.0318,28.0145,28.7713,28.5848,2.0645,2.0985
284,28.0323,28.0148,28.7757,28.5882,2.0637,2.0978
285,28.0328,28.015,28.7801,28.5917,2.0629,2.0971
286,28.0333,28.0153,28.7846,28.5951,2.0622,2.0964
287,28.0338,28.0155,28.7891,28.5986,2.0614,2.0958
288,28.0343,28.0158,28.7936,28.6021,2.0606,2.0951
289,28.0349,28.016,28.7981,28.6056,2.0599,2.0944
290,28.0354,28.0163,28.8026,28.6091,2.0591,2.0937
291,28.0359,28.0166,28.8072,28.6126,2.0584,2.093
292,28.0364,28.0168,28.8117,28.6161,2.0576,2.0923
293,28.037,28.0171,28.8163,28.6197,2.0569,2.0917
294,28.0375,28.0174,28.8209,28.6232,2.0561,2.091
295,28.038,28.0177,28.8255,28.6268,2.0554,2.0903
296,28.0386,28.0179,28.8301,28.6304,2.0546,2.0896
297,28.0391,28.0182,28.8348,28.634,2.0539,2.089
298,28.0397,28.0185,28.8394,28.6376,2.0532,2.0883
299,28.0403,28.0188,28.8441,28.6412,2.0524,2.0876
300,28.0408,28.0191,28.8488,28.6448,2.0517,2.087
301,28.0414,28.0194,28.8533,28.6484,2.051,2.0863
302,28.042,28.0197,28.8578,28.6518,2.0502,2.0856
303,28.0426,28.02,28.8623,28.6553,2.0495,2.085
304,28.0432,28.0203,28.8667,28.6587,2.0488,2.0843
305,28.0437,28.0206,28.8711,28.6621,2.048,2.0836
306,28.0443,28.0209,28.8754,28.6655,2.0473,2.083
307,28.0449,28.0212,28.8797,28.6689,2.0466,2.0823
308,28.0455,28.0215,28.884,28.6723,2.0458,2.0817
309,28.0462,28.0219,28.8883,28.6756,2.0451,2.081
310,28.0468,28.0222,28.8926,28.679,2.0444,2.0804
311,28.0474,28.0225,28.8969,28.6823,2.0437,2.0797
312,28.048,28.0228,28.9011,28.6856,2.0429,2.0791
313,28.0486,28.0232,28.9054,28.6889,2.0422,2.0784
314,28.0493,28.0235,28.9096,28.6923,2.0415,2.0778
315,28.0499,28.0238,28.9139,28.6956,2.0408,2.0771
316,28.0506,28.0242,28.9181,28.6989,2.0401,2.0765
317,28.0512,28.0245,28.9223,28.7022,2.0394,2.0758
318,28.0519,28.0249,28.9265,28.7055,2.0387,2.0752
319,28.0525,28.0252,28.9307,28.7087,2.0379,2.0746
320,28.0532,28.0256,28.9349,28.712,2.0372,2.0739
321,28.0538,28.0259,28.9391,28.7153,2.0365,2.0733
322,28.0545,28.0263,28.9432,28.7186,2.0358,2.0726
323,28.0552,28.0266,28.9474,28.7219,2.0351,2.072
324,28.0559,28.027,28.9516,28.7251,2.0344,2.0714
325,28.0566,28.0274,28.9558,28.7284,2.0337,2.0707
326,28.0573,28.0278,28.9599,28.7317,2.033,2.0701
327,28.0579,28.0281,28.9641,28.7349,2.0323,2.0695
328,28.0587,28.0285,28.9682,28.7382,2.0316,2.0689
329,28.0594,28.0289,28.9724,28.7415,2.0309,2.0682
330,28.0601,28.0293,28.9765,28.7447,2.0302,2.0676
331,28.0608,28.0296,28.9807,28.748,2.0295,2.067
332,28.0615,28.03,28.9848,28.7513,2.0288,2.0664
333,28.0622,28.0304,28.989,28.7545,2.0281,2.0657
334,28.063,28.0308,28.9931,28.7578,2.0275,2.0651
335,28.0637,28.0312,28.9973,28.761,2.0268,2.0645
336,28.0644,28.0316,29.0014,28.7643,2.0261,2.0639
337,28.0652,28.032,29.0055,28.7676,2.0254,2.0633
338,28.0659,28.0324,29.0097,28.7708,2.0247,2.0626
339,28.0667,28.0328,29.0138,28.7741,2.024,2.062
340,28.0674,28.0333,29.0179,28.7773,2.0233,2.0614
341,28.0682,28.0337,29.0221,28.7806,2.0227,2.0608
342,28.069,28.0341,29.0262,28.7838,2.022,2.0602
343,28.0698,28.0345,29.0303,28.7871,2.0213,2.0596
344,28.0705,28.0349,29.0345,28.7904,2.0206,2.059
345,28.0713,28.0354,29.0386,28.7936,2.02,2.0584
346,28.0721,28.0358,29.0427,28.7969,2.0193,2.0577
347,28.0729,28.0362,29.0469,28.8001,2.0186,2.0571
348,28.0737,28.0367,29.051,28.8034,2.0179,2.0565
349,28.0745,28.0371,29.0551,28.8066,2.0173,2.0559
350,28.0753,28.0376,29.0593,28.8099,2.0166,2.0553
351,28.0761,28.038,29.0634,28.8132,2.0159,2.0547
352,28.077,28.0385,29.0675,28.8164,2.0153,2.0541
353,28.0778,28.0389,29.0716,28.8197,2.0146,2.0535
354,28.0786,28.0394,29.0758,28.823,2.0139,2.0529
355,28.0795,28.0399,29.0799,28.8262,2.0133,2.0523
356,28.0803,28.0403,29.084,28.8295,2.0126,2.0517
357,28.0811,28.0408,29.0882,28.8328,2.0119,2.0512
358,28.082,28.0413,29.0923,28.836,2.0113,2.0506
359,28.0828,28.0417,29.0964,28.8393,2.0106,2.05
360,28.0837,28.0422,29.1006,28.8426,2.01,2.0494
361,28.0846,28.0427,29.1047,28.8459,2.0093,2.0488
362,28.0855,28.0432,29.1089,28.8492,2.0086,2.0482
363,28.0863,28.0437,29.1131,28.8525,2.008,2.0476
364,28.0872,28.0442,29.1173,28.8558,2.0073,2.047
365,28.0881,28.0447,29.1215,28.8591,2.0067,2.0464
366,28.089,28.0452,29.1257,28.8625,2.006,2.0459
367,28.0899,28.0457,29.1299,28.8658,2.0054,2.0453
368,28.0908,28.0462,29.1342,28.8692,2.0047,2.0447
369,28.0917,28.0467,29.1384,28.8725,2.0041,2.0441
370,28.0926,28.0472,29.1427,28.8759,2.0034,2.0435
371,28.0935,28.0477,29.1469,28.8792,2.0028,2.043
372,28.0945,28.0482,29.1512,28.8826,2.0021,2.0424
373,28.0954,28.0487,29.1554,28.886,2.0015,2.0418
374,28.0963,28.0493,29.1597,28.8894,2.0009,2.0412
375,28.0973,28.0498,29.164,28.8928,2.0002,2.0407
376,28.0982,28.0503,29.1683,28.8962,1.9996,2.0401
377,28.0992,28.0509,29.1726,28.8996,1.9989,2.0395
378,28.1001,28.0514,29.1769,28.903,1.9983,2.0389
379,28.1011,28.0519,29.1812,28.9064,1.9977,2.0384
380,28.1021,28.0525,29.1855,28.9098,1.997,2.0378
381,28.103,28.053,29.1898,28.9132,1.9964,2.0372
382,28.104,28.0536,29.1941,28.9166,1.9958,2.0367
383,28.105,28.0542,29.1984,28.92,1.9951,2.0361
384,28.106,28.0547,29.2027,28.9235,1.9945,2.0355
385,28.107,28.0553,29.207,28.9269,1.9939,2.035
386,28.108,28.0558,29.2114,28.9303,1.9932,2.0344
387,28.109,28.0564,29.2157,28.9338,1.9926,2.0339
388,28.11,28.057,29.2201,28.9372,1.992,2.0333
389,28.111,28.0576,29.2244,28.9407,1.9914,2.0327
390,28.112,28.0582,29.2288,28.9441,1.9907,2.0322
391,28.1131,28.0587,29.2331,28.9476,1.9901,2.0316
392,28.1141,28.0593,29.2375,28.951,1.9895,2.0311
393,28.1152,28.0599,29.2418,28.9545,1.9889,2.0305
394,28.1162,28.0605,29.2462,28.958,1.9882,2.03
395,28.1173,28.0611,29.2506,28.9614,1.9876,2.0294
396,28.1183,28.0617,29.255,28.9649,1.987,2.0289
397,28.1194,28.0623,29.2593,28.9684,1.9864,2.0283
398,28.1204,28.0629,29.2637,28.9719,1.9858,2.0278
399,28.1215,28.0636,29.2681,28.9754,1.9851,2.0272
400,28.1226,28.0642,29.2725,28.9788,1.9845,2.0267
401,28.1237,28.0648,29.2769,28.9823,1.9839,2.0261
402,28.1248,28.0654,29.2813,28.9858,1.9833,2.0256
403,28.1259,28.0661,29.2857,28.9893,1.9827,2.025
404,28.127,28.0667,29.2901,28.9929,1.9821,2.0245
405,28.1281,28.0673,29.2945,28.9964,1.9815,2.0239
406,28.1292,28.068,29.299,28.9999,1.9809,2.0234
407,28.1303,28.0686,29.3034,29.0034,1.9803,2.0228
408,28.1314,28.0693,29.3078,29.0069,1.9796,2.0223
409,28.1326,28.0699,29.3123,29.0104,1.979,2.0218
410,28.1337,28.0706,29.3167,29.014,1.9784,2.0212
411,28.1349,28.0712,29.3211,29.0175,1.9778,2.0207
412,28.136,28.0719,29.3256,29.021,1.9772,2.0202
413,28.1372,28.0726,29.33,29.0246,1.9766,2.0196
414,28.1383,28.0732,29.3345,29.0281,1.976,2.0191
415,28.1395,28.0739,29.3389,29.0317,1.9754,2.0185
416,28.1407,28.0746,29.3434,29.0352,1.9748,2.018
417,28.1418,28.0753,29.3479,29.0388,1.9742,2.0175
418,28.143,28.076,29.3523,29.0423,1.9736,2.0169
419,28.1442,28.0767,29.3568,29.0459,1.973,2.0164
420,28.1454,28.0773,29.3613,29.0495,1.9724,2.0159
421,28.1466,28.078,29.3657,29.053,1.9718,2.0154
422,28.1478,28.0787,29.37,29.0564,1.9712,2.0148
423,28.149,28.0795,29.3743,29.0599,1.9706,2.0143
424,28.1502,28.0802,29.3786,29.0633,1.9701,2.0138
425,28.1515,28.0809,29.3828,29.0667,1.9695,2.0133
426,28.1527,28.0816,29.3871,29.0701,1.9689,2.0127
427,28.1539,28.0823,29.3913,29.0735,1.9683,2.0122
428,28.1552,28.083,29.3955,29.0768,1.9677,2.0117
429,28.1564,28.0838,29.3996,29.0802,1.9671,2.0112
430,28.1577,28.0845,29.4038,29.0835,1.9665,2.0106
431,28.1589,28.0852,29.408,29.0868,1.9659,2.0101
432,28.1602,28.086,29.4121,29.0901,1.9653,2.0096
433,28.1615,28.0867,29.4162,29.0934,1.9648,2.0091
434,28.1628,28.0875,29.4203,29.0968,1.9642,2.0086
435,28.164,28.0882,29.4244,29.1,1.9636,2.0081
436,28.1653,28.089,29.4285,29.1033,1.963,2.0075
437,28.1666,28.0898,29.4326,29.1066,1.9624,2.007
438,28.1679,28.0905,29.4367,29.1099,1.9618,2.0065
439,28.1692,28.0913,29.4407,29.1132,1.9613,2.006
440,28.1705,28.0921,29.4448,29.1164,1.9607,2.0055
441,28.1719,28.0928,29.4488,29.1197,1.9601,2.005
442,28.1732,28.0936,29.4529,29.1229,1.9595,2.0045
443,28.1745,28.0944,29.4569,29.1262,1.959,2.0039
444,28.1758,28.0952,29.4609,29.1294,1.9584,2.0034
445,28.1772,28.096,29.4649,29.1327,1.9578,2.0029
446,28.1785,28.0968,29.469,29.1359,1.9572,2.0024
447,28.1799,28.0976,29.473,29.1391,1.9567,2.0019
448,28.1812,28.0984,29.477,29.1424,1.9561,2.0014
449,28.1826,28.0992,29.481,29.1456,1.9555,2.0009
450,28.184,28.1,29.4849,29.1488,1.955,2.0004
451,28.1854,28.1008,29.4889,29.152,1.9544,1.9999
452,28.1867,28.1016,29.4929,29.1552,1.9538,1.9994
453,28.1881,28.1025,29.4969,29.1584,1.9532,1.9989
454,28.1895,28.1033,29.5008,29.1616,1.9527,1.9984
455,28.1909,28.1041,29.5048,29.1648,1.9521,1.9979
456,28.1923,28.105,29.5087,29.168,1.9515,1.9974
457,28.1937,28.1058,29.5127,29.1712,1.951,1.9969
458,28.1952,28.1067,29.5166,29.1744,1.9504,1.9964
459,28.1966,28.1075,29.5206,29.1776,1.9499,1.9959
460,28.198,28.1084,29.5245,29.1808,1.9493,1.9954
461,28.1994,28.1092,29.5285,29.184,1.9487,1.9949
462,28.2009,28.1101,29.5324,29.1872,1.9482,1.9944
463,28.2023,28.1109,29.5363,29.1903,1.9476,1.9939
464,28.2038,28.1118,29.5402,29.1935,1.9471,1.9934
465,28.2052,28.1127,29.5442,29.1967,1.9465,1.9929
466,28.2067,28.1136,29.5481,29.1999,1.9459,1.9924
467,28.2082,28.1144,29.552,29.203,1.9454,1.9919
468,28.2097,28.1153,29.5559,29.2062,1.9448,1.9914
469,28.2111,28.1162,29.5598,29.2094,1.9443,1.9909
470,28.2126,28.1171,29.5637,29.2125,1.9437,1.9905
471,28.2141,28.118,29.5676,29.2157,1.9432,1.99
472,28.2156,28.1189,29.5715,29.2188,1.9426,1.9895
473,28.2171,28.1198,29.5754,29.222,1.9421,1.989
474,28.2186,28.1207,29.5793,29.2251,1.9415,1.9885
475,28.2201,28.1216,29.5831,29.2283,1.941,1.988
476,28.2217,28.1226,29.587,29.2315,1.9404,1.9875
477,28.2232,28.1235,29.5909,29.2346,1.9399,1.987
478,28.2247,28.1244,29.5948,29.2377,1.9393,1.9866
479,28.2263,28.1253,29.5987,29.2409,1.9388,1.9861
480,28.2278,28.1263,29.6025,29.244,1.9382,1.9856
481,28.2294,28.1272,29.6065,29.2473,1.9377,1.9851
482,28.2309,28.1281,29.6106,29.2505,1.9371,1.9846
483,28.2325,28.1291,29.6147,29.2539,1.9366,1.9841
484,28.2341,28.13,29.6188,29.2572,1.936,1.9837
485,28.2356,28.131,29.623,29.2606,1.9355,1.9832
486,28.2372,28.132,29.6273,29.264,1.9349,1.9827
487,28.2388,28.1329,29.6315,29.2675,1.9344,1.9822
488,28.2404,28.1339,29.6358,29.2709,1.9339,1.9818
489,28.242,28.1349,29.6401,29.2744,1.9333,1.9813
490,28.2436,28.1358,29.6444,29.2779,1.9328,1.9808
491,28.2452,28.1368,29.6488,29.2814,1.9322,1.9803
492,28.2468,28.1378,29.6532,29.2849,1.9317,1.9799
493,28.2484,28.1388,29.6576,29.2885,1.9312,1.9794
494,28.2501,28.1398,29.662,29.292,1.9306,1.9789
495,28.2517,28.1408,29.6664,29.2956,1.9301,1.9784
496,28.2533,28.1418,29.6709,29.2992,1.9296,1.978
497,28.255,28.1428,29.6753,29.3028,1.929,1.9775
498,28.2566,28.1438,29.6798,29.3064,1.9285,1.977
499,28.2583,28.1448,29.6843,29.31,1.928,1.9766
500,28.2599,28.1458,29.6888,29.3137,1.9274,1.9761
501,28.2616,28.1468,29.6933,29.3173,1.9269,1.9756
502,28.2633,28.1479,29.6979,29.321,1.9264,1.9752
503,28.265,28.1489,29.7024,29.3246,1.9258,1.9747
504,28.2666,28.1499,29.707,29.3283,1.9253,1.9742
505,28.2683,28.151,29.7116,29.332,1.9248,1.9738
506,28.27,28.152,29.7161,29.3357,1.9243,1.9733
507,28.2717,28.153,29.7207,29.3394,1.9237,1.9728
508,28.2734,28.1541,29.7254,29.3431,1.9232,1.9724
509,28.2751,28.1551,29.73,29.3468,1.9227,1.9719
510,28.2769,28.1562,29.7346,29.3506,1.9221,1.9715
511,28.2786,28.1573,29.7393,29.3543,1.9216,1.971
512,28.2803,28.1583,29.7439,29.3581,1.9211,1.9705
513,28.2821,28.1594,29.7486,29.3618,1.9206,1.9701
514,28.2838,28.1605,29.7533,29.3656,1.9201,1.9696
515,28.2855,28.1616,29.758,29.3694,1.9195,1.9692
516,28.2873,28.1626,29.7627,29.3732,1.919,1.9687
517,28.289,28.1637,29.7674,29.377,1.9185,1.9683
518,28.2908,28.1648,29.7721,29.3808,1.918,1.9678
519,28.2926,28.1659,29.7769,29.3846,1.9175,1.9673
520,28.2944,28.167,29.7816,29.3884,1.9169,1.9669
521,28.2961,28.1681,29.7864,29.3922,1.9164,1.9664
522,28.2979,28.1692,29.7911,29.3961,1.9159,1.966
523,28.2997,28.1703,29.7959,29.3999,1.9154,1.9655
524,28.3015,28.1714,29.8007,29.4038,1.9149,1.9651
525,28.3033,28.1726,29.8055,29.4076,1.9143,1.9646
526,28.3051,28.1737,29.8103,29.4115,1.9138,1.9642
527,28.3069,28.1748,29.8151,29.4154,1.9133,1.9637
528,28.3087,28.1759,29.8199,29.4192,1.9128,1.9633
529,28.3106,28.1771,29.8247,29.4231,1.9123,1.9628
530,28.3124,28.1782,29.8296,29.427,1.9118,1.9624
531,28.3142,28.1794,29.8344,29.4309,1.9113,1.9619
532,28.3161,28.1805,29.8393,29.4348,1.9108,1.9615
533,28.3179,28.1817,29.8441,29.4387,1.9102,1.9611
534,28.3198,28.1828,29.849,29.4427,1.9097,1.9606
535,28.3216,28.184,29.8539,29.4466,1.9092,1.9602
536,28.3235,28.1851,29.8588,29.4505,1.9087,1.9597
537,28.3254,28.1863,29.8637,29.4545,1.9082,1.9593
538,28.3272,28.1875,29.8686,29.4584,1.9077,1.9588
539,28.3291,28.1887,29.8735,29.4624,1.9072,1.9584
540,28.331,28.1898,29.8784,29.4663,1.9067,1.958
541,28.3329,28.191,29.8833,29.4703,1.9062,1.9575
542,28.3348,28.1922,29.8881,29.4742,1.9057,1.9571
543,28.3367,28.1934,29.8929,29.4781,1.9052,1.9566
544,28.3386,28.1946,29.8978,29.482,1.9047,1.9562
545,28.3405,28.1958,29.9026,29.4859,1.9042,1.9558
546,28.3424,28.197,29.9074,29.4897,1.9037,1.9553
547,28.3443,28.1982,29.9122,29.4936,1.9032,1.9549
548,28.3462,28.1994,29.9169,29.4975,1.9027,1.9545
549,28.3482,28.2006,29.9217,29.5014,1.9022,1.954
550,28.3501,28.2019,29.9265,29.5052,1.9017,1.9536
551,28.3521,28.2031,29.9313,29.5091,1.9012,1.9532
552,28.354,28.2043,29.9361,29.5129,1.9007,1.9527
553,28.356,28.2055,29.9408,29.5168,1.9002,1.9523
554,28.3579,28.2068,29.9456,29.5207,1.8997,1.9519
555,28.3599,28.208,29.9504,29.5245,1.8992,1.9514
556,28.3618,28.2093,29.9551,29.5284,1.8987,1.951
557,28.3638,28.2105,29.9599,29.5322,1.8982,1.9506
558,28.3658,28.2118,29.9646,29.5361,1.8977,1.9501
559,28.3678,28.213,29.9694,29.5399,1.8972,1.9497
560,28.3698,28.2143,29.9742,29.5438,1.8967,1.9493
561,28.3718,28.2155,29.9789,29.5477,1.8962,1.9488
562,28.3738,28.2168,29.9837,29.5515,1.8957,1.9484
563,28.3758,28.2181,29.9884,29.5554,1.8952,1.948
564,28.3778,28.2194,29.9932,29.5592,1.8947,1.9476
565,28.3798,28.2206,29.998,29.5631,1.8942,1.9471
566,28.3818,28.2219,30.0027,29.567,1.8938,1.9467
567,28.3838,28.2232,30.0075,29.5708,1.8933,1.9463
568,28.3859,28.2245,30.0122,29.5747,1.8928,1.9459
569,28.3879,28.2258,30.017,29.5785,1.8923,1.9454
570,28.3899,28.2271,30.0218,29.5824,1.8918,1.945
571,28.392,28.2284,30.0265,29.5863,1.8913,1.9446
572,28.394,28.2297,30.0313,29.5901,1.8908,1.9442
573,28.3961,28.231,30.0361,29.594,1.8903,1.9438
574,28.3981,28.2323,30.0408,29.5979,1.8899,1.9433
575,28.4002,28.2336,30.0456,29.6017,1.8894,1.9429
576,28.4023,28.235,30.0504,29.6056,1.8889,1.9425
577,28.4043,28.2363,30.0551,29.6095,1.8884,1.9421
578,28.4064,28.2376,30.0599,29.6134,1.8879,1.9417
579,28.4085,28.239,30.0647,29.6172,1.8874,1.9412
580,28.4106,28.2403,30.0694,29.6211,1.8869,1.9408
581,28.4127,28.2416,30.0742,29.625,1.8865,1.9404
582,28.4148,28.243,30.079,29.6289,1.886,1.94
583,28.4169,28.2443,30.0838,29.6328,1.8855,1.9396
584,28.419,28.2457,30.0885,29.6366,1.885,1.9392
585,28.4211,28.247,30.0933,29.6405,1.8845,1.9388
586,28.4232,28.2484,30.0981,29.6444,1.8841,1.9383
587,28.4254,28.2498,30.1029,29.6483,1.8836,1.9379
588,28.4275,28.2511,30.1077,29.6522,1.8831,1.9375
589,28.4296,28.2525,30.1124,29.6561,1.8826,1.9371
590,28.4318,28.2539,30.1172,29.66,1.8822,1.9367
591,28.4339,28.2553,30.122,29.6639,1.8817,1.9363
592,28.436,28.2567,30.1268,29.6678,1.8812,1.9359
593,28.4382,28.258,30.1316,29.6717,1.8807,1.9355
594,28.4404,28.2594,30.1364,29.6756,1.8803,1.9351
595,28.4425,28.2608,30.1412,29.6795,1.8798,1.9346
596,28.4447,28.2622,30.146,29.6834,1.8793,1.9342
597,28.4469,28.2636,30.1508,29.6873,1.8788,1.9338
598,28.449,28.265,30.1556,29.6912,1.8784,1.9334
599,28.4512,28.2665,30.1604,29.6951,1.8779,1.933
600,28.4534,28.2679,30.1652,29.699,1.8774,1.9326
601,28.4556,28.2693,30.1701,29.703,1.8769,1.9322
602,28.4578,28.2707,30.175,29.707,1.8765,1.9318
603,28.46,28.2721,30.18,29.711,1.876,1.9314
604,28.4622,28.2736,30.185,29.7151,1.8755,1.931
605,28.4644,28.275,30.19,29.7192,1.8751,1.9306
606,28.4666,28.2764,30.1951,29.7233,1.8746,1.9302
607,28.4688,28.2779,30.2002,29.7274,1.8741,1.9298
608,28.4711,28.2793,30.2053,29.7316,1.8737,1.9294
609,28.4733,28.2808,30.2104,29.7358,1.8732,1.929
610,28.4755,28.2822,30.2155,29.7399,1.8727,1.9286
611,28.4778,28.2837,30.2207,29.7441,1.8723,1.9282
612,28.48,28.2851,30.2259,29.7483,1.8718,1.9278
613,28.4823,28.2866,30.2311,29.7525,1.8713,1.9274
614,28.4845,28.2881,30.2363,29.7568,1.8709,1.927
615,28.4868,28.2896,30.2415,29.761,1.8704,1.9266
616,28.4891,28.291,30.2468,29.7653,1.8699,1.9262
617,28.4913,28.2925,30.252,29.7695,1.8695,1.9258
618,28.4936,28.294,30.2573,29.7738,1.869,1.9254
619,28.4959,28.2955,30.2626,29.7781,1.8686,1.925
620,28.4982,28.297,30.2679,29.7824,1.8681,1.9246
621,28.5005,28.2985,30.2732,29.7867,1.8676,1.9242
622,28.5027,28.3,30.2785,29.791,1.8672,1.9238
623,28.505,28.3015,30.2838,29.7953,1.8667,1.9234
624,28.5073,28.303,30.2892,29.7997,1.8663,1.923
625,28.5097,28.3045,30.2945,29.804,1.8658,1.9226
626,28.512,28.306,30.2999,29.8084,1.8653,1.9222
627,28.5143,28.3075,30.3053,29.8127,1.8649,1.9218
628,28.5166,28.309,30.3106,29.8171,1.8644,1.9215
629,28.5189,28.3106,30.316,29.8215,1.864,1.9211
630,28.5213,28.3121,30.3215,29.8259,1.8635,1.9207
631,28.5236,28.3136,30.3269,29.8303,1.863,1.9203
632,28.5259,28.3152,30.3323,29.8347,1.8626,1.9199
633,28.5283,28.3167,30.3378,29.8391,1.8621,1.9195
634,28.5306,28.3182,30.3432,29.8435,1.8617,1.9191
635,28.533,28.3198,30.3487,29.8479,1.8612,1.9187
636,28.5354,28.3213,30.3541,29.8524,1.8608,1.9183
637,28.5377,28.3229,30.3596,29.8568,1.8603,1.918
638,28.5401,28.3245,30.3651,29.8613,1.8599,1.9176
639,28.5425,28.326,30.3706,29.8657,1.8594,1.9172
640,28.5448,28.3276,30.3761,29.8702,1.859,1.9168
641,28.5472,28.3292,30.3817,29.8747,1.8585,1.9164
642,28.5496,28.3307,30.3872,29.8792,1.8581,1.916
643,28.552,28.3323,30.3927,29.8837,1.8576,1.9157
644,28.5544,28.3339,30.3983,29.8882,1.8572,1.9153
645,28.5568,28.3355,30.4038,29.8927,1.8567,1.9149
646,28.5592,28.3371,30.4094,29.8972,1.8563,1.9145
647,28.5616,28.3387,30.415,29.9017,1.8558,1.9141
648,28.5641,28.3403,30.4206,29.9063,1.8554,1.9138
649,28.5665,28.3419,30.4262,29.9108,1.8549,1.9134
650,28.5689,28.3435,30.4318,29.9154,1.8545,1.913
651,28.5713,28.3451,30.4374,29.9199,1.854,1.9126
652,28.5738,28.3467,30.443,29.9245,1.8536,1.9122
653,28.5762,28.3483,30.4486,29.929,1.8531,1.9119
654,28.5787,28.3499,30.4542,29.9336,1.8527,1.9115
655,28.5811,28.3515,30.4599,29.9382,1.8522,1.9111
656,28.5836,28.3532,30.4655,29.9428,1.8518,1.9107
657,28.586,28.3548,30.4712,29.9474,1.8514,1.9103
658,28.5885,28.3564,30.4769,29.952,1.8509,1.91
659,28.591,28.3581,30.4825,29.9566,1.8505,1.9096
660,28.5935,28.3597,30.4882,29.9612,1.85,1.9092
661,28.5959,28.3614,30.4938,29.9657,1.8496,1.9089
662,28.5984,28.363,30.4993,29.9702,1.8491,1.9085
663,28.6009,28.3647,30.5048,29.9747,1.8487,1.9081
664,28.6034,28.3663,30.5102,29.9791,1.8483,1.9077
665,28.6059,28.368,30.5156,29.9835,1.8478,1.9074
666,28.6084,28.3696,30.521,29.9879,1.8474,1.907
667,28.6109,28.3713,30.5264,29.9923,1.8469,1.9066
668,28.6134,28.373,30.5317,29.9967,1.8465,1.9062
669,28.6159,28.3747,30.537,30.001,1.8461,1.9059
670,28.6185,28.3763,30.5423,30.0053,1.8456,1.9055
671,28.621,28.378,30.5476,30.0097,1.8452,1.9051
672,28.6235,28.3797,30.5529,30.014,1.8448,1.9048
673,28.6261,28.3814,30.5582,30.0183,1.8443,1.9044
674,28.6286,28.3831,30.5634,30.0226,1.8439,1.904
675,28.6312,28.3848,30.5687,30.0269,1.8434,1.9037
676,28.6337,28.3865,30.5739,30.0312,1.843,1.9033
677,28.6363,28.3882,30.5791,30.0354,1.8426,1.9029
678,28.6388,28.3899,30.5843,30.0397,1.8421,1.9026
679,28.6414,28.3916,30.5895,30.044,1.8417,1.9022
680,28.644,28.3933,30.5947,30.0482,1.8413,1.9018
681,28.6465,28.3951,30.5999,30.0525,1.8408,1.9015
682,28.6491,28.3968,30.6051,30.0567,1.8404,1.9011
683,28.6517,28.3985,30.6103,30.061,1.84,1.9007
684,28.6543,28.4002,30.6154,30.0652,1.8395,1.9004
685,28.6569,28.402,30.6206,30.0694,1.8391,1.9
686,28.6595,28.4037,30.6257,30.0737,1.8387,1.8996
687,28.6621,28.4055,30.6309,30.0779,1.8383,1.8993
688,28.6647,28.4072,30.636,30.0821,1.8378,1.8989
689,28.6673,28.409,30.6411,30.0863,1.8374,1.8986
690,28.6699,28.4107,30.6463,30.0906,1.837,1.8982
691,28.6726,28.4125,30.6514,30.0948,1.8365,1.8978
692,28.6752,28.4142,30.6565,30.099,1.8361,1.8975
693,28.6778,28.416,30.6616,30.1032,1.8357,1.8971
694,28.6805,28.4178,30.6667,30.1074,1.8353,1.8967
695,28.6831,28.4195,30.6718,30.1116,1.8348,1.8964
696,28.6857,28.4213,30.6769,30.1158,1.8344,1.896
697,28.6884,28.4231,30.682,30.12,1.834,1.8957
698,28.691,28.4249,30.6871,30.1241,1.8335,1.8953
699,28.6937,28.4267,30.6922,30.1283,1.8331,1.895
700,28.6964,28.4285,30.6973,30.1325,1.8327,1.8946
701,28.699,28.4303,30.7023,30.1367,1.8323,1.8942
702,28.7017,28.4321,30.7074,30.1409,1.8318,1.8939
703,28.7044,28.4339,30.7125,30.1451,1.8314,1.8935
704,28.7071,28.4357,30.7176,30.1492,1.831,1.8932
705,28.7098,28.4375,30.7226,30.1534,1.8306,1.8928
706,28.7125,28.4393,30.7277,30.1576,1.8302,1.8925
707,28.7152,28.4411,30.7327,30.1618,1.8297,1.8921
708,28.7179,28.4429,30.7378,30.1659,1.8293,1.8917
709,28.7206,28.4448,30.7428,30.1701,1.8289,1.8914
710,28.7233,28.4466,30.7479,30.1743,1.8285,1.891
711,28.726,28.4484,30.7529,30.1784,1.828,1.8907
712,28.7287,28.4503,30.758,30.1826,1.8276,1.8903
713,28.7315,28.4521,30.763,30.1867,1.8272,1.89
714,28.7342,28.454,30.7681,30.1909,1.8268,1.8896
715,28.7369,28.4558,30.7731,30.1951,1.8264,1.8893
716,28.7397,28.4577,30.7781,30.1992,1.826,1.8889
717,28.7424,28.4595,30.7832,30.2034,1.8255,1.8886
718,28.7452,28.4614,30.7882,30.2075,1.8251,1.8882
719,28.7479,28.4632,30.7932,30.2117,1.8247,1.8879
720,28.7507,28.4651,30.7982,30.2158,1.8243,1.8875
721,28.7535,28.467,30.8033,30.22,1.8239,1.8872
722,28.7562,28.4689,30.8084,30.2242,1.8234,1.8868
723,28.759,28.4707,30.8136,30.2285,1.823,1.8865
724,28.7618,28.4726,30.8187,30.2327,1.8226,1.8861
725,28.7646,28.4745,30.8239,30.237,1.8222,1.8858
726,28.7674,28.4764,30.8291,30.2413,1.8218,1.8854
727,28.7701,28.4783,30.8343,30.2456,1.8214,1.8851
728,28.7729,28.4802,30.8395,30.2499,1.821,1.8847
729,28.7758,28.4821,30.8448,30.2542,1.8205,1.8844
730,28.7786,28.484,30.85,30.2585,1.8201,1.884
731,28.7814,28.4859,30.8553,30.2629,1.8197,1.8837
732,28.7842,28.4878,30.8605,30.2672,1.8193,1.8834
733,28.787,28.4897,30.8658,30.2715,1.8189,1.883
734,28.7898,28.4917,30.8711,30.2759,1.8185,1.8827
735,28.7927,28.4936,30.8764,30.2803,1.8181,1.8823
736,28.7955,28.4955,30.8817,30.2846,1.8177,1.882
737,28.7984,28.4974,30.887,30.289,1.8173,1.8816
738,28.8012,28.4994,30.8923,30.2934,1.8168,1.8813
739,28.8041,28.5013,30.8976,30.2978,1.8164,1.881
740,28.8069,28.5033,30.9029,30.3022,1.816,1.8806
741,28.8098,28.5052,30.9082,30.3065,1.8156,1.8803
742,28.8126,28.5072,30.9136,30.311,1.8152,1.8799
743,28.8155,28.5091,30.9189,30.3154,1.8148,1.8796
744,28.8184,28.5111,30.9243,30.3198,1.8144,1.8793
745,28.8213,28.513,30.9296,30.3242,1.814,1.8789
746,28.8242,28.515,30.935,30.3286,1.8136,1.8786
747,28.8271,28.517,30.9404,30.333,1.8132,1.8782
748,28.83,28.519,30.9457,30.3375,1.8128,1.8779
749,28.8329,28.5209,30.9511,30.3419,1.8124,1.8776
750,28.8358,28.5229,30.9565,30.3463,1.812,1.8772
751,28.8387,28.5249,30.9619,30.3508,1.8116,1.8769
752,28.8416,28.5269,30.9673,30.3552,1.8111,1.8765
753,28.8445,28.5289,30.9727,30.3597,1.8107,1.8762
754,28.8474,28.5309,30.9781,30.3642,1.8103,1.8759
755,28.8504,28.5329,30.9835,30.3686,1.8099,1.8755
756,28.8533,28.5349,30.9889,30.3731,1.8095,1.8752
757,28.8562,28.5369,30.9943,30.3776,1.8091,1.8749
758,28.8592,28.5389,30.9998,30.382,1.8087,1.8745
759,28.8621,28.5409,31.0052,30.3865,1.8083,1.8742
760,28.8651,28.5429,31.0106,30.391,1.8079,1.8739
761,28.8681,28.545,31.0161,30.3955,1.8075,1.8735
762,28.871,28.547,31.0215,30.4,1.8071,1.8732
763,28.874,28.549,31.027,30.4045,1.8067,1.8729
764,28.877,28.5511,31.0324,30.409,1.8063,1.8725
765,28.8799,28.5531,31.0379,30.4135,1.8059,1.8722
766,28.8829,28.5552,31.0433,30.418,1.8055,1.8719
767,28.8859,28.5572,31.0488,30.4225,1.8051,1.8715
768,28.8889,28.5593,31.0543,30.427,1.8047,1.8712
769,28.8919,28.5613,31.0597,30.4316,1.8043,1.8709
770,28.8949,28.5634,31.0652,30.4361,1.8039,1.8705
771,28.8979,28.5654,31.0707,30.4406,1.8035,1.8702
772,28.9009,28.5675,31.0762,30.4452,1.8031,1.8699
773,28.904,28.5696,31.0817,30.4497,1.8027,1.8696
774,28.907,28.5717,31.0872,30.4542,1.8023,1.8692
775,28.91,28.5737,31.0927,30.4588,1.8019,1.8689
776,28.913,28.5758,31.0982,30.4633,1.8015,1.8686
777,28.9161,28.5779,31.1037,30.4679,1.8012,1.8682
778,28.9191,28.58,31.1092,30.4724,1.8008,1.8679
779,28.9222,28.5821,31.1147,30.477,1.8004,1.8676
780,28.9252,28.5842,31.1202,30.4816,1.8,1.8673
781,28.9283,28.5863,31.1257,30.4861,1.7996,1.8669
782,28.9313,28.5884,31.1311,30.4905,1.7992,1.8666
783,28.9344,28.5905,31.1365,30.495,1.7988,1.8663
784,28.9375,28.5926,31.1418,30.4994,1.7984,1.866
785,28.9405,28.5947,31.1471,30.5038,1.798,1.8656
786,28.9436,28.5969,31.1524,30.5082,1.7976,1.8653
787,28.9467,28.599,31.1577,30.5126,1.7972,1.865
788,28.9498,28.6011,31.163,30.517,1.7968,1.8647
789,28.9529,28.6032,31.1682,30.5213,1.7964,1.8643
790,28.956,28.6054,31.1735,30.5257,1.796,1.864
791,28.9591,28.6075,31.1787,30.53,1.7956,1.8637
792,28.9622,28.6097,31.1839,30.5344,1.7953,1.8634
793,28.9653,28.6118,31.1891,30.5387,1.7949,1.8631
794,28.9684,28.614,31.1943,30.543,1.7945,1.8627
795,28.9716,28.6161,31.1995,30.5474,1.7941,1.8624
796,28.9747,28.6183,31.2047,30.5517,1.7937,1.8621
797,28.9778,28.6204,31.2099,30.556,1.7933,1.8618
798,28.981,28.6226,31.215,30.5603,1.7929,1.8614
799,28.9841,28.6248,31.2202,30.5646,1.7925,1.8611
800,28.9872,28.627,31.2253,30.5689,1.7922,1.8608
801,28.9904,28.6291,31.2305,30.5732,1.7918,1.8605
802,28.9936,28.6313,31.2356,30.5774,1.7914,1.8602
803,28.9967,28.6335,31.2408,30.5817,1.791,1.8599
804,28.9999,28.6357,31.2459,30.586,1.7906,1.8595
805,29.003,28.6379,31.251,30.5903,1.7902,1.8592
806,29.0062,28.6401,31.2561,30.5945,1.7898,1.8589
807,29.0094,28.6423,31.2612,30.5988,1.7894,1.8586
808,29.0126,28.6445,31.2663,30.603,1.7891,1.8583
809,29.0158,28.6467,31.2714,30.6073,1.7887,1.8579
810,29.019,28.6489,31.2765,30.6115,1.7883,1.8576
811,29.0222,28.6511,31.2816,30.6158,1.7879,1.8573
812,29.0254,28.6534,31.2867,30.62,1.7875,1.857
813,29.0286,28.6556,31.2917,30.6243,1.7871,1.8567
814,29.0318,28.6578,31.2968,30.6285,1.7868,1.8564
815,29.035,28.66,31.3019,30.6327,1.7864,1.8561
816,29.0382,28.6623,31.3069,30.637,1.786,1.8557
817,29.0414,28.6645,31.312,30.6412,1.7856,1.8554
818,29.0447,28.6668,31.317,30.6454,1.7852,1.8551
819,29.0479,28.669,31.3221,30.6497,1.7849,1.8548
820,29.0511,28.6713,31.3271,30.6539,1.7845,1.8545
821,29.0544,28.6735,31.3322,30.6581,1.7841,1.8542
822,29.0576,28.6758,31.3372,30.6623,1.7837,1.8539
823,29.0609,28.678,31.3423,30.6665,1.7833,1.8535
824,29.0641,28.6803,31.3473,30.6707,1.783,1.8532
825,29.0674,28.6826,31.3523,30.6749,1.7826,1.8529
826,29.0707,28.6848,31.3573,30.6792,1.7822,1.8526
827,29.0739,28.6871,31.3624,30.6834,1.7818,1.8523
828,29.0772,28.6894,31.3674,30.6876,1.7814,1.852
829,29.0805,28.6917,31.3724,30.6918,1.7811,1.8517
830,29.0838,28.694,31.3774,30.696,1.7807,1.8514
831,29.0871,28.6963,31.3824,30.7002,1.7803,1.8511
832,29.0904,28.6986,31.3874,30.7044,1.7799,1.8507
833,29.0936,28.7009,31.3924,30.7086,1.7795,1.8504
834,29.097,28.7032,31.3974,30.7128,1.7792,1.8501
835,29.1003,28.7055,31.4024,30.7169,1.7788,1.8498
836,29.1036,28.7078,31.4074,30.7211,1.7784,1.8495
837,29.1069,28.7101,31.4124,30.7253,1.778,1.8492
838,29.1102,28.7124,31.4174,30.7295,1.7777,1.8489
839,29.1135,28.7148,31.4224,30.7337,1.7773,1.8486
840,29.1169,28.7171,31.4274,30.7379,1.7769,1.8483
841,29.1202,28.7194,31.4324,30.7421,1.7765,1.848
842,29.1235,28.7217,31.4374,30.7463,1.7762,1.8477
843,29.1269,28.7241,31.4424,30.7505,1.7758,1.8474
844,29.1302,28.7264,31.4474,30.7547,1.7754,1.8471
845,29.1336,28.7288,31.4525,30.7589,1.7751,1.8467
846,29.1369,28.7311,31.4575,30.7631,1.7747,1.8464
847,29.1403,28.7335,31.4625,30.7674,1.7743,1.8461
848,29.1436,28.7358,31.4675,30.7716,1.7739,1.8458
849,29.147,28.7382,31.4726,30.7758,1.7736,1.8455
850,29.1504,28.7405,31.4776,30.78,1.7732,1.8452
851,29.1537,28.7429,31.4826,30.7843,1.7728,1.8449
852,29.1571,28.7453,31.4877,30.7885,1.7725,1.8446
853,29.1605,28.7477,31.4927,30.7927,1.7721,1.8443
854,29.1639,28.75,31.4978,30.797,1.7717,1.844
855,29.1673,28.7524,31.5028,30.8012,1.7713,1.8437
856,29.1707,28.7548,31.5079,30.8054,1.771,1.8434
857,29.1741,28.7572,31.5129,30.8097,1.7706,1.8431
858,29.1775,28.7596,31.5179,30.8139,1.7702,1.8428
859,29.1809,28.762,31.523,30.8182,1.7699,1.8425
860,29.1843,28.7644,31.528,30.8224,1.7695,1.8422
861,29.1877,28.7668,31.5331,30.8266,1.7691,1.8419
862,29.1912,28.7692,31.5381,30.8309,1.7688,1.8416
863,29.1946,28.7716,31.5432,30.8351,1.7684,1.8413
864,29.198,28.774,31.5482,30.8394,1.768,1.841
865,29.2015,28.7764,31.5533,30.8436,1.7677,1.8407
866,29.2049,28.7789,31.5583,30.8479,1.7673,1.8404
867,29.2084,28.7813,31.5634,30.8521,1.7669,1.8401
868,29.2118,28.7837,31.5684,30.8564,1.7666,1.8398
869,29.2153,28.7861,31.5735,30.8606,1.7662,1.8395
870,29.2187,28.7886,31.5785,30.8649,1.7658,1.8392
871,29.2222,28.791,31.5836,30.8691,1.7655,1.8389
872,29.2256,28.7935,31.5887,30.8734,1.7651,1.8386
873,29.2291,28.7959,31.5937,30.8776,1.7647,1.8383
874,29.2326,28.7984,31.5988,30.8819,1.7644,1.838
875,29.2361,28.8008,31.6038,30.8861,1.764,1.8377
876,29.2395,28.8033,31.6089,30.8904,1.7636,1.8374
877,29.243,28.8057,31.6139,30.8946,1.7633,1.8371
878,29.2465,28.8082,31.619,30.8989,1.7629,1.8368
879,29.25,28.8107,31.6241,30.9031,1.7626,1.8365
880,29.2535,28.8131,31.6291,30.9074,1.7622,1.8362
881,29.257,28.8156,31.6342,30.9117,1.7618,1.8359
882,29.2605,28.8181,31.6392,30.9159,1.7615,1.8356
883,29.264,28.8206,31.6443,30.9202,1.7611,1.8353
884,29.2676,28.8231,31.6494,30.9244,1.7607,1.835
885,29.2711,28.8256,31.6544,30.9287,1.7604,1.8348
886,29.2746,28.8281,31.6595,30.933,1.76,1.8345
887,29.2781,28.8305,31.6645,30.9372,1.7597,1.8342
888,29.2817,28.8331,31.6696,30.9415,1.7593,1.8339
889,29.2852,28.8356,31.6747,30.9458,1.7589,1.8336
890,29.2887,28.8381,31.6797,30.95,1.7586,1.8333
891,29.2923,28.8406,31.6848,30.9543,1.7582,1.833
892,29.2958,28.8431,31.6899,30.9586,1.7579,1.8327
893,29.2994,28.8456,31.6949,30.9628,1.7575,1.8324
894,29.3029,28.8481,31.7,30.9671,1.7571,1.8321
895,29.3065,28.8507,31.705,30.9714,1.7568,1.8318
896,29.3101,28.8532,31.7101,30.9756,1.7564,1.8315
897,29.3136,28.8557,31.7152,30.9799,1.7561,1.8312
898,29.3172,28.8583,31.7202,30.9842,1.7557,1.831
899,29.3208,28.8608,31.7253,30.9885,1.7554,1.8307
900,29.3244,28.8633,31.7304,30.9927,1.755,1.8304
901,29.328,28.8659,31.7355,30.9971,1.7546,1.8301
902,29.3315,28.8684,31.7407,31.0014,1.7543,1.8298
903,29.3351,28.871,31.7459,31.0058,1.7539,1.8295
904,29.3387,28.8736,31.7512,31.0102,1.7536,1.8292
905,29.3423,28.8761,31.7564,31.0147,1.7532,1.8289
906,29.3459,28.8787,31.7617,31.0191,1.7529,1.8286
907,29.3495,28.8812,31.7671,31.0236,1.7525,1.8284
908,29.3532,28.8838,31.7724,31.0281,1.7522,1.8281
909,29.3568,28.8864,31.7777,31.0326,1.7518,1.8278
910,29.3604,28.889,31.7831,31.0371,1.7515,1.8275
911,29.364,28.8916,31.7885,31.0416,1.7511,1.8272
912,29.3676,28.8941,31.7939,31.0461,1.7507,1.8269
913,29.3713,28.8967,31.7993,31.0507,1.7504,1.8266
914,29.3749,28.8993,31.8047,31.0552,1.75,1.8263
915,29.3786,28.9019,31.8101,31.0598,1.7497,1.8261
916,29.3822,28.9045,31.8156,31.0643,1.7493,1.8258
917,29.3858,28.9071,31.821,31.0689,1.749,1.8255
918,29.3895,28.9097,31.8265,31.0735,1.7486,1.8252
919,29.3931,28.9123,31.832,31.0781,1.7483,1.8249
920,29.3968,28.9149,31.8374,31.0827,1.7479,1.8246
921,29.4005,28.9176,31.8429,31.0873,1.7476,1.8244
922,29.4041,28.9202,31.8485,31.0919,1.7472,1.8241
923,29.4078,28.9228,31.854,31.0966,1.7469,1.8238
924,29.4115,28.9254,31.8595,31.1012,1.7465,1.8235
925,29.4151,28.9281,31.865,31.1059,1.7462,1.8232
926,29.4188,28.9307,31.8706,31.1105,1.7458,1.8229
927,29.4225,28.9333,31.8761,31.1152,1.7455,1.8227
928,29.4262,28.936,31.8817,31.1198,1.7451,1.8224
929,29.4299,28.9386,31.8873,31.1245,1.7448,1.8221
930,29.4336,28.9413,31.8928,31.1292,1.7444,1.8218
931,29.4373,28.9439,31.8984,31.1339,1.7441,1.8215
932,29.441,28.9466,31.904,31.1386,1.7437,1.8213
933,29.4447,28.9492,31.9096,31.1433,1.7434,1.821
934,29.4484,28.9519,31.9152,31.148,1.743,1.8207
935,29.4521,28.9545,31.9209,31.1527,1.7427,1.8204
936,29.4558,28.9572,31.9265,31.1574,1.7423,1.8201
937,29.4595,28.9599,31.9321,31.1621,1.742,1.8199
938,29.4633,28.9625,31.9378,31.1669,1.7416,1.8196
939,29.467,28.9652,31.9434,31.1716,1.7413,1.8193
940,29.4707,28.9679,31.9491,31.1764,1.7409,1.819
941,29.4745,28.9706,31.9547,31.1811,1.7406,1.8187
942,29.4782,28.9733,31.9604,31.1859,1.7403,1.8185
943,29.4819,28.976,31.9661,31.1906,1.7399,1.8182
944,29.4857,28.9787,31.9717,31.1954,1.7396,1.8179
945,29.4894,28.9813,31.9774,31.2002,1.7392,1.8176
946,29.4932,28.984,31.9831,31.2049,1.7389,1.8174
947,29.4969,28.9867,31.9888,31.2097,1.7385,1.8171
948,29.5007,28.9895,31.9945,31.2145,1.7382,1.8168
949,29.5045,28.9922,32.0003,31.2193,1.7378,1.8165
950,29.5082,28.9949,32.006,31.2241,1.7375,1.8163
951,29.512,28.9976,32.0117,31.2289,1.7372,1.816
952,29.5158,29.0003,32.0174,31.2337,1.7368,1.8157
953,29.5195,29.003,32.0232,31.2386,1.7365,1.8154
954,29.5233,29.0058,32.0289,31.2434,1.7361,1.8152
955,29.5271,29.0085,32.0347,31.2482,1.7358,1.8149
956,29.5309,29.0112,32.0404,31.253,1.7354,1.8146
957,29.5347,29.0139,32.0462,31.2579,1.7351,1.8143
958,29.5385,29.0167,32.052,31.2627,1.7348,1.8141
959,29.5423,29.0194,32.0578,31.2676,1.7344,1.8138
960,29.5461,29.0222,32.0635,31.2724,1.7341,1.8135
961,29.5499,29.0249,32.0692,31.2772,1.7337,1.8133
962,29.5537,29.0277,32.0748,31.2819,1.7334,1.813
963,29.5575,29.0304,32.0804,31.2866,1.7331,1.8127
964,29.5613,29.0332,32.0859,31.2912,1.7327,1.8124
965,29.5651,29.0359,32.0914,31.2959,1.7324,1.8122
966,29.5689,29.0387,32.0968,31.3005,1.732,1.8119
967,29.5727,29.0415,32.1022,31.305,1.7317,1.8116
968,29.5766,29.0442,32.1076,31.3096,1.7314,1.8114
969,29.5804,29.047,32.113,31.3142,1.731,1.8111
970,29.5842,29.0498,32.1184,31.3187,1.7307,1.8108
971,29.5881,29.0525,32.1237,31.3232,1.7303,1.8105
972,29.5919,29.0553,32.129,31.3277,1.73,1.8103
973,29.5957,29.0581,32.1343,31.3322,1.7297,1.81
974,29.5996,29.0609,32.1396,31.3367,1.7293,1.8097
975,29.6034,29.0637,32.1449,31.3412,1.729,1.8095
976,29.6073,29.0665,32.1502,31.3456,1.7287,1.8092
977,29.6111,29.0693,32.1554,31.3501,1.7283,1.8089
978,29.615,29.0721,32.1607,31.3545,1.728,1.8087
979,29.6189,29.0749,32.1659,31.359,1.7276,1.8084
980,29.6227,29.0777,32.1711,31.3634,1.7273,1.8081
981,29.6266,29.0805,32.1763,31.3678,1.727,1.8079
982,29.6305,29.0833,32.1815,31.3722,1.7266,1.8076
983,29.6343,29.0861,32.1867,31.3766,1.7263,1.8073
984,29.6382,29.0889,32.1919,31.381,1.726,1.8071
985,29.6421,29.0918,32.197,31.3854,1.7256,1.8068
986,29.646,29.0946,32.2022,31.3898,1.7253,1.8065
987,29.6498,29.0974,32.2074,31.3942,1.725,1.8063
988,29.6537,29.1002,32.2125,31.3986,1.7246,1.806
989,29.6576,29.1031,32.2176,31.4029,1.7243,1.8057
990,29.6615,29.1059,32.2227,31.4073,1.724,1.8055
991,29.6654,29.1087,32.2279,31.4117,1.7236,1.8052
992,29.6693,29.1116,32.233,31.416,1.7233,1.8049
993,29.6732,29.1144,32.2381,31.4203,1.723,1.8047
994,29.6771,29.1173,32.2432,31.4247,1.7226,1.8044
995,29.681,29.1201,32.2482,31.429,1.7223,1.8041
996,29.6849,29.123,32.2533,31.4333,1.722,1.8039
997,29.6889,29.1258,32.2584,31.4377,1.7216,1.8036
998,29.6928,29.1287,32.2635,31.442,1.7213,1.8033
999,29.6967,29.1316,32.2685,31.4463,1.721,1.8031
1000,29.7006,29.1344,32.2736,31.4506,1.7206,1.8028
1001,29.7045,29.1373,32.2786,31.4549,1.7203,1.8026
1002,29.7085,29.1402,32.2836,31.4592,1.72,1.8023
1003,29.7124,29.143,32.2887,31.4635,1.7196,1.802
1004,29.7163,29.1459,32.2937,31.4678,1.7193,1.8018
1005,29.7203,29.1488,32.2987,31.4721,1.719,1.8015
1006,29.7242,29.1517,32.3037,31.4764,1.7187,1.8012
1007,29.7282,29.1545,32.3088,31.4807,1.7183,1.801
1008,29.7321,29.1574,32.3138,31.485,1.718,1.8007
1009,29.7361,29.1603,32.3188,31.4892,1.7177,1.8005
1010,29.74,29.1632,32.3238,31.4935,1.7173,1.8002
1011,29.744,29.1661,32.3287,31.4978,1.717,1.7999
1012,29.7479,29.169,32.3337,31.502,1.7167,1.7997
1013,29.7519,29.1719,32.3387,31.5063,1.7164,1.7994
1014,29.7559,29.1748,32.3437,31.5106,1.716,1.7991
1015,29.7598,29.1777,32.3487,31.5148,1.7157,1.7989
1016,29.7638,29.1806,32.3536,31.5191,1.7154,1.7986
1017,29.7678,29.1836,32.3586,31.5233,1.715,1.7984
1018,29.7718,29.1865,32.3635,31.5276,1.7147,1.7981
1019,29.7758,29.1894,32.3685,31.5318,1.7144,1.7979
1020,29.7797,29.1923,32.3734,31.536,1.7141,1.7976
1021,29.7837,29.1952,32.3785,31.5404,1.7137,1.7973
1022,29.7877,29.1982,32.3838,31.5448,1.7134,1.7971
1023,29.7917,29.2011,32.3891,31.5494,1.7131,1.7968
1024,29.7957,29.204,32.3944,31.5539,1.7128,1.7966
1025,29.7997,29.207,32.3998,31.5585,1.7124,1.7963
1026,29.8037,29.2099,32.4053,31.5632,1.7121,1.796
1027,29.8077,29.2129,32.4108,31.5678,1.7118,1.7958
1028,29.8117,29.2158,32.4164,31.5726,1.7115,1.7955
1029,29.8157,29.2187,32.422,31.5773,1.7111,1.7953
1030,29.8197,29.2217,32.4276,31.582,1.7108,1.795
1031,29.8238,29.2247,32.4332,31.5868,1.7105,1.7948
1032,29.8278,29.2276,32.4389,31.5916,1.7102,1.7945
1033,29.8318,29.2306,32.4446,31.5965,1.7098,1.7942
1034,29.8358,29.2335,32.4503,31.6013,1.7095,1.794
1035,29.8399,29.2365,32.4561,31.6062,1.7092,1.7937
1036,29.8439,29.2395,32.4619,31.6111,1.7089,1.7935
1037,29.8479,29.2424,32.4677,31.616,1.7086,1.7932
1038,29.852,29.2454,32.4735,31.6209,1.7082,1.793
1039,29.856,29.2484,32.4793,31.6258,1.7079,1.7927
1040,29.86,29.2514,32.4852,31.6308,1.7076,1.7925
1041,29.8641,29.2543,32.4911,31.6358,1.7073,1.7922
1042,29.8681,29.2573,32.497,31.6408,1.7069,1.792
1043,29.8722,29.2603,32.5029,31.6458,1.7066,1.7917
1044,29.8763,29.2633,32.5089,31.6508,1.7063,1.7915
1045,29.8803,29.2663,32.5148,31.6558,1.706,1.7912
1046,29.8844,29.2693,32.5208,31.6609,1.7057,1.791
1047,29.8884,29.2723,32.5268,31.6659,1.7053,1.7907
1048,29.8925,29.2753,32.5328,31.671,1.705,1.7905
1049,29.8966,29.2783,32.5389,31.6761,1.7047,1.7902
1050,29.9007,29.2813,32.5449,31.6812,1.7044,1.79
1051,29.9047,29.2843,32.551,31.6863,1.7041,1.7897
1052,29.9088,29.2873,32.557,31.6914,1.7037,1.7895
1053,29.9129,29.2904,32.5631,31.6966,1.7034,1.7892
1054,29.917,29.2934,32.5693,31.7017,1.7031,1.789
1055,29.9211,29.2964,32.5754,31.7069,1.7028,1.7887
1056,29.9252,29.2994,32.5815,31.7121,1.7025,1.7885
1057,29.9292,29.3025,32.5877,31.7173,1.7021,1.7882
1058,29.9333,29.3055,32.5938,31.7225,1.7018,1.788
1059,29.9374,29.3085,32.6,31.7277,1.7015,1.7877
1060,29.9415,29.3116,32.6062,31.7329,1.7012,1.7875
1061,29.9457,29.3146,32.6124,31.7381,1.7009,1.7872
1062,29.9498,29.3176,32.6186,31.7434,1.7006,1.787
1063,29.9539,29.3207,32.6249,31.7486,1.7002,1.7867
1064,29.958,29.3237,32.6311,31.7539,1.6999,1.7865
1065,29.9621,29.3268,32.6374,31.7592,1.6996,1.7862
1066,29.9662,29.3298,32.6436,31.7644,1.6993,1.786
1067,29.9703,29.3329,32.6499,31.7697,1.699,1.7857
1068,29.9745,29.3359,32.6562,31.775,1.6987,1.7855
1069,29.9786,29.339,32.6625,31.7803,1.6983,1.7852
1070,29.9827,29.3421,32.6688,31.7857,1.698,1.785
1071,29.9869,29.3451,32.6752,31.791,1.6977,1.7848
1072,29.991,29.3482,32.6815,31.7963,1.6974,1.7845
1073,29.9951,29.3513,32.6878,31.8017,1.6971,1.7843
1074,29.9993,29.3543,32.6942,31.807,1.6968,1.784
1075,30.0034,29.3574,32.7006,31.8124,1.6965,1.7838
1076,30.0076,29.3605,32.707,31.8178,1.6961,1.7835
1077,30.0117,29.3636,32.7134,31.8232,1.6958,1.7833
1078,30.0159,29.3667,32.7198,31.8286,1.6955,1.7831
1079,30.02,29.3698,32.7262,31.834,1.6952,1.7828
1080,30.0242,29.3729,32.7326,31.8394,1.6949,1.7826
1081,30.0284,29.3759,32.7389,31.8447,1.6946,1.7823
1082,30.0325,29.379,32.7451,31.85,1.6943,1.7821
1083,30.0367,29.3821,32.7513,31.8552,1.694,1.7818
1084,30.0409,29.3852,32.7574,31.8604,1.6936,1.7816
1085,30.045,29.3883,32.7635,31.8655,1.6933,1.7814
1086,30.0492,29.3915,32.7695,31.8706,1.693,1.7811
1087,30.0534,29.3946,32.7756,31.8757,1.6927,1.7809
1088,30.0576,29.3977,32.7816,31.8808,1.6924,1.7806
1089,30.0618,29.4008,32.7875,31.8859,1.6921,1.7804
1090,30.0659,29.4039,32.7935,31.8909,1.6918,1.7802
1091,30.0701,29.407,32.7994,31.896,1.6915,1.7799
1092,30.0743,29.4102,32.8054,31.901,1.6912,1.7797
1093,30.0785,29.4133,32.8113,31.906,1.6908,1.7794
1094,30.0827,29.4164,32.8172,31.911,1.6905,1.7792
1095,30.0869,29.4195,32.823,31.916,1.6902,1.779
1096,30.0911,29.4227,32.8289,31.921,1.6899,1.7787
1097,30.0953,29.4258,32.8347,31.926,1.6896,1.7785
1098,30.0995,29.429,32.8406,31.931,1.6893,1.7782
1099,30.1037,29.4321,32.8464,31.9359,1.689,1.778
1100,30.108,29.4352,32.8522,31.9409,1.6887,1.7778
1101,30.1122,29.4384,32.858,31.9458,1.6884,1.7775
1102,30.1164,29.4415,32.8638,31.9508,1.6881,1.7773
1103,30.1206,29.4447,32.8696,31.9557,1.6877,1.777
1104,30.1248,29.4479,32.8754,31.9606,1.6874,1.7768
1105,30.1291,29.451,32.8812,31.9655,1.6871,1.7766
1106,30.1333,29.4542,32.8869,31.9705,1.6868,1.7763
1107,30.1375,29.4573,32.8927,31.9754,1.6865,1.7761
1108,30.1418,29.4605,32.8984,31.9803,1.6862,1.7759
1109,30.146,29.4637,32.9042,31.9852,1.6859,1.7756
1110,30.1502,29.4668,32.9099,31.9901,1.6856,1.7754
1111,30.1545,29.47,32.9156,31.9949,1.6853,1.7752
1112,30.1587,29.4732,32.9213,31.9998,1.685,1.7749
1113,30.163,29.4764,32.927,32.0047,1.6847,1.7747
1114,30.1672,29.4796,32.9328,32.0096,1.6844,1.7744
1115,30.1715,29.4827,32.9385,32.0144,1.6841,1.7742
1116,30.1757,29.4859,32.9441,32.0193,1.6838,1.774
1117,30.18,29.4891,32.9498,32.0242,1.6834,1.7737
1118,30.1843,29.4923,32.9555,32.029,1.6831,1.7735
1119,30.1885,29.4955,32.9612,32.0339,1.6828,1.7733
1120,30.1928,29.4987,32.9669,32.0387,1.6825,1.773
1121,30.197,29.5019,32.9725,32.0436,1.6822,1.7728
1122,30.2013,29.5051,32.9782,32.0484,1.6819,1.7726
1123,30.2056,29.5083,32.9838,32.0533,1.6816,1.7723
1124,30.2099,29.5115,32.9895,32.0581,1.6813,1.7721
1125,30.2141,29.5147,32.9951,32.0629,1.681,1.7719
1126,30.2184,29.5179,33.0008,32.0678,1.6807,1.7716
1127,30.2227,29.5212,33.0064,32.0726,1.6804,1.7714
1128,30.227,29.5244,33.0121,32.0774,1.6801,1.7712
1129,30.2313,29.5276,33.0177,32.0823,1.6798,1.7709
1130,30.2356,29.5308,33.0233,32.0871,1.6795,1.7707
1131,30.2399,29.5341,33.0289,32.0919,1.6792,1.7705
1132,30.2442,29.5373,33.0345,32.0967,1.6789,1.7702
1133,30.2485,29.5405,33.0402,32.1015,1.6786,1.77
1134,30.2528,29.5437,33.0458,32.1063,1.6783,1.7698
1135,30.2571,29.547,33.0514,32.1111,1.678,1.7695
1136,30.2614,29.5502,33.057,32.116,1.6777,1.7693
1137,30.2657,29.5535,33.0626,32.1208,1.6774,1.7691
1138,30.27,29.5567,33.0682,32.1256,1.6771,1.7688
1139,30.2743,29.56,33.0738,32.1304,1.6768,1.7686
1140,30.2786,29.5632,33.0794,32.1352,1.6765,1.7684
1141,30.283,29.5665,33.085,32.14,1.6762,1.7681
1142,30.2873,29.5697,33.0906,32.1448,1.6759,1.7679
1143,30.2916,29.573,33.0963,32.1497,1.6756,1.7677
1144,30.2959,29.5762,33.102,32.1546,1.6753,1.7675
1145,30.3003,29.5795,33.1077,32.1595,1.675,1.7672
1146,30.3046,29.5828,33.1134,32.1643,1.6747,1.767
1147,30.3089,29.586,33.1191,32.1692,1.6744,1.7668
1148,30.3133,29.5893,33.1248,32.1742,1.6741,1.7665
1149,30.3176,29.5926,33.1306,32.1791,1.6738,1.7663
1150,30.322,29.5958,33.1363,32.184,1.6735,1.7661
1151,30.3263,29.5991,33.1421,32.1889,1.6732,1.7659
1152,30.3307,29.6024,33.1478,32.1938,1.6729,1.7656
1153,30.335,29.6057,33.1536,32.1988,1.6726,1.7654
1154,30.3394,29.609,33.1593,32.2037,1.6723,1.7652
1155,30.3437,29.6123,33.1651,32.2086,1.672,1.7649
1156,30.3481,29.6155,33.1708,32.2136,1.6717,1.7647
1157,30.3525,29.6188,33.1766,32.2185,1.6714,1.7645
1158,30.3568,29.6221,33.1824,32.2235,1.6711,1.7643
1159,30.3612,29.6254,33.1882,32.2284,1.6708,1.764
1160,30.3656,29.6287,33.194,32.2334,1.6705,1.7638
1161,30.37,29.632,33.1997,32.2384,1.6702,1.7636
1162,30.3743,29.6353,33.2055,32.2433,1.6699,1.7633
1163,30.3787,29.6387,33.2113,32.2483,1.6696,1.7631
1164,30.3831,29.642,33.2171,32.2533,1.6693,1.7629
1165,30.3875,29.6453,33.2229,32.2582,1.669,1.7627
1166,30.3919,29.6486,33.2287,32.2632,1.6687,1.7624
1167,30.3963,29.6519,33.2345,32.2682,1.6684,1.7622
1168,30.4007,29.6552,33.2404,32.2732,1.6681,1.762
1169,30.4051,29.6586,33.2462,32.2782,1.6678,1.7618
1170,30.4095,29.6619,33.252,32.2832,1.6675,1.7615
1171,30.4139,29.6652,33.2578,32.2881,1.6672,1.7613
1172,30.4183,29.6686,33.2636,32.2931,1.6669,1.7611
1173,30.4227,29.6719,33.2694,32.2981,1.6666,1.7609
1174,30.4271,29.6752,33.2753,32.3031,1.6663,1.7606
1175,30.4315,29.6786,33.2811,32.3081,1.6661,1.7604
1176,30.4359,29.6819,33.2869,32.3131,1.6658,1.7602
1177,30.4403,29.6853,33.2928,32.3182,1.6655,1.76
1178,30.4448,29.6886,33.2986,32.3232,1.6652,1.7598
1179,30.4492,29.692,33.3045,32.3282,1.6649,1.7595
1180,30.4536,29.6953,33.3103,32.3332,1.6646,1.7593
1181,30.458,29.6987,33.3161,32.3382,1.6643,1.7591
1182,30.4625,29.702,33.322,32.3432,1.664,1.7589
1183,30.4669,29.7054,33.3278,32.3482,1.6637,1.7586
1184,30.4714,29.7088,33.3337,32.3533,1.6634,1.7584
1185,30.4758,29.7121,33.3395,32.3583,1.6631,1.7582
1186,30.4802,29.7155,33.3454,32.3633,1.6628,1.758
1187,30.4847,29.7189,33.3513,32.3684,1.6625,1.7578
1188,30.4891,29.7222,33.3571,32.3734,1.6622,1.7575
1189,30.4936,29.7256,33.363,32.3784,1.662,1.7573
1190,30.4981,29.729,33.3689,32.3835,1.6617,1.7571
1191,30.5025,29.7324,33.3747,32.3885,1.6614,1.7569
1192,30.507,29.7358,33.3806,32.3935,1.6611,1.7567
1193,30.5114,29.7392,33.3865,32.3986,1.6608,1.7564
1194,30.5159,29.7426,33.3923,32.4036,1.6605,1.7562
1195,30.5204,29.746,33.3982,32.4087,1.6602,1.756
1196,30.5249,29.7493,33.4041,32.4137,1.6599,1.7558
1197,30.5293,29.7527,33.41,32.4188,1.6596,1.7556
1198,30.5338,29.7561,33.4159,32.4238,1.6593,1.7553
1199,30.5383,29.7596,33.4217,32.4289,1.659,1.7551
1200,30.5428,29.763,33.4276,32.434,1.6588,1.7549
1201,30.5473,29.7664,33.4334,32.439,1.6585,1.7547
1202,30.5518,29.7698,33.4392,32.4439,1.6582,1.7545
1203,30.5563,29.7732,33.4449,32.4488,1.6579,1.7542
1204,30.5608,29.7766,33.4506,32.4538,1.6576,1.754
1205,30.5653,29.78,33.4563,32.4586,1.6573,1.7538
1206,30.5698,29.7835,33.4619,32.4635,1.657,1.7536
1207,30.5743,29.7869,33.4675,32.4684,1.6567,1.7534
1208,30.5788,29.7903,33.4731,32.4732,1.6564,1.7531
1209,30.5833,29.7937,33.4787,32.4781,1.6562,1.7529
1210,30.5878,29.7972,33.4843,32.4829,1.6559,1.7527
1211,30.5923,29.8006,33.4899,32.4877,1.6556,1.7525
1212,30.5968,29.8041,33.4954,32.4925,1.6553,1.7523
1213,30.6014,29.8075,33.5009,32.4973,1.655,1.7521
1214,30.6059,29.8109,33.5065,32.5021,1.6547,1.7518
1215,30.6104,29.8144,33.512,32.5068,1.6544,1.7516
1216,30.6149,29.8178,33.5175,32.5116,1.6541,1.7514
1217,30.6195,29.8213,33.523,32.5163,1.6539,1.7512
1218,30.624,29.8248,33.5284,32.5211,1.6536,1.751
1219,30.6285,29.8282,33.5339,32.5258,1.6533,1.7508
1220,30.6331,29.8317,33.5394,32.5306,1.653,1.7505
1221,30.6376,29.8351,33.5448,32.5353,1.6527,1.7503
1222,30.6422,29.8386,33.5502,32.54,1.6524,1.7501
1223,30.6467,29.8421,33.5557,32.5447,1.6521,1.7499
1224,30.6513,29.8455,33.5611,32.5494,1.6519,1.7497
1225,30.6558,29.849,33.5665,32.5541,1.6516,1.7495
1226,30.6604,29.8525,33.5719,32.5588,1.6513,1.7493
1227,30.665,29.856,33.5773,32.5635,1.651,1.749
1228,30.6695,29.8595,33.5827,32.5682,1.6507,1.7488
1229,30.6741,29.8629,33.5881,32.5729,1.6504,1.7486
1230,30.6787,29.8664,33.5935,32.5776,1.6501,1.7484
1231,30.6832,29.8699,33.5988,32.5823,1.6499,1.7482
1232,30.6878,29.8734,33.6042,32.5869,1.6496,1.748
1233,30.6924,29.8769,33.6095,32.5916,1.6493,1.7478
1234,30.697,29.8804,33.6149,32.5962,1.649,1.7475
1235,30.7015,29.8839,33.6202,32.6009,1.6487,1.7473
1236,30.7061,29.8874,33.6256,32.6055,1.6484,1.7471
1237,30.7107,29.8909,33.6309,32.6102,1.6481,1.7469
1238,30.7153,29.8944,33.6362,32.6148,1.6479,1.7467
1239,30.7199,29.8979,33.6415,32.6195,1.6476,1.7465
1240,30.7245,29.9015,33.6469,32.6241,1.6473,1.7463
1241,30.7291,29.905,33.6522,32.6287,1.647,1.746
1242,30.7337,29.9085,33.6575,32.6333,1.6467,1.7458
1243,30.7383,29.912,33.6628,32.638,1.6465,1.7456
1244,30.7429,29.9155,33.668,32.6426,1.6462,1.7454
1245,30.7475,29.9191,33.6733,32.6472,1.6459,1.7452
1246,30.7521,29.9226,33.6786,32.6518,1.6456,1.745
1247,30.7568,29.9261,33.6839,32.6564,1.6453,1.7448
1248,30.7614,29.9297,33.6892,32.661,1.645,1.7446
1249,30.766,29.9332,33.6944,32.6656,1.6448,1.7443
1250,30.7706,29.9367,33.6997,32.6702,1.6445,1.7441
1251,30.7752,29.9403,33.7049,32.6748,1.6442,1.7439
1252,30.7799,29.9438,33.7102,32.6794,1.6439,1.7437
1253,30.7845,29.9474,33.7154,32.684,1.6436,1.7435
1254,30.7891,29.9509,33.7207,32.6885,1.6434,1.7433
1255,30.7938,29.9545,33.7259,32.6931,1.6431,1.7431
1256,30.7984,29.958,33.7311,32.6977,1.6428,1.7429
1257,30.8031,29.9616,33.7364,32.7023,1.6425,1.7427
1258,30.8077,29.9652,33.7416,32.7068,1.6422,1.7424
1259,30.8123,29.9687,33.7468,32.7114,1.642,1.7422
1260,30.817,29.9723,33.752,32.716,1.6417,1.742
1261,30.8216,29.9759,33.7573,32.7206,1.6414,1.7418
1262,30.8263,29.9794,33.7628,32.7254,1.6411,1.7416
1263,30.831,29.983,33.7683,32.7302,1.6408,1.7414
1264,30.8356,29.9866,33.7739,32.735,1.6406,1.7412
1265,30.8403,29.9902,33.7795,32.7399,1.6403,1.741
1266,30.845,29.9937,33.7851,32.7448,1.64,1.7408
1267,30.8496,29.9973,33.7908,32.7497,1.6397,1.7406
1268,30.8543,30.0009,33.7965,32.7547,1.6394,1.7403
1269,30.859,30.0045,33.8023,32.7596,1.6392,1.7401
1270,30.8636,30.0081,33.8081,32.7647,1.6389,1.7399
1271,30.8683,30.0117,33.8139,32.7697,1.6386,1.7397
1272,30.873,30.0153,33.8197,32.7747,1.6383,1.7395
1273,30.8777,30.0189,33.8255,32.7798,1.638,1.7393
1274,30.8824,30.0225,33.8314,32.7849,1.6378,1.7391
1275,30.8871,30.0261,33.8373,32.79,1.6375,1.7389
1276,30.8917,30.0297,33.8432,32.7951,1.6372,1.7387
1277,30.8964,30.0333,33.8491,32.8002,1.6369,1.7385
1278,30.9011,30.0369,33.8551,32.8053,1.6367,1.7383
1279,30.9058,30.0405,33.861,32.8105,1.6364,1.7381
1280,30.9105,30.0441,33.867,32.8157,1.6361,1.7379
1281,30.9152,30.0478,33.873,32.8208,1.6358,1.7376
1282,30.9199,30.0514,33.879,32.826,1.6356,1.7374
1283,30.9247,30.055,33.885,32.8312,1.6353,1.7372
1284,30.9294,30.0586,33.8911,32.8365,1.635,1.737
1285,30.9341,30.0623,33.8972,32.8417,1.6347,1.7368
1286,30.9388,30.0659,33.9032,32.8469,1.6345,1.7366
1287,30.9435,30.0695,33.9093,32.8522,1.6342,1.7364
1288,30.9482,30.0732,33.9154,32.8575,1.6339,1.7362
1289,30.953,30.0768,33.9215,32.8627,1.6336,1.736
1290,30.9577,30.0805,33.9277,32.868,1.6334,1.7358
1291,30.9624,30.0841,33.9338,32.8733,1.6331,1.7356
1292,30.9671,30.0878,33.9399,32.8786,1.6328,1.7354
1293,30.9719,30.0914,33.9461,32.884,1.6325,1.7352
1294,30.9766,30.0951,33.9523,32.8893,1.6323,1.735
1295,30.9814,30.0987,33.9585,32.8946,1.632,1.7348
1296,30.9861,30.1024,33.9647,32.9,1.6317,1.7346
1297,30.9908,30.106,33.9709,32.9053,1.6314,1.7344
1298,30.9956,30.1097,33.9771,32.9107,1.6312,1.7342
1299,31.0003,30.1134,33.9833,32.9161,1.6309,1.734
1300,31.0051,30.117,33.9896,32.9215,1.6306,1.7338
1301,31.0098,30.1207,33.9958,32.9269,1.6303,1.7336
1302,31.0146,30.1244,34.0021,32.9323,1.6301,1.7334
1303,31.0193,30.128,34.0084,32.9377,1.6298,1.7332
1304,31.0241,30.1317,34.0147,32.9431,1.6295,1.733
1305,31.0289,30.1354,34.021,32.9485,1.6292,1.7328
1306,31.0336,30.1391,34.0273,32.9539,1.629,1.7326
1307,31.0384,30.1428,34.0336,32.9594,1.6287,1.7324
1308,31.0432,30.1465,34.0399,32.9648,1.6284,1.7322
1309,31.0479,30.1501,34.0463,32.9703,1.6282,1.732
1310,31.0527,30.1538,34.0526,32.9758,1.6279,1.7318
1311,31.0575,30.1575,34.0589,32.9812,1.6276,1.7316
1312,31.0623,30.1612,34.0653,32.9867,1.6273,1.7314
1313,31.067,30.1649,34.0717,32.9922,1.6271,1.7312
1314,31.0718,30.1686,34.0781,32.9977,1.6268,1.731
1315,31.0766,30.1723,34.0844,33.0032,1.6265,1.7308
1316,31.0814,30.176,34.0908,33.0087,1.6263,1.7306
1317,31.0862,30.1797,34.0972,33.0143,1.626,1.7304
1318,31.091,30.1835,34.1037,33.0198,1.6257,1.7302
1319,31.0958,30.1872,34.1101,33.0253,1.6254,1.73
1320,31.1006,30.1909,34.1165,33.0309,1.6252,1.7298
1321,31.1054,30.1946,34.1229,33.0363,1.6249,1.7296
1322,31.1102,30.1983,34.1291,33.0417,1.6246,1.7294
1323,31.115,30.202,34.1354,33.0471,1.6244,1.7292
1324,31.1198,30.2058,34.1416,33.0525,1.6241,1.729
1325,31.1246,30.2095,34.1477,33.0578,1.6238,1.7288
1326,31.1294,30.2132,34.1539,33.0631,1.6236,1.7286
1327,31.1342,30.217,34.16,33.0685,1.6233,1.7284
1328,31.139,30.2207,34.1661,33.0737,1.623,1.7282
1329,31.1438,30.2244,34.1722,33.079,1.6227,1.728
1330,31.1486,30.2282,34.1783,33.0843,1.6225,1.7278
1331,31.1535,30.2319,34.1843,33.0896,1.6222,1.7276
1332,31.1583,30.2357,34.1904,33.0948,1.6219,1.7274
1333,31.1631,30.2394,34.1964,33.1,1.6217,1.7272
1334,31.1679,30.2432,34.2024,33.1053,1.6214,1.727
1335,31.1727,30.2469,34.2085,33.1105,1.6211,1.7268
1336,31.1776,30.2507,34.2145,33.1157,1.6209,1.7266
1337,31.1824,30.2544,34.2205,33.1209,1.6206,1.7264
1338,31.1872,30.2582,34.2264,33.1261,1.6203,1.7262
1339,31.1921,30.2619,34.2324,33.1313,1.6201,1.726
1340,31.1969,30.2657,34.2384,33.1365,1.6198,1.7258
1341,31.2018,30.2695,34.2444,33.1417,1.6195,1.7257
1342,31.2066,30.2732,34.2503,33.1469,1.6193,1.7255
1343,31.2114,30.277,34.2563,33.1521,1.619,1.7253
1344,31.2163,30.2808,34.2622,33.1572,1.6187,1.7251
1345,31.2211,30.2845,34.2681,33.1624,1.6185,1.7249
1346,31.226,30.2883,34.2741,33.1676,1.6182,1.7247
1347,31.2308,30.2921,34.28,33.1727,1.6179,1.7245
1348,31.2357,30.2959,34.2859,33.1779,1.6177,1.7243
1349,31.2405,30.2997,34.2918,33.183,1.6174,1.7241
1350,31.2454,30.3034,34.2977,33.1882,1.6171,1.7239
1351,31.2503,30.3072,34.3036,33.1933,1.6169,1.7237
1352,31.2551,30.311,34.3095,33.1985,1.6166,1.7235
1353,31.26,30.3148,34.3154,33.2036,1.6163,1.7233
1354,31.2648,30.3186,34.3213,33.2087,1.6161,1.7231
1355,31.2697,30.3224,34.3272,33.2139,1.6158,1.7229
1356,31.2746,30.3262,34.3331,33.219,1.6156,1.7227
1357,31.2794,30.33,34.339,33.2241,1.6153,1.7226
1358,31.2843,30.3338,34.3448,33.2293,1.615,1.7224
1359,31.2892,30.3376,34.3507,33.2344,1.6148,1.7222
1360,31.2941,30.3414,34.3566,33.2395,1.6145,1.722
1361,31.2989,30.3452,34.3624,33.2446,1.6142,1.7218
1362,31.3038,30.349,34.3683,33.2497,1.614,1.7216
1363,31.3087,30.3528,34.3741,33.2548,1.6137,1.7214
1364,31.3136,30.3566,34.38,33.2599,1.6134,1.7212
1365,31.3185,30.3605,34.3858,33.265,1.6132,1.721
1366,31.3234,30.3643,34.3917,33.2702,1.6129,1.7208
1367,31.3282,30.3681,34.3975,33.2753,1.6126,1.7206
1368,31.3331,30.3719,34.4033,33.2804,1.6124,1.7204
1369,31.338,30.3758,34.4092,33.2855,1.6121,1.7203
1370,31.3429,30.3796,34.415,33.2906,1.6119,1.7201
1371,31.3478,30.3834,34.4208,33.2956,1.6116,1.7199
1372,31.3527,30.3872,34.4266,33.3007,1.6113,1.7197
1373,31.3576,30.3911,34.4325,33.3058,1.6111,1.7195
1374,31.3625,30.3949,34.4383,33.3109,1.6108,1.7193
1375,31.3674,30.3987,34.4441,33.316,1.6106,1.7191
1376,31.3723,30.4026,34.4499,33.3211,1.6103,1.7189
1377,31.3772,30.4064,34.4557,33.3262,1.61,1.7187
1378,31.3822,30.4103,34.4615,33.3313,1.6098,1.7185
1379,31.3871,30.4141,34.4673,33.3364,1.6095,1.7184
1380,31.392,30.418,34.4731,33.3414,1.6092,1.7182
1381,31.3969,30.4218,34.4789,33.3465,1.609,1.718
1382,31.4018,30.4257,34.4847,33.3516,1.6087,1.7178
1383,31.4067,30.4295,34.4905,33.3566,1.6085,1.7176
1384,31.4116,30.4334,34.4963,33.3617,1.6082,1.7174
1385,31.4166,30.4372,34.502,33.3667,1.6079,1.7172
1386,31.4215,30.4411,34.5078,33.3718,1.6077,1.717
1387,31.4264,30.445,34.5135,33.3768,1.6074,1.7168
1388,31.4314,30.4488,34.5193,33.3819,1.6072,1.7167
1389,31.4363,30.4527,34.525,33.3869,1.6069,1.7165
1390,31.4412,30.4566,34.5308,33.392,1.6066,1.7163
1391,31.4461,30.4604,34.5365,33.397,1.6064,1.7161
1392,31.4511,30.4643,34.5423,33.402,1.6061,1.7159
1393,31.456,30.4682,34.548,33.4071,1.6059,1.7157
1394,31.461,30.4721,34.5537,33.4121,1.6056,1.7155
1395,31.4659,30.476,34.5594,33.4171,1.6053,1.7153
1396,31.4709,30.4798,34.5652,33.4222,1.6051,1.7151
1397,31.4758,30.4837,34.5709,33.4272,1.6048,1.715
1398,31.4807,30.4876,34.5766,33.4322,1.6046,1.7148
1399,31.4857,30.4915,34.5823,33.4372,1.6043,1.7146
1400,31.4906,30.4954,34.588,33.4422,1.604,1.7144
1401,31.4956,30.4993,34.5937,33.4473,1.6038,1.7142
1402,31.5006,30.5032,34.5994,33.4523,1.6035,1.714
1403,31.5055,30.5071,34.6051,33.4573,1.6033,1.7138
1404,31.5105,30.511,34.6108,33.4623,1.603,1.7137
1405,31.5154,30.5149,34.6165,33.4673,1.6028,1.7135
1406,31.5204,30.5188,34.6222,33.4723,1.6025,1.7133
1407,31.5254,30.5227,34.6279,33.4773,1.6022,1.7131
1408,31.5303,30.5266,34.6336,33.4823,1.602,1.7129
1409,31.5353,30.5305,34.6393,33.4873,1.6017,1.7127
1410,31.5403,30.5344,34.645,33.4923,1.6015,1.7125
1411,31.5452,30.5383,34.6507,33.4973,1.6012,1.7123
1412,31.5502,30.5422,34.6563,33.5023,1.601,1.7122
1413,31.5552,30.5462,34.662,33.5073,1.6007,1.712
1414,31.5602,30.5501,34.6677,33.5123,1.6004,1.7118
1415,31.5652,30.554,34.6734,33.5173,1.6002,1.7116
1416,31.5701,30.5579,34.679,33.5223,1.5999,1.7114
1417,31.5751,30.5619,34.6847,33.5273,1.5997,1.7112
1418,31.5801,30.5658,34.6904,33.5323,1.5994,1.7111
1419,31.5851,30.5697,34.696,33.5373,1.5992,1.7109
1420,31.5901,30.5737,34.7017,33.5423,1.5989,1.7107
1421,31.5951,30.5776,34.7074,33.5473,1.5987,1.7105
1422,31.6001,30.5815,34.713,33.5522,1.5984,1.7103
1423,31.6051,30.5855,34.7187,33.5572,1.5981,1.7101
1424,31.6101,30.5894,34.7243,33.5622,1.5979,1.7099
1425,31.6151,30.5934,34.73,33.5672,1.5976,1.7098
1426,31.6201,30.5973,34.7356,33.5722,1.5974,1.7096
1427,31.6251,30.6013,34.7413,33.5772,1.5971,1.7094
1428,31.6301,30.6052,34.7469,33.5821,1.5969,1.7092
1429,31.6351,30.6092,34.7526,33.5871,1.5966,1.709
1430,31.6401,30.6131,34.7582,33.5921,1.5964,1.7088
1431,31.6451,30.6171,34.7639,33.5971,1.5961,1.7087
1432,31.6502,30.621,34.7695,33.6021,1.5958,1.7085
1433,31.6552,30.625,34.7751,33.607,1.5956,1.7083
1434,31.6602,30.629,34.7808,33.612,1.5953,1.7081
1435,31.6652,30.6329,34.7864,33.617,1.5951,1.7079
1436,31.6702,30.6369,34.792,33.622,1.5948,1.7077
1437,31.6753,30.6409,34.7977,33.6269,1.5946,1.7076
1438,31.6803,30.6448,34.8033,33.6319,1.5943,1.7074
1439,31.6853,30.6488,34.8089,33.6369,1.5941,1.7072
1440,31.6904,30.6528,34.8146,33.6419,1.5938,1.707
1441,31.6954,30.6568,34.8201,33.6468,1.5936,1.7068
1442,31.7004,30.6607,34.8256,33.6516,1.5933,1.7067
1443,31.7055,30.6647,34.8311,33.6565,1.5931,1.7065
1444,31.7105,30.6687,34.8365,33.6613,1.5928,1.7063
1445,31.7155,30.6727,34.8419,33.6661,1.5925,1.7061
1446,31.7206,30.6767,34.8473,33.6709,1.5923,1.7059
1447,31.7256,30.6807,34.8527,33.6757,1.592,1.7057
1448,31.7307,30.6847,34.858,33.6804,1.5918,1.7056
1449,31.7357,30.6887,34.8633,33.6851,1.5915,1.7054
1450,31.7408,30.6927,34.8686,33.6899,1.5913,1.7052
1451,31.7458,30.6967,34.8739,33.6946,1.591,1.705
1452,31.7509,30.7007,34.8792,33.6993,1.5908,1.7048
1453,31.7559,30.7047,34.8845,33.704,1.5905,1.7047
1454,31.761,30.7087,34.8897,33.7086,1.5903,1.7045
1455,31.7661,30.7127,34.8949,33.7133,1.59,1.7043
1456,31.7711,30.7167,34.9002,33.718,1.5898,1.7041
1457,31.7762,30.7207,34.9054,33.7226,1.5895,1.7039
1458,31.7813,30.7247,34.9106,33.7272,1.5893,1.7038
1459,31.7863,30.7287,34.9157,33.7319,1.589,1.7036
1460,31.7914,30.7327,34.9209,33.7365,1.5888,1.7034
1461,31.7965,30.7368,34.9261,33.7411,1.5885,1.7032
1462,31.8015,30.7408,34.9312,33.7457,1.5883,1.703
1463,31.8066,30.7448,34.9363,33.7503,1.588,1.7029
1464,31.8117,30.7488,34.9415,33.7549,1.5878,1.7027
1465,31.8168,30.7529,34.9466,33.7594,1.5875,1.7025
1466,31.8219,30.7569,34.9517,33.764,1.5873,1.7023
1467,31.8269,30.7609,34.9568,33.7686,1.587,1.7021
1468,31.832,30.765,34.9619,33.7731,1.5868,1.702
1469,31.8371,30.769,34.9669,33.7777,1.5865,1.7018
1470,31.8422,30.773,34.972,33.7822,1.5863,1.7016
1471,31.8473,30.7771,34.9771,33.7868,1.586,1.7014
1472,31.8524,30.7811,34.9821,33.7913,1.5858,1.7012
1473,31.8575,30.7852,34.9871,33.7958,1.5855,1.7011
1474,31.8626,30.7892,34.9922,33.8003,1.5853,1.7009
1475,31.8677,30.7933,34.9972,33.8048,1.585,1.7007
1476,31.8728,30.7973,35.0022,33.8093,1.5848,1.7005
1477,31.8779,30.8014,35.0072,33.8138,1.5845,1.7004
1478,31.883,30.8054,35.0122,33.8183,1.5843,1.7002
1479,31.8881,30.8095,35.0172,33.8228,1.584,1.7
1480,31.8932,30.8136,35.0222,33.8273,1.5838,1.6998
1481,31.8983,30.8176,35.0272,33.8318,1.5835,1.6996
1482,31.9034,30.8217,35.0321,33.8362,1.5833,1.6995
1483,31.9086,30.8257,35.0371,33.8407,1.5831,1.6993
1484,31.9137,30.8298,35.042,33.8452,1.5828,1.6991
1485,31.9188,30.8339,35.047,33.8496,1.5826,1.6989
1486,31.9239,30.838,35.0519,33.854,1.5823,1.6987
1487,31.929,30.842,35.0568,33.8585,1.5821,1.6986
1488,31.9342,30.8461,35.0618,33.8629,1.5818,1.6984
1489,31.9393,30.8502,35.0667,33.8674,1.5816,1.6982
1490,31.9444,30.8543,35.0716,33.8718,1.5813,1.698
1491,31.9495,30.8584,35.0765,33.8762,1.5811,1.6979
1492,31.9547,30.8624,35.0814,33.8806,1.5808,1.6977
1493,31.9598,30.8665,35.0863,33.885,1.5806,1.6975
1494,31.9649,30.8706,35.0911,33.8894,1.5803,1.6973
1495,31.9701,30.8747,35.096,33.8938,1.5801,1.6972
1496,31.9752,30.8788,35.1009,33.8982,1.5798,1.697
1497,31.9803,30.8829,35.1057,33.9026,1.5796,1.6968
1498,31.9855,30.887,35.1106,33.907,1.5794,1.6966
1499,31.9906,30.8911,35.1154,33.9114,1.5791,1.6964
1500,31.9958,30.8952,35.1203,33.9158,1.5789,1.6963
1501,32.0009,30.8993,35.1252,33.9202,1.5786,1.6961
1502,32.0061,30.9034,35.1303,33.9248,1.5784,1.6959
1503,32.0112,30.9075,35.1354,33.9293,1.5781,1.6957
1504,32.0164,30.9116,35.1405,33.9339,1.5779,1.6956
1505,32.0215,30.9157,35.1457,33.9386,1.5776,1.6954
1506,32.0267,30.9198,35.1509,33.9432,1.5774,1.6952
1507,32.0318,30.924,35.1561,33.9479,1.5771,1.695
1508,32.037,30.9281,35.1614,33.9526,1.5769,1.6949
1509,32.0421,30.9322,35.1667,33.9574,1.5767,1.6947
1510,32.0473,30.9363,35.172,33.9621,1.5764,1.6945
1511,32.0525,30.9404,35.1773,33.9669,1.5762,1.6943
1512,32.0576,30.9446,35.1826,33.9716,1.5759,1.6942
1513,32.0628,30.9487,35.188,33.9764,1.5757,1.694
1514,32.068,30.9528,35.1933,33.9812,1.5754,1.6938
1515,32.0731,30.9569,35.1987,33.986,1.5752,1.6936
1516,32.0783,30.9611,35.2041,33.9908,1.575,1.6935
1517,32.0835,30.9652,35.2096,33.9957,1.5747,1.6933
1518,32.0887,30.9693,35.215,34.0005,1.5745,1.6931
1519,32.0938,30.9735,35.2204,34.0054,1.5742,1.6929
1520,32.099,30.9776,35.2259,34.0103,1.574,1.6928
1521,32.1042,30.9818,35.2314,34.0151,1.5737,1.6926
1522,32.1094,30.9859,35.2368,34.02,1.5735,1.6924
1523,32.1145,30.9901,35.2423,34.0249,1.5733,1.6922
1524,32.1197,30.9942,35.2478,34.0298,1.573,1.6921
1525,32.1249,30.9984,35.2534,34.0347,1.5728,1.6919
1526,32.1301,31.0025,35.2589,34.0397,1.5725,1.6917
1527,32.1353,31.0067,35.2644,34.0446,1.5723,1.6916
1528,32.1405,31.0108,35.27,34.0495,1.572,1.6914
1529,32.1457,31.015,35.2755,34.0545,1.5718,1.6912
1530,32.1509,31.0191,35.2811,34.0594,1.5716,1.691
1531,32.156,31.0233,35.2866,34.0644,1.5713,1.6909
1532,32.1612,31.0274,35.2922,34.0693,1.5711,1.6907
1533,32.1664,31.0316,35.2978,34.0743,1.5708,1.6905
1534,32.1716,31.0358,35.3034,34.0793,1.5706,1.6904
1535,32.1768,31.0399,35.309,34.0843,1.5704,1.6902
1536,32.182,31.0441,35.3146,34.0893,1.5701,1.69
1537,32.1872,31.0483,35.3202,34.0943,1.5699,1.6898
1538,32.1924,31.0525,35.3259,34.0993,1.5696,1.6897
1539,32.1976,31.0566,35.3315,34.1043,1.5694,1.6895
1540,32.2028,31.0608,35.3371,34.1093,1.5691,1.6893
1541,32.208,31.065,35.3428,34.1144,1.5689,1.6892
1542,32.2133,31.0692,35.3485,34.1194,1.5687,1.689
1543,32.2185,31.0734,35.3541,34.1244,1.5684,1.6888
1544,32.2237,31.0775,35.3598,34.1295,1.5682,1.6886
1545,32.2289,31.0817,35.3655,34.1345,1.5679,1.6885
1546,32.2341,31.0859,35.3711,34.1396,1.5677,1.6883
1547,32.2393,31.0901,35.3768,34.1446,1.5675,1.6881
1548,32.2445,31.0943,35.3825,34.1497,1.5672,1.688
1549,32.2497,31.0985,35.3882,34.1548,1.567,1.6878
1550,32.255,31.1027,35.3939,34.1598,1.5667,1.6876
1551,32.2602,31.1069,35.3997,34.1649,1.5665,1.6875
1552,32.2654,31.1111,35.4054,34.17,1.5663,1.6873
1553,32.2706,31.1153,35.4111,34.1751,1.566,1.6871
1554,32.2758,31.1195,35.4168,34.1802,1.5658,1.6869
1555,32.2811,31.1237,35.4226,34.1853,1.5656,1.6868
1556,32.2863,31.1279,35.4283,34.1904,1.5653,1.6866
1557,32.2915,31.1321,35.434,34.1955,1.5651,1.6864
1558,32.2967,31.1363,35.4398,34.2006,1.5648,1.6863
1559,32.302,31.1405,35.4456,34.2057,1.5646,1.6861
1560,32.3072,31.1447,35.4513,34.2109,1.5644,1.6859
1561,32.3124,31.1489,35.457,34.2159,1.5641,1.6858
1562,32.3177,31.1531,35.4626,34.2209,1.5639,1.6856
1563,32.3229,31.1574,35.4681,34.2259,1.5636,1.6854
1564,32.3281,31.1616,35.4736,34.2308,1.5634,1.6853
1565,32.3333,31.1658,35.4791,34.2357,1.5632,1.6851
1566,32.3386,31.17,35.4845,34.2405,1.5629,1.6849
1567,32.3438,31.1742,35.49,34.2454,1.5627,1.6848
1568,32.3491,31.1785,35.4954,34.2502,1.5625,1.6846
1569,32.3543,31.1827,35.5007,34.2551,1.5622,1.6844
1570,32.3595,31.1869,35.5061,34.2599,1.562,1.6843
1571,32.3648,31.1911,35.5114,34.2647,1.5617,1.6841
1572,32.37,31.1954,35.5167,34.2694,1.5615,1.6839
1573,32.3752,31.1996,35.5221,34.2742,1.5613,1.6838
1574,32.3805,31.2038,35.5273,34.279,1.561,1.6836
1575,32.3857,31.2081,35.5326,34.2837,1.5608,1.6834
1576,32.391,31.2123,35.5379,34.2884,1.5606,1.6833
1577,32.3962,31.2165,35.5431,34.2932,1.5603,1.6831
1578,32.4015,31.2208,35.5484,34.2979,1.5601,1.6829
1579,32.4067,31.225,35.5536,34.3026,1.5599,1.6828
1580,32.412,31.2293,35.5588,34.3073,1.5596,1.6826
1581,32.4172,31.2335,35.564,34.312,1.5594,1.6824
1582,32.4224,31.2378,35.5692,34.3167,1.5591,1.6823
1583,32.4277,31.242,35.5744,34.3213,1.5589,1.6821
1584,32.4329,31.2462,35.5796,34.326,1.5587,1.6819
1585,32.4382,31.2505,35.5847,34.3307,1.5584,1.6818
1586,32.4434,31.2547,35.5899,34.3353,1.5582,1.6816
1587,32.4487,31.259,35.595,34.34,1.558,1.6814
1588,32.4539,31.2633,35.6002,34.3446,1.5577,1.6813
1589,32.4592,31.2675,35.6053,34.3493,1.5575,1.6811
1590,32.4645,31.2718,35.6104,34.3539,1.5573,1.6809
1591,32.4697,31.276,35.6155,34.3585,1.557,1.6808
1592,32.475,31.2803,35.6206,34.3631,1.5568,1.6806
1593,32.4802,31.2845,35.6257,34.3677,1.5566,1.6804
1594,32.4855,31.2888,35.6308,34.3723,1.5563,1.6803
1595,32.4907,31.2931,35.6359,34.3769,1.5561,1.6801
1596,32.496,31.2973,35.641,34.3815,1.5559,1.6799
1597,32.5012,31.3016,35.646,34.3861,1.5556,1.6798
1598,32.5065,31.3059,35.6511,34.3907,1.5554,1.6796
1599,32.5118,31.3101,35.6561,34.3953,1.5552,1.6794
1600,32.517,31.3144,35.6612,34.3998,1.5549,1.6793
1601,32.5223,31.3187,35.6662,34.4044,1.5547,1.6791
1602,32.5275,31.3229,35.6712,34.409,1.5545,1.679
1603,32.5328,31.3272,35.6763,34.4135,1.5542,1.6788
1604,32.5381,31.3315,35.6813,34.4181,1.554,1.6786
1605,32.5433,31.3358,35.6863,34.4226,1.5538,1.6785
1606,32.5486,31.34,35.6913,34.4272,1.5535,1.6783
1607,32.5538,31.3443,35.6963,34.4317,1.5533,1.6781
1608,32.5591,31.3486,35.7013,34.4362,1.5531,1.678
1609,32.5644,31.3529,35.7063,34.4408,1.5528,1.6778
1610,32.5696,31.3572,35.7113,34.4453,1.5526,1.6776
1611,32.5749,31.3614,35.7162,34.4498,1.5524,1.6775
1612,32.5802,31.3657,35.7212,34.4543,1.5521,1.6773
1613,32.5854,31.37,35.7262,34.4589,1.5519,1.6772
1614,32.5907,31.3743,35.7311,34.4634,1.5517,1.677
1615,32.596,31.3786,35.7361,34.4679,1.5514,1.6768
1616,32.6012,31.3829,35.741,34.4724,1.5512,1.6767
1617,32.6065,31.3872,35.746,34.4769,1.551,1.6765
1618,32.6118,31.3915,35.7509,34.4814,1.5507,1.6763
1619,32.617,31.3958,35.7558,34.4859,1.5505,1.6762
1620,32.6223,31.4001,35.7608,34.4903,1.5503,1.676
1621,32.6276,31.4043,35.7658,34.4949,1.55,1.6758
1622,32.6328,31.4086,35.7708,34.4995,1.5498,1.6757
1623,32.6381,31.4129,35.7759,34.5041,1.5496,1.6755
1624,32.6434,31.4172,35.781,34.5087,1.5494,1.6754
1625,32.6487,31.4215,35.7861,34.5134,1.5491,1.6752
1626,32.6539,31.4258,35.7913,34.518,1.5489,1.675
1627,32.6592,31.4301,35.7964,34.5227,1.5487,1.6749
1628,32.6645,31.4344,35.8016,34.5274,1.5484,1.6747
1629,32.6698,31.4388,35.8068,34.5321,1.5482,1.6745
1630,32.675,31.4431,35.812,34.5368,1.548,1.6744
1631,32.6803,31.4474,35.8172,34.5415,1.5477,1.6742
1632,32.6856,31.4517,35.8225,34.5462,1.5475,1.6741
1633,32.6909,31.456,35.8277,34.551,1.5473,1.6739
1634,32.6961,31.4603,35.8329,34.5557,1.5471,1.6737
1635,32.7014,31.4646,35.8382,34.5605,1.5468,1.6736
1636,32.7067,31.4689,35.8435,34.5652,1.5466,1.6734
1637,32.712,31.4732,35.8487,34.57,1.5464,1.6733
1638,32.7172,31.4776,35.854,34.5748,1.5461,1.6731
1639,32.7225,31.4819,35.8593,34.5795,1.5459,1.6729
1640,32.7278,31.4862,35.8646,34.5843,1.5457,1.6728
1641,32.7331,31.4905,35.8699,34.5891,1.5454,1.6726
1642,32.7383,31.4948,35.8752,34.5939,1.5452,1.6725
1643,32.7436,31.4991,35.8805,34.5987,1.545,1.6723
1644,32.7489,31.5035,35.8858,34.6035,1.5448,1.6721
1645,32.7542,31.5078,35.8912,34.6083,1.5445,1.672
1646,32.7595,31.5121,35.8965,34.6131,1.5443,1.6718
1647,32.7647,31.5164,35.9018,34.6179,1.5441,1.6717
1648,32.77,31.5208,35.9072,34.6228,1.5438,1.6715
1649,32.7753,31.5251,35.9125,34.6276,1.5436,1.6713
1650,32.7806,31.5294,35.9179,34.6324,1.5434,1.6712
1651,32.7859,31.5338,35.9232,34.6373,1.5432,1.671
1652,32.7912,31.5381,35.9286,34.6421,1.5429,1.6709
1653,32.7964,31.5424,35.9339,34.6469,1.5427,1.6707
1654,32.8017,31.5467,35.9393,34.6518,1.5425,1.6705
1655,32.807,31.5511,35.9447,34.6566,1.5422,1.6704
1656,32.8123,31.5554,35.9501,34.6615,1.542,1.6702
1657,32.8176,31.5598,35.9554,34.6664,1.5418,1.6701
1658,32.8229,31.5641,35.9608,34.6712,1.5416,1.6699
1659,32.8282,31.5684,35.9662,34.6761,1.5413,1.6697
1660,32.8334,31.5728,35.9716,34.6809,1.5411,1.6696
1661,32.8387,31.5771,35.977,34.6858,1.5409,1.6694
1662,32.844,31.5815,35.9824,34.6907,1.5407,1.6693
1663,32.8493,31.5858,35.9878,34.6956,1.5404,1.6691
1664,32.8546,31.5901,35.9932,34.7005,1.5402,1.669
1665,32.8599,31.5945,35.9986,34.7053,1.54,1.6688
1666,32.8652,31.5988,36.004,34.7102,1.5398,1.6686
1667,32.8705,31.6032,36.0095,34.7151,1.5395,1.6685
1668,32.8757,31.6075,36.0149,34.72,1.5393,1.6683
1669,32.881,31.6119,36.0203,34.7249,1.5391,1.6682
1670,32.8863,31.6162,36.0257,34.7298,1.5388,1.668
1671,32.8916,31.6206,36.0312,34.7347,1.5386,1.6678
1672,32.8969,31.6249,36.0366,34.7396,1.5384,1.6677
1673,32.9022,31.6293,36.042,34.7445,1.5382,1.6675
1674,32.9075,31.6336,36.0475,34.7494,1.5379,1.6674
1675,32.9128,31.638,36.0529,34.7544,1.5377,1.6672
1676,32.9181,31.6423,36.0584,34.7593,1.5375,1.6671
1677,32.9234,31.6467,36.0638,34.7642,1.5373,1.6669
1678,32.9287,31.6511,36.0693,34.7691,1.537,1.6668
1679,32.9339,31.6554,36.0747,34.774,1.5368,1.6666
1680,32.9392,31.6598,36.0802,34.779,1.5366,1.6664
1681,32.9445,31.6641,36.0857,34.7839,1.5364,1.6663
1682,32.9498,31.6685,36.0913,34.7889,1.5361,1.6661
1683,32.9551,31.6729,36.0969,34.794,1.5359,1.666
1684,32.9604,31.6772,36.1025,34.799,1.5357,1.6658
1685,32.9657,31.6816,36.1081,34.8041,1.5355,1.6657
1686,32.971,31.686,36.1138,34.8092,1.5352,1.6655
1687,32.9763,31.6903,36.1195,34.8143,1.535,1.6654
1688,32.9816,31.6947,36.1252,34.8195,1.5348,1.6652
1689,32.9869,31.6991,36.1309,34.8246,1.5346,1.665
1690,32.9922,31.7034,36.1367,34.8298,1.5344,1.6649
1691,32.9975,31.7078,36.1424,34.8349,1.5341,1.6647
1692,33.0028,31.7122,36.1482,34.8401,1.5339,1.6646
1693,33.0081,31.7166,36.154,34.8453,1.5337,1.6644
1694,33.0134,31.7209,36.1598,34.8505,1.5335,1.6643
1695,33.0187,31.7253,36.1656,34.8557,1.5332,1.6641
1696,33.024,31.7297,36.1714,34.8609,1.533,1.664
1697,33.0293,31.7341,36.1772,34.8661,1.5328,1.6638
1698,33.0346,31.7384,36.183,34.8714,1.5326,1.6637
1699,33.0399,31.7428,36.1889,34.8766,1.5323,1.6635
1700,33.0452,31.7472,36.1948,34.8819,1.5321,1.6633
1701,33.0505,31.7516,36.2006,34.8871,1.5319,1.6632
1702,33.0557,31.756,36.2065,34.8924,1.5317,1.663
1703,33.061,31.7603,36.2124,34.8977,1.5314,1.6629
1704,33.0663,31.7647,36.2183,34.903,1.5312,1.6627
1705,33.0716,31.7691,36.2242,34.9083,1.531,1.6626
1706,33.0769,31.7735,36.2302,34.9136,1.5308,1.6624
1707,33.0822,31.7779,36.2361,34.9189,1.5306,1.6623
1708,33.0875,31.7823,36.242,34.9242,1.5303,1.6621
1709,33.0928,31.7867,36.248,34.9295,1.5301,1.662
1710,33.0981,31.791,36.2539,34.9349,1.5299,1.6618
1711,33.1034,31.7954,36.2599,34.9402,1.5297,1.6617
1712,33.1087,31.7998,36.2659,34.9456,1.5295,1.6615
1713,33.114,31.8042,36.2719,34.9509,1.5292,1.6614
1714,33.1193,31.8086,36.2778,34.9563,1.529,1.6612
1715,33.1246,31.813,36.2838,34.9616,1.5288,1.6611
1716,33.1299,31.8174,36.2899,34.967,1.5286,1.6609
1717,33.1352,31.8218,36.2959,34.9724,1.5283,1.6608
1718,33.1405,31.8262,36.3019,34.9778,1.5281,1.6606
1719,33.1458,31.8306,36.3079,34.9832,1.5279,1.6605
1720,33.1511,31.835,36.314,34.9886,1.5277,1.6603
1721,33.1564,31.8394,36.32,34.994,1.5275,1.6602
1722,33.1617,31.8438,36.3261,34.9994,1.5272,1.66
1723,33.167,31.8482,36.3321,35.0048,1.527,1.6599
1724,33.1723,31.8526,36.3382,35.0103,1.5268,1.6597
1725,33.1776,31.857,36.3443,35.0157,1.5266,1.6596
1726,33.1829,31.8614,36.3503,35.0211,1.5264,1.6594
1727,33.1882,31.8658,36.3564,35.0266,1.5261,1.6593
1728,33.1935,31.8702,36.3625,35.032,1.5259,1.6591
1729,33.1988,31.8746,36.3686,35.0375,1.5257,1.659
1730,33.2041,31.879,36.3747,35.0429,1.5255,1.6588
1731,33.2094,31.8834,36.3809,35.0484,1.5253,1.6587
1732,33.2147,31.8878,36.387,35.0539,1.525,1.6585
1733,33.22,31.8922,36.3931,35.0594,1.5248,1.6584
1734,33.2253,31.8966,36.3992,35.0648,1.5246,1.6582
1735,33.2306,31.901,36.4054,35.0703,1.5244,1.6581
1736,33.2359,31.9054,36.4115,35.0758,1.5242,1.6579
1737,33.2412,31.9098,36.4177,35.0813,1.5239,1.6578
1738,33.2465,31.9143,36.4238,35.0868,1.5237,1.6576
1739,33.2518,31.9187,36.43,35.0923,1.5235,1.6575
1740,33.2571,31.9231,36.4362,35.0979,1.5233,1.6573
1741,33.2624,31.9275,36.4423,35.1033,1.5231,1.6572
1742,33.2677,31.9319,36.4483,35.1087,1.5228,1.657
1743,33.273,31.9363,36.4544,35.1141,1.5226,1.6569
1744,33.2783,31.9407,36.4604,35.1195,1.5224,1.6567
1745,33.2837,31.9452,36.4663,35.1249,1.5222,1.6566
1746,33.289,31.9496,36.4723,35.1303,1.522,1.6564
1747,33.2943,31.954,36.4783,35.1356,1.5218,1.6563
1748,33.2996,31.9584,36.4842,35.1409,1.5215,1.6561
1749,33.3049,31.9628,36.4901,35.1463,1.5213,1.656
1750,33.3102,31.9673,36.496,35.1516,1.5211,1.6558
1751,33.3155,31.9717,36.5019,35.1569,1.5209,1.6557
1752,33.3208,31.9761,36.5078,35.1622,1.5207,1.6556
1753,33.3261,31.9805,36.5137,35.1675,1.5204,1.6554
1754,33.3314,31.985,36.5196,35.1728,1.5202,1.6553
1755,33.3367,31.9894,36.5255,35.1781,1.52,1.6551
1756,33.342,31.9938,36.5313,35.1834,1.5198,1.655
1757,33.3473,31.9982,36.5372,35.1886,1.5196,1.6548
1758,33.3526,32.0027,36.5431,35.1939,1.5194,1.6547
1759,33.3579,32.0071,36.5489,35.1992,1.5191,1.6545
1760,33.3632,32.0115,36.5547,35.2044,1.5189,1.6544
1761,33.3685,32.0159,36.5606,35.2097,1.5187,1.6542
1762,33.3738,32.0204,36.5664,35.2149,1.5185,1.6541
1763,33.3791,32.0248,36.5722,35.2202,1.5183,1.6539
1764,33.3844,32.0292,36.5781,35.2254,1.5181,1.6538
1765,33.3897,32.0337,36.5839,35.2307,1.5178,1.6536
1766,33.395,32.0381,36.5897,35.2359,1.5176,1.6535
1767,33.4003,32.0425,36.5955,35.2412,1.5174,1.6534
1768,33.4056,32.047,36.6013,35.2464,1.5172,1.6532
1769,33.4109,32.0514,36.6071,35.2517,1.517,1.6531
1770,33.4162,32.0558,36.6129,35.2569,1.5168,1.6529
1771,33.4215,32.0603,36.6187,35.2621,1.5165,1.6528
1772,33.4268,32.0647,36.6245,35.2673,1.5163,1.6526
1773,33.4321,32.0692,36.6303,35.2726,1.5161,1.6525
1774,33.4374,32.0736,36.636,35.2778,1.5159,1.6523
1775,33.4427,32.078,36.6418,35.283,1.5157,1.6522
1776,33.448,32.0825,36.6476,35.2882,1.5155,1.6521
1777,33.4533,32.0869,36.6534,35.2935,1.5153,1.6519
1778,33.4586,32.0914,36.6592,35.2987,1.515,1.6518
1779,33.4639,32.0958,36.6649,35.3039,1.5148,1.6516
1780,33.4692,32.1003,36.6707,35.3091,1.5146,1.6515
1781,33.4745,32.1047,36.6765,35.3143,1.5144,1.6513
1782,33.4798,32.1091,36.6822,35.3195,1.5142,1.6512
1783,33.4852,32.1136,36.688,35.3247,1.514,1.651
1784,33.4905,32.118,36.6937,35.3299,1.5138,1.6509
1785,33.4958,32.1225,36.6995,35.3351,1.5135,1.6508
1786,33.5011,32.1269,36.7052,35.3403,1.5133,1.6506
1787,33.5064,32.1314,36.711,35.3455,1.5131,1.6505
1788,33.5117,32.1358,36.7167,35.3508,1.5129,1.6503
1789,33.517,32.1403,36.7225,35.356,1.5127,1.6502
1790,33.5223,32.1447,36.7282,35.3611,1.5125,1.65
1791,33.5276,32.1492,36.734,35.3663,1.5123,1.6499
1792,33.5329,32.1536,36.7397,35.3715,1.512,1.6497
1793,33.5382,32.1581,36.7454,35.3767,1.5118,1.6496
1794,33.5435,32.1625,36.7512,35.3819,1.5116,1.6495
1795,33.5488,32.167,36.7569,35.3871,1.5114,1.6493
1796,33.5541,32.1715,36.7626,35.3923,1.5112,1.6492
1797,33.5594,32.1759,36.7684,35.3975,1.511,1.649
1798,33.5648,32.1804,36.7741,35.4027,1.5108,1.6489
1799,33.5701,32.1848,36.7798,35.4079,1.5105,1.6487
1800,33.5754,32.1893,36.7856,35.4131,1.5103,1.6486
