time_s,T_center,T_surface,C_center,C_surface
1,28.0000,28.0002,2.5500,2.5351
2,28.0000,28.0005,2.5500,2.5222
3,28.0000,28.0009,2.5500,2.5110
4,28.0000,28.0015,2.5500,2.5012
5,28.0000,28.0020,2.5500,2.4923
6,28.0000,28.0027,2.5500,2.4844
7,28.0000,28.0034,2.5500,2.4771
8,28.0000,28.0041,2.5500,2.4705
9,28.0000,28.0049,2.5500,2.4643
10,28.0000,28.0057,2.5500,2.4586
11,28.0000,28.0066,2.5500,2.4532
12,28.0000,28.0075,2.5500,2.4481
13,28.0000,28.0085,2.5500,2.4433
14,28.0000,28.0094,2.5500,2.4387
15,28.0000,28.0104,2.5500,2.4343
16,28.0000,28.0115,2.5500,2.4301
17,28.0000,28.0126,2.5500,2.4261
18,28.0000,28.0137,2.5500,2.4222
19,28.0000,28.0148,2.5500,2.4184
20,28.0000,28.0160,2.5500,2.4147
21,28.0000,28.0172,2.5500,2.4112
22,28.0000,28.0184,2.5500,2.4077
23,28.0000,28.0197,2.5500,2.4044
24,28.0000,28.0209,2.5500,2.4011
25,28.0000,28.0222,2.5500,2.3979
26,28.0000,28.0235,2.5500,2.3948
27,28.0000,28.0249,2.5500,2.3918
28,28.0000,28.0263,2.5500,2.3888
29,28.0000,28.0277,2.5500,2.3859
30,28.0000,28.0291,2.5500,2.3830
31,28.0000,28.0305,2.5500,2.3802
32,28.0000,28.0320,2.5500,2.3774
33,28.0000,28.0334,2.5500,2.3747
34,28.0000,28.0349,2.5500,2.3721
35,28.0000,28.0365,2.5500,2.3694
36,28.0000,28.0380,2.5500,2.3669
37,28.0000,28.0396,2.5500,2.3643
38,28.0000,28.0411,2.5500,2.3618
39,28.0000,28.0427,2.5500,2.3594
40,28.0000,28.0444,2.5500,2.3570
41,28.0000,28.0460,2.5500,2.3546
42,28.0000,28.0476,2.5500,2.3522
43,28.0000,28.0493,2.5500,2.3499
44,28.0000,28.0510,2.5500,2.3476
45,28.0000,28.0527,2.5500,2.3453
46,28.0000,28.0544,2.5500,2.3431
47,28.0000,28.0562,2.5500,2.3409
48,28.0000,28.0579,2.5500,2.3387
49,28.0000,28.0597,2.5500,2.3366
50,28.0000,28.0615,2.5500,2.3344
51,28.0000,28.0633,2.5500,2.3323
52,28.0000,28.0651,2.5500,2.3302
53,28.0000,28.0670,2.5500,2.3282
54,28.0000,28.0688,2.5500,2.3261
55,28.0000,28.0707,2.5500,2.3241
56,28.0000,28.0726,2.5500,2.3221
57,28.0000,28.0745,2.5500,2.3201
58,28.0000,28.0764,2.5500,2.3182
59,28.0000,28.0783,2.5500,2.3163
60,28.0000,28.0802,2.5500,2.3143
61,28.0000,28.0822,2.5500,2.3124
62,28.0000,28.0843,2.5500,2.3106
63,28.0000,28.0864,2.5500,2.3087
64,28.0000,28.0885,2.5500,2.3068
65,28.0000,28.0907,2.5500,2.3050
66,28.0000,28.0929,2.5500,2.3032
67,28.0000,28.0951,2.5500,2.3014
68,28.0000,28.0974,2.5500,2.2996
69,28.0000,28.0996,2.5500,2.2978
70,28.0000,28.1019,2.5500,2.2961
71,28.0000,28.1042,2.5500,2.2943
72,28.0000,28.1066,2.5500,2.2926
73,28.0000,28.1089,2.5500,2.2909
74,28.0000,28.1113,2.5500,2.2892
75,28.0000,28.1137,2.5500,2.2875
76,28.0000,28.1162,2.5500,2.2858
77,28.0000,28.1186,2.5500,2.2842
78,28.0000,28.1211,2.5500,2.2825
79,28.0000,28.1236,2.5500,2.2809
80,28.0000,28.1261,2.5500,2.2793
81,28.0000,28.1286,2.5500,2.2777
82,28.0000,28.1312,2.5500,2.2761
83,28.0000,28.1337,2.5500,2.2745
84,28.0000,28.1363,2.5500,2.2729
85,28.0000,28.1389,2.5500,2.2713
86,28.0000,28.1415,2.5500,2.2698
87,28.0000,28.1442,2.5500,2.2682
88,28.0000,28.1468,2.5500,2.2667
89,28.0000,28.1495,2.5500,2.2652
90,28.0000,28.1522,2.5500,2.2636
91,28.0000,28.1549,2.5500,2.2621
92,28.0000,28.1576,2.5500,2.2606
93,28.0000,28.1604,2.5500,2.2591
94,28.0000,28.1631,2.5500,2.2577
95,28.0000,28.1659,2.5500,2.2562
96,28.0000,28.1687,2.5500,2.2547
97,28.0000,28.1715,2.5500,2.2533
98,28.0000,28.1743,2.5500,2.2518
99,28.0001,28.1771,2.5500,2.2504
100,28.0001,28.1800,2.5500,2.2490
101,28.0001,28.1829,2.5500,2.2476
102,28.0001,28.1857,2.5500,2.2461
103,28.0001,28.1886,2.5500,2.2447
104,28.0001,28.1916,2.5500,2.2433
105,28.0001,28.1945,2.5500,2.2420
106,28.0001,28.1974,2.5500,2.2406
107,28.0001,28.2004,2.5500,2.2392
108,28.0001,28.2033,2.5500,2.2378
109,28.0001,28.2063,2.5500,2.2365
110,28.0001,28.2093,2.5500,2.2351
111,28.0001,28.2123,2.5500,2.2338
112,28.0001,28.2154,2.5500,2.2325
113,28.0001,28.2184,2.5500,2.2311
114,28.0002,28.2215,2.5500,2.2298
115,28.0002,28.2245,2.5500,2.2285
116,28.0002,28.2276,2.5500,2.2272
117,28.0002,28.2307,2.5500,2.2259
118,28.0002,28.2338,2.5500,2.2246
119,28.0002,28.2369,2.5500,2.2233
120,28.0002,28.2401,2.5500,2.2220
121,28.0002,28.2432,2.5500,2.2207
122,28.0003,28.2462,2.5500,2.2195
123,28.0003,28.2492,2.5500,2.2182
124,28.0003,28.2523,2.5500,2.2169
125,28.0003,28.2553,2.5500,2.2157
126,28.0003,28.2583,2.5500,2.2144
127,28.0003,28.2613,2.5500,2.2132
128,28.0004,28.2643,2.5500,2.2120
129,28.0004,28.2673,2.5500,2.2107
130,28.0004,28.2703,2.5500,2.2095
131,28.0004,28.2732,2.5500,2.2083
132,28.0005,28.2762,2.5500,2.2071
133,28.0005,28.2792,2.5500,2.2059
134,28.0005,28.2822,2.5500,2.2047
135,28.0005,28.2852,2.5500,2.2035
136,28.0006,28.2882,2.5500,2.2023
137,28.0006,28.2912,2.5500,2.2011
138,28.0006,28.2942,2.5500,2.1999
139,28.0006,28.2972,2.5500,2.1987
140,28.0007,28.3002,2.5500,2.1976
141,28.0007,28.3032,2.5500,2.1964
142,28.0007,28.3062,2.5500,2.1952
143,28.0008,28.3092,2.5500,2.1941
144,28.0008,28.3122,2.5500,2.1929
145,28.0009,28.3152,2.5500,2.1918
146,28.0009,28.3183,2.5500,2.1906
147,28.0009,28.3213,2.5500,2.1895
148,28.0010,28.3243,2.5500,2.1884
149,28.0010,28.3273,2.5500,2.1872
150,28.0011,28.3304,2.5500,2.1861
151,28.0011,28.3334,2.5500,2.1850
152,28.0012,28.3365,2.5500,2.1839
153,28.0012,28.3395,2.5500,2.1828
154,28.0013,28.3426,2.5500,2.1817
155,28.0013,28.3456,2.5500,2.1805
156,28.0014,28.3487,2.5500,2.1794
157,28.0014,28.3517,2.5500,2.1784
158,28.0015,28.3548,2.5500,2.1773
159,28.0015,28.3579,2.5500,2.1762
160,28.0016,28.3610,2.5500,2.1751
161,28.0017,28.3640,2.5500,2.1740
162,28.0017,28.3671,2.5500,2.1729
163,28.0018,28.3702,2.5500,2.1719
164,28.0019,28.3733,2.5500,2.1708
165,28.0019,28.3764,2.5500,2.1697
166,28.0020,28.3795,2.5500,2.1687
167,28.0021,28.3826,2.5500,2.1676
168,28.0022,28.3857,2.5500,2.1666
169,28.0022,28.3888,2.5500,2.1655
170,28.0023,28.3920,2.5500,2.1645
171,28.0024,28.3951,2.5500,2.1634
172,28.0025,28.3982,2.5500,2.1624
173,28.0026,28.4014,2.5500,2.1614
174,28.0027,28.4045,2.5500,2.1603
175,28.0028,28.4077,2.5500,2.1593
176,28.0028,28.4108,2.5500,2.1583
177,28.0029,28.4140,2.5500,2.1573
178,28.0030,28.4171,2.5500,2.1563
179,28.0031,28.4203,2.5500,2.1553
180,28.0032,28.4235,2.5500,2.1542
181,28.0034,28.4266,2.5500,2.1532
182,28.0035,28.4297,2.5500,2.1522
183,28.0036,28.4328,2.5500,2.1512
184,28.0037,28.4358,2.5500,2.1502
185,28.0038,28.4389,2.5500,2.1493
186,28.0039,28.4419,2.5500,2.1483
187,28.0040,28.4449,2.5500,2.1473
188,28.0042,28.4479,2.5500,2.1463
189,28.0043,28.4509,2.5500,2.1453
190,28.0044,28.4539,2.5500,2.1443
191,28.0045,28.4569,2.5500,2.1434
192,28.0047,28.4599,2.5500,2.1424
193,28.0048,28.4629,2.5500,2.1414
194,28.0050,28.4659,2.5500,2.1405
195,28.0051,28.4689,2.5500,2.1395
196,28.0052,28.4718,2.5500,2.1385
197,28.0054,28.4748,2.5500,2.1376
198,28.0055,28.4778,2.5500,2.1366
199,28.0057,28.4807,2.5500,2.1357
200,28.0058,28.4837,2.5500,2.1347
201,28.0060,28.4867,2.5500,2.1338
202,28.0062,28.4896,2.5500,2.1329
203,28.0063,28.4926,2.5500,2.1319
204,28.0065,28.4955,2.5500,2.1310
205,28.0067,28.4985,2.5500,2.1300
206,28.0069,28.5014,2.5500,2.1291
207,28.0070,28.5044,2.5500,2.1282
208,28.0072,28.5073,2.5500,2.1273
209,28.0074,28.5103,2.5500,2.1263
210,28.0076,28.5132,2.5500,2.1254
211,28.0078,28.5162,2.5500,2.1245
212,28.0080,28.5191,2.5500,2.1236
213,28.0082,28.5221,2.5500,2.1227
214,28.0084,28.5250,2.5500,2.1218
215,28.0086,28.5280,2.5500,2.1209
216,28.0088,28.5309,2.5500,2.1200
217,28.0090,28.5338,2.5500,2.1191
218,28.0092,28.5368,2.5500,2.1182
219,28.0094,28.5397,2.5500,2.1173
220,28.0097,28.5427,2.5500,2.1164
221,28.0099,28.5456,2.5500,2.1155
222,28.0101,28.5486,2.5500,2.1146
223,28.0104,28.5515,2.5500,2.1137
224,28.0106,28.5544,2.5500,2.1128
225,28.0108,28.5574,2.5500,2.1119
226,28.0111,28.5603,2.5500,2.1111
227,28.0113,28.5633,2.5500,2.1102
228,28.0116,28.5662,2.5500,2.1093
229,28.0118,28.5692,2.5500,2.1084
230,28.0121,28.5721,2.5500,2.1076
231,28.0124,28.5751,2.5500,2.1067
232,28.0126,28.5780,2.5500,2.1058
233,28.0129,28.5810,2.5500,2.1050
234,28.0132,28.5839,2.5500,2.1041
235,28.0135,28.5869,2.5500,2.1033
236,28.0137,28.5898,2.5500,2.1024
237,28.0140,28.5928,2.5500,2.1016
238,28.0143,28.5957,2.5500,2.1007
239,28.0146,28.5987,2.5500,2.0999
240,28.0149,28.6016,2.5500,2.0990
241,28.0152,28.6047,2.5500,2.0982
242,28.0155,28.6079,2.5500,2.0973
243,28.0158,28.6113,2.5500,2.0965
244,28.0161,28.6147,2.5500,2.0956
245,28.0165,28.6181,2.5500,2.0948
246,28.0168,28.6216,2.5500,2.0940
247,28.0171,28.6251,2.5500,2.0931
248,28.0175,28.6287,2.5500,2.0923
249,28.0178,28.6323,2.5500,2.0915
250,28.0181,28.6360,2.5500,2.0907
251,28.0185,28.6397,2.5500,2.0898
252,28.0188,28.6434,2.5500,2.0890
253,28.0192,28.6472,2.5500,2.0882
254,28.0195,28.6510,2.5500,2.0874
255,28.0199,28.6548,2.5500,2.0865
256,28.0203,28.6587,2.5500,2.0857
257,28.0206,28.6626,2.5500,2.0849
258,28.0210,28.6665,2.5500,2.0841
259,28.0214,28.6704,2.5500,2.0833
260,28.0218,28.6744,2.5500,2.0825
261,28.0222,28.6783,2.5500,2.0817
262,28.0226,28.6823,2.5500,2.0809
263,28.0230,28.6864,2.5500,2.0801
264,28.0234,28.6904,2.5500,2.0793
265,28.0238,28.6945,2.5500,2.0785
266,28.0242,28.6986,2.5500,2.0777
267,28.0246,28.7027,2.5500,2.0769
268,28.0250,28.7069,2.5500,2.0761
269,28.0254,28.7110,2.5500,2.0753
270,28.0259,28.7152,2.5500,2.0745
271,28.0263,28.7194,2.5500,2.0737
272,28.0267,28.7236,2.5500,2.0730
273,28.0272,28.7279,2.5500,2.0722
274,28.0276,28.7321,2.5500,2.0714
275,28.0281,28.7364,2.5500,2.0706
276,28.0285,28.7407,2.5500,2.0698
277,28.0290,28.7450,2.5500,2.0691
278,28.0294,28.7493,2.5500,2.0683
279,28.0299,28.7537,2.5500,2.0675
280,28.0304,28.7581,2.5500,2.0668
281,28.0309,28.7624,2.5500,2.0660
282,28.0313,28.7668,2.5500,2.0652
283,28.0318,28.7713,2.5500,2.0645
284,28.0323,28.7757,2.5500,2.0637
285,28.0328,28.7801,2.5500,2.0629
286,28.0333,28.7846,2.5500,2.0622
287,28.0338,28.7891,2.5500,2.0614
288,28.0343,28.7936,2.5500,2.0606
289,28.0349,28.7981,2.5500,2.0599
290,28.0354,28.8026,2.5500,2.0591
291,28.0359,28.8072,2.5500,2.0584
292,28.0364,28.8117,2.5500,2.0576
293,28.0370,28.8163,2.5500,2.0569
294,28.0375,28.8209,2.5500,2.0561
295,28.0380,28.8255,2.5500,2.0554
296,28.0386,28.8301,2.5500,2.0546
297,28.0391,28.8348,2.5500,2.0539
298,28.0397,28.8394,2.5500,2.0532
299,28.0403,28.8441,2.5500,2.0524
300,28.0408,28.8488,2.5500,2.0517
301,28.0414,28.8533,2.5500,2.0510
302,28.0420,28.8578,2.5500,2.0502
303,28.0426,28.8623,2.5500,2.0495
304,28.0432,28.8667,2.5500,2.0488
305,28.0437,28.8711,2.5500,2.0480
306,28.0443,28.8754,2.5500,2.0473
307,28.0449,28.8797,2.5500,2.0466
308,28.0455,28.8840,2.5500,2.0458
309,28.0462,28.8883,2.5500,2.0451
310,28.0468,28.8926,2.5500,2.0444
311,28.0474,28.8969,2.5500,2.0437
312,28.0480,28.9011,2.5500,2.0429
313,28.0486,28.9054,2.5500,2.0422
314,28.0493,28.9096,2.5500,2.0415
315,28.0499,28.9139,2.5500,2.0408
316,28.0506,28.9181,2.5500,2.0401
317,28.0512,28.9223,2.5500,2.0394
318,28.0519,28.9265,2.5500,2.0387
319,28.0525,28.9307,2.5500,2.0379
320,28.0532,28.9349,2.5500,2.0372
321,28.0538,28.9391,2.5500,2.0365
322,28.0545,28.9432,2.5500,2.0358
323,28.0552,28.9474,2.5500,2.0351
324,28.0559,28.9516,2.5500,2.0344
325,28.0566,28.9558,2.5500,2.0337
326,28.0573,28.9599,2.5500,2.0330
327,28.0579,28.9641,2.5500,2.0323
328,28.0587,28.9682,2.5500,2.0316
329,28.0594,28.9724,2.5500,2.0309
330,28.0601,28.9765,2.5500,2.0302
331,28.0608,28.9807,2.5500,2.0295
332,28.0615,28.9848,2.5500,2.0288
333,28.0622,28.9890,2.5500,2.0281
334,28.0630,28.9931,2.5500,2.0275
335,28.0637,28.9973,2.5500,2.0268
336,28.0644,29.0014,2.5500,2.0261
337,28.0652,29.0055,2.5500,2.0254
338,28.0659,29.0097,2.5500,2.0247
339,28.0667,29.0138,2.5500,2.0240
340,28.0674,29.0179,2.5500,2.0233
341,28.0682,29.0221,2.5500,2.0227
342,28.0690,29.0262,2.5500,2.0220
343,28.0698,29.0303,2.5500,2.0213
344,28.0705,29.0345,2.5500,2.0206
345,28.0713,29.0386,2.5500,2.0200
346,28.0721,29.0427,2.5500,2.0193
347,28.0729,29.0469,2.5500,2.0186
348,28.0737,29.0510,2.5500,2.0179
349,28.0745,29.0551,2.5500,2.0173
350,28.0753,29.0593,2.5500,2.0166
351,28.0761,29.0634,2.5500,2.0159
352,28.0770,29.0675,2.5500,2.0153
353,28.0778,29.0716,2.5500,2.0146
354,28.0786,29.0758,2.5500,2.0139
355,28.0795,29.0799,2.5500,2.0133
356,28.0803,29.0840,2.5500,2.0126
357,28.0811,29.0882,2.5500,2.0119
358,28.0820,29.0923,2.5500,2.0113
359,28.0828,29.0964,2.5500,2.0106
360,28.0837,29.1006,2.5500,2.0100
361,28.0846,29.1047,2.5500,2.0093
362,28.0855,29.1089,2.5500,2.0086
363,28.0863,29.1131,2.5500,2.0080
364,28.0872,29.1173,2.5500,2.0073
365,28.0881,29.1215,2.5500,2.0067
366,28.0890,29.1257,2.5500,2.0060
367,28.0899,29.1299,2.5500,2.0054
368,28.0908,29.1342,2.5500,2.0047
369,28.0917,29.1384,2.5500,2.0041
370,28.0926,29.1427,2.5500,2.0034
371,28.0935,29.1469,2.5500,2.0028
372,28.0945,29.1512,2.5500,2.0021
373,28.0954,29.1554,2.5500,2.0015
374,28.0963,29.1597,2.5500,2.0009
375,28.0973,29.1640,2.5500,2.0002
376,28.0982,29.1683,2.5500,1.9996
377,28.0992,29.1726,2.5500,1.9989
378,28.1001,29.1769,2.5500,1.9983
379,28.1011,29.1812,2.5500,1.9977
380,28.1021,29.1855,2.5500,1.9970
381,28.1030,29.1898,2.5500,1.9964
382,28.1040,29.1941,2.5500,1.9958
383,28.1050,29.1984,2.5500,1.9951
384,28.1060,29.2027,2.5500,1.9945
385,28.1070,29.2070,2.5500,1.9939
386,28.1080,29.2114,2.5500,1.9932
387,28.1090,29.2157,2.5500,1.9926
388,28.1100,29.2201,2.5500,1.9920
389,28.1110,29.2244,2.5500,1.9914
390,28.1120,29.2288,2.5500,1.9907
391,28.1131,29.2331,2.5500,1.9901
392,28.1141,29.2375,2.5500,1.9895
393,28.1152,29.2418,2.5500,1.9889
394,28.1162,29.2462,2.5500,1.9882
395,28.1173,29.2506,2.5500,1.9876
396,28.1183,29.2550,2.5500,1.9870
397,28.1194,29.2593,2.5500,1.9864
398,28.1204,29.2637,2.5500,1.9858
399,28.1215,29.2681,2.5500,1.9851
400,28.1226,29.2725,2.5500,1.9845
401,28.1237,29.2769,2.5500,1.9839
402,28.1248,29.2813,2.5500,1.9833
403,28.1259,29.2857,2.5500,1.9827
404,28.1270,29.2901,2.5500,1.9821
405,28.1281,29.2945,2.5500,1.9815
406,28.1292,29.2990,2.5500,1.9809
407,28.1303,29.3034,2.5500,1.9803
408,28.1314,29.3078,2.5500,1.9796
409,28.1326,29.3123,2.5500,1.9790
410,28.1337,29.3167,2.5500,1.9784
411,28.1349,29.3211,2.5500,1.9778
412,28.1360,29.3256,2.5500,1.9772
413,28.1372,29.3300,2.5500,1.9766
414,28.1383,29.3345,2.5500,1.9760
415,28.1395,29.3389,2.5500,1.9754
416,28.1407,29.3434,2.5500,1.9748
417,28.1418,29.3479,2.5500,1.9742
418,28.1430,29.3523,2.5500,1.9736
419,28.1442,29.3568,2.5500,1.9730
420,28.1454,29.3613,2.5500,1.9724
421,28.1466,29.3657,2.5500,1.9718
422,28.1478,29.3700,2.5500,1.9712
423,28.1490,29.3743,2.5500,1.9706
424,28.1502,29.3786,2.5500,1.9701
425,28.1515,29.3828,2.5500,1.9695
426,28.1527,29.3871,2.5500,1.9689
427,28.1539,29.3913,2.5500,1.9683
428,28.1552,29.3955,2.5500,1.9677
429,28.1564,29.3996,2.5500,1.9671
430,28.1577,29.4038,2.5500,1.9665
431,28.1589,29.4080,2.5500,1.9659
432,28.1602,29.4121,2.5500,1.9653
433,28.1615,29.4162,2.5500,1.9648
434,28.1628,29.4203,2.5500,1.9642
435,28.1640,29.4244,2.5500,1.9636
436,28.1653,29.4285,2.5500,1.9630
437,28.1666,29.4326,2.5500,1.9624
438,28.1679,29.4367,2.5500,1.9618
439,28.1692,29.4407,2.5500,1.9613
440,28.1705,29.4448,2.5500,1.9607
441,28.1719,29.4488,2.5500,1.9601
442,28.1732,29.4529,2.5500,1.9595
443,28.1745,29.4569,2.5500,1.9590
444,28.1758,29.4609,2.5500,1.9584
445,28.1772,29.4649,2.5500,1.9578
446,28.1785,29.4690,2.5500,1.9572
447,28.1799,29.4730,2.5500,1.9567
448,28.1812,29.4770,2.5500,1.9561
449,28.1826,29.4810,2.5500,1.9555
450,28.1840,29.4849,2.5500,1.9550
451,28.1854,29.4889,2.5500,1.9544
452,28.1867,29.4929,2.5500,1.9538
453,28.1881,29.4969,2.5500,1.9532
454,28.1895,29.5008,2.5500,1.9527
455,28.1909,29.5048,2.5500,1.9521
456,28.1923,29.5087,2.5500,1.9515
457,28.1937,29.5127,2.5500,1.9510
458,28.1952,29.5166,2.5500,1.9504
459,28.1966,29.5206,2.5500,1.9499
460,28.1980,29.5245,2.5500,1.9493
461,28.1994,29.5285,2.5500,1.9487
462,28.2009,29.5324,2.5500,1.9482
463,28.2023,29.5363,2.5500,1.9476
464,28.2038,29.5402,2.5500,1.9471
465,28.2052,29.5442,2.5500,1.9465
466,28.2067,29.5481,2.5500,1.9459
467,28.2082,29.5520,2.5500,1.9454
468,28.2097,29.5559,2.5500,1.9448
469,28.2111,29.5598,2.5500,1.9443
470,28.2126,29.5637,2.5500,1.9437
471,28.2141,29.5676,2.5500,1.9432
472,28.2156,29.5715,2.5500,1.9426
473,28.2171,29.5754,2.5500,1.9421
474,28.2186,29.5793,2.5500,1.9415
475,28.2201,29.5831,2.5500,1.9410
476,28.2217,29.5870,2.5500,1.9404
477,28.2232,29.5909,2.5500,1.9399
478,28.2247,29.5948,2.5500,1.9393
479,28.2263,29.5987,2.5500,1.9388
480,28.2278,29.6025,2.5500,1.9382
481,28.2294,29.6065,2.5500,1.9377
482,28.2309,29.6106,2.5500,1.9371
483,28.2325,29.6147,2.5500,1.9366
484,28.2341,29.6188,2.5500,1.9360
485,28.2356,29.6230,2.5500,1.9355
486,28.2372,29.6273,2.5500,1.9349
487,28.2388,29.6315,2.5500,1.9344
488,28.2404,29.6358,2.5500,1.9339
489,28.2420,29.6401,2.5500,1.9333
490,28.2436,29.6444,2.5500,1.9328
491,28.2452,29.6488,2.5500,1.9322
492,28.2468,29.6532,2.5500,1.9317
493,28.2484,29.6576,2.5500,1.9312
494,28.2501,29.6620,2.5500,1.9306
495,28.2517,29.6664,2.5500,1.9301
496,28.2533,29.6709,2.5500,1.9296
497,28.2550,29.6753,2.5500,1.9290
498,28.2566,29.6798,2.5500,1.9285
499,28.2583,29.6843,2.5500,1.9280
500,28.2599,29.6888,2.5500,1.9274
501,28.2616,29.6933,2.5500,1.9269
502,28.2633,29.6979,2.5500,1.9264
503,28.2650,29.7024,2.5500,1.9258
504,28.2666,29.7070,2.5500,1.9253
505,28.2683,29.7116,2.5500,1.9248
506,28.2700,29.7161,2.5500,1.9243
507,28.2717,29.7207,2.5500,1.9237
508,28.2734,29.7254,2.5500,1.9232
509,28.2751,29.7300,2.5500,1.9227
510,28.2769,29.7346,2.5500,1.9221
511,28.2786,29.7393,2.5500,1.9216
512,28.2803,29.7439,2.5500,1.9211
513,28.2821,29.7486,2.5500,1.9206
514,28.2838,29.7533,2.5500,1.9201
515,28.2855,29.7580,2.5500,1.9195
516,28.2873,29.7627,2.5500,1.9190
517,28.2890,29.7674,2.5500,1.9185
518,28.2908,29.7721,2.5500,1.9180
519,28.2926,29.7769,2.5500,1.9175
520,28.2944,29.7816,2.5500,1.9169
521,28.2961,29.7864,2.5500,1.9164
522,28.2979,29.7911,2.5500,1.9159
523,28.2997,29.7959,2.5500,1.9154
524,28.3015,29.8007,2.5500,1.9149
525,28.3033,29.8055,2.5500,1.9143
526,28.3051,29.8103,2.5500,1.9138
527,28.3069,29.8151,2.5500,1.9133
528,28.3087,29.8199,2.5500,1.9128
529,28.3106,29.8247,2.5500,1.9123
530,28.3124,29.8296,2.5500,1.9118
531,28.3142,29.8344,2.5500,1.9113
532,28.3161,29.8393,2.5500,1.9108
533,28.3179,29.8441,2.5500,1.9102
534,28.3198,29.8490,2.5500,1.9097
535,28.3216,29.8539,2.5500,1.9092
536,28.3235,29.8588,2.5500,1.9087
537,28.3254,29.8637,2.5500,1.9082
538,28.3272,29.8686,2.5500,1.9077
539,28.3291,29.8735,2.5500,1.9072
540,28.3310,29.8784,2.5500,1.9067
541,28.3329,29.8833,2.5500,1.9062
542,28.3348,29.8881,2.5500,1.9057
543,28.3367,29.8929,2.5500,1.9052
544,28.3386,29.8978,2.5500,1.9047
545,28.3405,29.9026,2.5500,1.9042
546,28.3424,29.9074,2.5500,1.9037
547,28.3443,29.9122,2.5500,1.9032
548,28.3462,29.9169,2.5500,1.9027
549,28.3482,29.9217,2.5500,1.9022
550,28.3501,29.9265,2.5500,1.9017
551,28.3521,29.9313,2.5500,1.9012
552,28.3540,29.9361,2.5500,1.9007
553,28.3560,29.9408,2.5500,1.9002
554,28.3579,29.9456,2.5500,1.8997
555,28.3599,29.9504,2.5500,1.8992
556,28.3618,29.9551,2.5500,1.8987
557,28.3638,29.9599,2.5500,1.8982
558,28.3658,29.9646,2.5500,1.8977
559,28.3678,29.9694,2.5500,1.8972
560,28.3698,29.9742,2.5500,1.8967
561,28.3718,29.9789,2.5500,1.8962
562,28.3738,29.9837,2.5500,1.8957
563,28.3758,29.9884,2.5500,1.8952
564,28.3778,29.9932,2.5500,1.8947
565,28.3798,29.9980,2.5500,1.8942
566,28.3818,30.0027,2.5500,1.8938
567,28.3838,30.0075,2.5500,1.8933
568,28.3859,30.0122,2.5500,1.8928
569,28.3879,30.0170,2.5500,1.8923
570,28.3899,30.0218,2.5500,1.8918
571,28.3920,30.0265,2.5500,1.8913
572,28.3940,30.0313,2.5500,1.8908
573,28.3961,30.0361,2.5500,1.8903
574,28.3981,30.0408,2.5500,1.8899
575,28.4002,30.0456,2.5500,1.8894
576,28.4023,30.0504,2.5500,1.8889
577,28.4043,30.0551,2.5500,1.8884
578,28.4064,30.0599,2.5500,1.8879
579,28.4085,30.0647,2.5500,1.8874
580,28.4106,30.0694,2.5500,1.8869
581,28.4127,30.0742,2.5500,1.8865
582,28.4148,30.0790,2.5500,1.8860
583,28.4169,30.0838,2.5500,1.8855
584,28.4190,30.0885,2.5500,1.8850
585,28.4211,30.0933,2.5500,1.8845
586,28.4232,30.0981,2.5500,1.8841
587,28.4254,30.1029,2.5500,1.8836
588,28.4275,30.1077,2.5500,1.8831
589,28.4296,30.1124,2.5500,1.8826
590,28.4318,30.1172,2.5500,1.8822
591,28.4339,30.1220,2.5500,1.8817
592,28.4360,30.1268,2.5500,1.8812
593,28.4382,30.1316,2.5500,1.8807
594,28.4404,30.1364,2.5500,1.8803
595,28.4425,30.1412,2.5500,1.8798
596,28.4447,30.1460,2.5500,1.8793
597,28.4469,30.1508,2.5500,1.8788
598,28.4490,30.1556,2.5500,1.8784
599,28.4512,30.1604,2.5500,1.8779
600,28.4534,30.1652,2.5500,1.8774
601,28.4556,30.1701,2.5500,1.8769
602,28.4578,30.1750,2.5500,1.8765
603,28.4600,30.1800,2.5500,1.8760
604,28.4622,30.1850,2.5500,1.8755
605,28.4644,30.1900,2.5500,1.8751
606,28.4666,30.1951,2.5500,1.8746
607,28.4688,30.2002,2.5500,1.8741
608,28.4711,30.2053,2.5500,1.8737
609,28.4733,30.2104,2.5500,1.8732
610,28.4755,30.2155,2.5500,1.8727
611,28.4778,30.2207,2.5500,1.8723
612,28.4800,30.2259,2.5500,1.8718
613,28.4823,30.2311,2.5500,1.8713
614,28.4845,30.2363,2.5500,1.8709
615,28.4868,30.2415,2.5500,1.8704
616,28.4891,30.2468,2.5500,1.8699
617,28.4913,30.2520,2.5500,1.8695
618,28.4936,30.2573,2.5500,1.8690
619,28.4959,30.2626,2.5500,1.8686
620,28.4982,30.2679,2.5500,1.8681
621,28.5005,30.2732,2.5500,1.8676
622,28.5027,30.2785,2.5500,1.8672
623,28.5050,30.2838,2.5500,1.8667
624,28.5073,30.2892,2.5500,1.8663
625,28.5097,30.2945,2.5500,1.8658
626,28.5120,30.2999,2.5500,1.8653
627,28.5143,30.3053,2.5500,1.8649
628,28.5166,30.3106,2.5500,1.8644
629,28.5189,30.3160,2.5500,1.8640
630,28.5213,30.3215,2.5500,1.8635
631,28.5236,30.3269,2.5500,1.8630
632,28.5259,30.3323,2.5500,1.8626
633,28.5283,30.3378,2.5500,1.8621
634,28.5306,30.3432,2.5500,1.8617
635,28.5330,30.3487,2.5500,1.8612
636,28.5354,30.3541,2.5500,1.8608
637,28.5377,30.3596,2.5500,1.8603
638,28.5401,30.3651,2.5500,1.8599
639,28.5425,30.3706,2.5500,1.8594
640,28.5448,30.3761,2.5500,1.8590
641,28.5472,30.3817,2.5500,1.8585
642,28.5496,30.3872,2.5500,1.8581
643,28.5520,30.3927,2.5500,1.8576
644,28.5544,30.3983,2.5500,1.8572
645,28.5568,30.4038,2.5500,1.8567
646,28.5592,30.4094,2.5500,1.8563
647,28.5616,30.4150,2.5500,1.8558
648,28.5641,30.4206,2.5500,1.8554
649,28.5665,30.4262,2.5500,1.8549
650,28.5689,30.4318,2.5500,1.8545
651,28.5713,30.4374,2.5500,1.8540
652,28.5738,30.4430,2.5500,1.8536
653,28.5762,30.4486,2.5500,1.8531
654,28.5787,30.4542,2.5500,1.8527
655,28.5811,30.4599,2.5500,1.8522
656,28.5836,30.4655,2.5500,1.8518
657,28.5860,30.4712,2.5500,1.8514
658,28.5885,30.4769,2.5500,1.8509
659,28.5910,30.4825,2.5500,1.8505
660,28.5935,30.4882,2.5500,1.8500
661,28.5959,30.4938,2.5500,1.8496
662,28.5984,30.4993,2.5500,1.8491
663,28.6009,30.5048,2.5500,1.8487
664,28.6034,30.5102,2.5500,1.8483
665,28.6059,30.5156,2.5500,1.8478
666,28.6084,30.5210,2.5500,1.8474
667,28.6109,30.5264,2.5500,1.8469
668,28.6134,30.5317,2.5500,1.8465
669,28.6159,30.5370,2.5500,1.8461
670,28.6185,30.5423,2.5500,1.8456
671,28.6210,30.5476,2.5500,1.8452
672,28.6235,30.5529,2.5500,1.8448
673,28.6261,30.5582,2.5500,1.8443
674,28.6286,30.5634,2.5500,1.8439
675,28.6312,30.5687,2.5500,1.8434
676,28.6337,30.5739,2.5500,1.8430
677,28.6363,30.5791,2.5500,1.8426
678,28.6388,30.5843,2.5500,1.8421
679,28.6414,30.5895,2.5500,1.8417
680,28.6440,30.5947,2.5500,1.8413
681,28.6465,30.5999,2.5500,1.8408
682,28.6491,30.6051,2.5500,1.8404
683,28.6517,30.6103,2.5500,1.8400
684,28.6543,30.6154,2.5500,1.8395
685,28.6569,30.6206,2.5500,1.8391
686,28.6595,30.6257,2.5500,1.8387
687,28.6621,30.6309,2.5500,1.8383
688,28.6647,30.6360,2.5500,1.8378
689,28.6673,30.6411,2.5500,1.8374
690,28.6699,30.6463,2.5500,1.8370
691,28.6726,30.6514,2.5500,1.8365
692,28.6752,30.6565,2.5500,1.8361
693,28.6778,30.6616,2.5500,1.8357
694,28.6805,30.6667,2.5500,1.8353
695,28.6831,30.6718,2.5500,1.8348
696,28.6857,30.6769,2.5500,1.8344
697,28.6884,30.6820,2.5500,1.8340
698,28.6910,30.6871,2.5500,1.8335
699,28.6937,30.6922,2.5500,1.8331
700,28.6964,30.6973,2.5500,1.8327
701,28.6990,30.7023,2.5500,1.8323
702,28.7017,30.7074,2.5500,1.8318
703,28.7044,30.7125,2.5500,1.8314
704,28.7071,30.7176,2.5500,1.8310
705,28.7098,30.7226,2.5500,1.8306
706,28.7125,30.7277,2.5500,1.8302
707,28.7152,30.7327,2.5500,1.8297
708,28.7179,30.7378,2.5500,1.8293
709,28.7206,30.7428,2.5500,1.8289
710,28.7233,30.7479,2.5500,1.8285
711,28.7260,30.7529,2.5500,1.8280
712,28.7287,30.7580,2.5500,1.8276
713,28.7315,30.7630,2.5500,1.8272
714,28.7342,30.7681,2.5500,1.8268
715,28.7369,30.7731,2.5500,1.8264
716,28.7397,30.7781,2.5500,1.8260
717,28.7424,30.7832,2.5500,1.8255
718,28.7452,30.7882,2.5500,1.8251
719,28.7479,30.7932,2.5500,1.8247
720,28.7507,30.7982,2.5500,1.8243
721,28.7535,30.8033,2.5500,1.8239
722,28.7562,30.8084,2.5500,1.8234
723,28.7590,30.8136,2.5500,1.8230
724,28.7618,30.8187,2.5500,1.8226
725,28.7646,30.8239,2.5500,1.8222
726,28.7674,30.8291,2.5500,1.8218
727,28.7701,30.8343,2.5500,1.8214
728,28.7729,30.8395,2.5500,1.8210
729,28.7758,30.8448,2.5500,1.8205
730,28.7786,30.8500,2.5500,1.8201
731,28.7814,30.8553,2.5500,1.8197
732,28.7842,30.8605,2.5500,1.8193
733,28.7870,30.8658,2.5500,1.8189
734,28.7898,30.8711,2.5500,1.8185
735,28.7927,30.8764,2.5500,1.8181
736,28.7955,30.8817,2.5500,1.8177
737,28.7984,30.8870,2.5500,1.8173
738,28.8012,30.8923,2.5500,1.8168
739,28.8041,30.8976,2.5500,1.8164
740,28.8069,30.9029,2.5500,1.8160
741,28.8098,30.9082,2.5500,1.8156
742,28.8126,30.9136,2.5500,1.8152
743,28.8155,30.9189,2.5500,1.8148
744,28.8184,30.9243,2.5500,1.8144
745,28.8213,30.9296,2.5500,1.8140
746,28.8242,30.9350,2.5500,1.8136
747,28.8271,30.9404,2.5500,1.8132
748,28.8300,30.9457,2.5500,1.8128
749,28.8329,30.9511,2.5500,1.8124
750,28.8358,30.9565,2.5500,1.8120
751,28.8387,30.9619,2.5500,1.8116
752,28.8416,30.9673,2.5500,1.8111
753,28.8445,30.9727,2.5500,1.8107
754,28.8474,30.9781,2.5500,1.8103
755,28.8504,30.9835,2.5500,1.8099
756,28.8533,30.9889,2.5500,1.8095
757,28.8562,30.9943,2.5500,1.8091
758,28.8592,30.9998,2.5500,1.8087
759,28.8621,31.0052,2.5500,1.8083
760,28.8651,31.0106,2.5500,1.8079
761,28.8681,31.0161,2.5500,1.8075
762,28.8710,31.0215,2.5500,1.8071
763,28.8740,31.0270,2.5500,1.8067
764,28.8770,31.0324,2.5500,1.8063
765,28.8799,31.0379,2.5500,1.8059
766,28.8829,31.0433,2.5500,1.8055
767,28.8859,31.0488,2.5500,1.8051
768,28.8889,31.0543,2.5500,1.8047
769,28.8919,31.0597,2.5500,1.8043
770,28.8949,31.0652,2.5500,1.8039
771,28.8979,31.0707,2.5500,1.8035
772,28.9009,31.0762,2.5500,1.8031
773,28.9040,31.0817,2.5500,1.8027
774,28.9070,31.0872,2.5500,1.8023
775,28.9100,31.0927,2.5500,1.8019
776,28.9130,31.0982,2.5500,1.8015
777,28.9161,31.1037,2.5500,1.8012
778,28.9191,31.1092,2.5500,1.8008
779,28.9222,31.1147,2.5500,1.8004
780,28.9252,31.1202,2.5500,1.8000
781,28.9283,31.1257,2.5500,1.7996
782,28.9313,31.1311,2.5500,1.7992
783,28.9344,31.1365,2.5500,1.7988
784,28.9375,31.1418,2.5500,1.7984
785,28.9405,31.1471,2.5500,1.7980
786,28.9436,31.1524,2.5500,1.7976
787,28.9467,31.1577,2.5500,1.7972
788,28.9498,31.1630,2.5500,1.7968
789,28.9529,31.1682,2.5500,1.7964
790,28.9560,31.1735,2.5500,1.7960
791,28.9591,31.1787,2.5500,1.7956
792,28.9622,31.1839,2.5500,1.7953
793,28.9653,31.1891,2.5500,1.7949
794,28.9684,31.1943,2.5500,1.7945
795,28.9716,31.1995,2.5500,1.7941
796,28.9747,31.2047,2.5500,1.7937
797,28.9778,31.2099,2.5500,1.7933
798,28.9810,31.2150,2.5500,1.7929
799,28.9841,31.2202,2.5500,1.7925
800,28.9872,31.2253,2.5500,1.7922
801,28.9904,31.2305,2.5500,1.7918
802,28.9936,31.2356,2.5500,1.7914
803,28.9967,31.2408,2.5500,1.7910
804,28.9999,31.2459,2.5500,1.7906
805,29.0030,31.2510,2.5500,1.7902
806,29.0062,31.2561,2.5500,1.7898
807,29.0094,31.2612,2.5500,1.7894
808,29.0126,31.2663,2.5500,1.7891
809,29.0158,31.2714,2.5500,1.7887
810,29.0190,31.2765,2.5500,1.7883
811,29.0222,31.2816,2.5500,1.7879
812,29.0254,31.2867,2.5500,1.7875
813,29.0286,31.2917,2.5500,1.7871
814,29.0318,31.2968,2.5500,1.7868
815,29.0350,31.3019,2.5500,1.7864
816,29.0382,31.3069,2.5500,1.7860
817,29.0414,31.3120,2.5500,1.7856
818,29.0447,31.3170,2.5500,1.7852
819,29.0479,31.3221,2.5500,1.7849
820,29.0511,31.3271,2.5500,1.7845
821,29.0544,31.3322,2.5500,1.7841
822,29.0576,31.3372,2.5500,1.7837
823,29.0609,31.3423,2.5500,1.7833
824,29.0641,31.3473,2.5500,1.7830
825,29.0674,31.3523,2.5500,1.7826
826,29.0707,31.3573,2.5500,1.7822
827,29.0739,31.3624,2.5500,1.7818
828,29.0772,31.3674,2.5500,1.7814
829,29.0805,31.3724,2.5500,1.7811
830,29.0838,31.3774,2.5500,1.7807
831,29.0871,31.3824,2.5500,1.7803
832,29.0904,31.3874,2.5500,1.7799
833,29.0936,31.3924,2.5500,1.7795
834,29.0970,31.3974,2.5500,1.7792
835,29.1003,31.4024,2.5500,1.7788
836,29.1036,31.4074,2.5500,1.7784
837,29.1069,31.4124,2.5500,1.7780
838,29.1102,31.4174,2.5500,1.7777
839,29.1135,31.4224,2.5500,1.7773
840,29.1169,31.4274,2.5500,1.7769
841,29.1202,31.4324,2.5500,1.7765
842,29.1235,31.4374,2.5500,1.7762
843,29.1269,31.4424,2.5500,1.7758
844,29.1302,31.4474,2.5500,1.7754
845,29.1336,31.4525,2.5500,1.7751
846,29.1369,31.4575,2.5500,1.7747
847,29.1403,31.4625,2.5500,1.7743
848,29.1436,31.4675,2.5500,1.7739
849,29.1470,31.4726,2.5500,1.7736
850,29.1504,31.4776,2.5500,1.7732
851,29.1537,31.4826,2.5500,1.7728
852,29.1571,31.4877,2.5500,1.7725
853,29.1605,31.4927,2.5500,1.7721
854,29.1639,31.4978,2.5500,1.7717
855,29.1673,31.5028,2.5500,1.7713
856,29.1707,31.5079,2.5500,1.7710
857,29.1741,31.5129,2.5500,1.7706
858,29.1775,31.5179,2.5500,1.7702
859,29.1809,31.5230,2.5500,1.7699
860,29.1843,31.5280,2.5500,1.7695
861,29.1877,31.5331,2.5500,1.7691
862,29.1912,31.5381,2.5500,1.7688
863,29.1946,31.5432,2.5500,1.7684
864,29.1980,31.5482,2.5500,1.7680
865,29.2015,31.5533,2.5500,1.7677
866,29.2049,31.5583,2.5500,1.7673
867,29.2084,31.5634,2.5500,1.7669
868,29.2118,31.5684,2.5500,1.7666
869,29.2153,31.5735,2.5500,1.7662
870,29.2187,31.5785,2.5500,1.7658
871,29.2222,31.5836,2.5500,1.7655
872,29.2256,31.5887,2.5500,1.7651
873,29.2291,31.5937,2.5500,1.7647
874,29.2326,31.5988,2.5500,1.7644
875,29.2361,31.6038,2.5500,1.7640
876,29.2395,31.6089,2.5500,1.7636
877,29.2430,31.6139,2.5500,1.7633
878,29.2465,31.6190,2.5500,1.7629
879,29.2500,31.6241,2.5500,1.7626
880,29.2535,31.6291,2.5500,1.7622
881,29.2570,31.6342,2.5500,1.7618
882,29.2605,31.6392,2.5500,1.7615
883,29.2640,31.6443,2.5500,1.7611
884,29.2676,31.6494,2.5500,1.7607
885,29.2711,31.6544,2.5500,1.7604
886,29.2746,31.6595,2.5500,1.7600
887,29.2781,31.6645,2.5500,1.7597
888,29.2817,31.6696,2.5500,1.7593
889,29.2852,31.6747,2.5500,1.7589
890,29.2887,31.6797,2.5500,1.7586
891,29.2923,31.6848,2.5500,1.7582
892,29.2958,31.6899,2.5500,1.7579
893,29.2994,31.6949,2.5500,1.7575
894,29.3029,31.7000,2.5500,1.7571
895,29.3065,31.7050,2.5500,1.7568
896,29.3101,31.7101,2.5500,1.7564
897,29.3136,31.7152,2.5500,1.7561
898,29.3172,31.7202,2.5500,1.7557
899,29.3208,31.7253,2.5500,1.7554
900,29.3244,31.7304,2.5500,1.7550
901,29.3280,31.7355,2.5500,1.7546
902,29.3315,31.7407,2.5500,1.7543
903,29.3351,31.7459,2.5500,1.7539
904,29.3387,31.7512,2.5500,1.7536
905,29.3423,31.7564,2.5500,1.7532
906,29.3459,31.7617,2.5500,1.7529
907,29.3495,31.7671,2.5500,1.7525
908,29.3532,31.7724,2.5500,1.7522
909,29.3568,31.7777,2.5500,1.7518
910,29.3604,31.7831,2.5500,1.7515
911,29.3640,31.7885,2.5500,1.7511
912,29.3676,31.7939,2.5500,1.7507
913,29.3713,31.7993,2.5500,1.7504
914,29.3749,31.8047,2.5500,1.7500
915,29.3786,31.8101,2.5500,1.7497
916,29.3822,31.8156,2.5500,1.7493
917,29.3858,31.8210,2.5500,1.7490
918,29.3895,31.8265,2.5500,1.7486
919,29.3931,31.8320,2.5500,1.7483
920,29.3968,31.8374,2.5500,1.7479
921,29.4005,31.8429,2.5500,1.7476
922,29.4041,31.8485,2.5500,1.7472
923,29.4078,31.8540,2.5500,1.7469
924,29.4115,31.8595,2.5500,1.7465
925,29.4151,31.8650,2.5500,1.7462
926,29.4188,31.8706,2.5500,1.7458
927,29.4225,31.8761,2.5500,1.7455
928,29.4262,31.8817,2.5500,1.7451
929,29.4299,31.8873,2.5500,1.7448
930,29.4336,31.8928,2.5500,1.7444
931,29.4373,31.8984,2.5500,1.7441
932,29.4410,31.9040,2.5500,1.7437
933,29.4447,31.9096,2.5500,1.7434
934,29.4484,31.9152,2.5500,1.7430
935,29.4521,31.9209,2.5500,1.7427
936,29.4558,31.9265,2.5500,1.7423
937,29.4595,31.9321,2.5500,1.7420
938,29.4633,31.9378,2.5500,1.7416
939,29.4670,31.9434,2.5500,1.7413
940,29.4707,31.9491,2.5500,1.7409
941,29.4745,31.9547,2.5500,1.7406
942,29.4782,31.9604,2.5500,1.7403
943,29.4819,31.9661,2.5500,1.7399
944,29.4857,31.9717,2.5500,1.7396
945,29.4894,31.9774,2.5500,1.7392
946,29.4932,31.9831,2.5500,1.7389
947,29.4969,31.9888,2.5500,1.7385
948,29.5007,31.9945,2.5500,1.7382
949,29.5045,32.0003,2.5500,1.7378
950,29.5082,32.0060,2.5500,1.7375
951,29.5120,32.0117,2.5500,1.7372
952,29.5158,32.0174,2.5500,1.7368
953,29.5195,32.0232,2.5500,1.7365
954,29.5233,32.0289,2.5500,1.7361
955,29.5271,32.0347,2.5500,1.7358
956,29.5309,32.0404,2.5500,1.7354
957,29.5347,32.0462,2.5500,1.7351
958,29.5385,32.0520,2.5500,1.7348
959,29.5423,32.0578,2.5500,1.7344
960,29.5461,32.0635,2.5500,1.7341
961,29.5499,32.0692,2.5500,1.7337
962,29.5537,32.0748,2.5500,1.7334
963,29.5575,32.0804,2.5500,1.7331
964,29.5613,32.0859,2.5500,1.7327
965,29.5651,32.0914,2.5500,1.7324
966,29.5689,32.0968,2.5500,1.7320
967,29.5727,32.1022,2.5500,1.7317
968,29.5766,32.1076,2.5500,1.7314
969,29.5804,32.1130,2.5500,1.7310
970,29.5842,32.1184,2.5500,1.7307
971,29.5881,32.1237,2.5500,1.7303
972,29.5919,32.1290,2.5500,1.7300
973,29.5957,32.1343,2.5500,1.7297
974,29.5996,32.1396,2.5500,1.7293
975,29.6034,32.1449,2.5500,1.7290
976,29.6073,32.1502,2.5500,1.7287
977,29.6111,32.1554,2.5500,1.7283
978,29.6150,32.1607,2.5500,1.7280
979,29.6189,32.1659,2.5500,1.7276
980,29.6227,32.1711,2.5500,1.7273
981,29.6266,32.1763,2.5500,1.7270
982,29.6305,32.1815,2.5500,1.7266
983,29.6343,32.1867,2.5500,1.7263
984,29.6382,32.1919,2.5500,1.7260
985,29.6421,32.1970,2.5500,1.7256
986,29.6460,32.2022,2.5500,1.7253
987,29.6498,32.2074,2.5500,1.7250
988,29.6537,32.2125,2.5500,1.7246
989,29.6576,32.2176,2.5500,1.7243
990,29.6615,32.2227,2.5500,1.7240
991,29.6654,32.2279,2.5500,1.7236
992,29.6693,32.2330,2.5500,1.7233
993,29.6732,32.2381,2.5500,1.7230
994,29.6771,32.2432,2.5500,1.7226
995,29.6810,32.2482,2.5500,1.7223
996,29.6849,32.2533,2.5500,1.7220
997,29.6889,32.2584,2.5500,1.7216
998,29.6928,32.2635,2.5500,1.7213
999,29.6967,32.2685,2.5500,1.7210
1000,29.7006,32.2736,2.5500,1.7206
1001,29.7045,32.2786,2.5500,1.7203
1002,29.7085,32.2836,2.5500,1.7200
1003,29.7124,32.2887,2.5500,1.7196
1004,29.7163,32.2937,2.5500,1.7193
1005,29.7203,32.2987,2.5500,1.7190
1006,29.7242,32.3037,2.5500,1.7187
1007,29.7282,32.3088,2.5500,1.7183
1008,29.7321,32.3138,2.5500,1.7180
1009,29.7361,32.3188,2.5500,1.7177
1010,29.7400,32.3238,2.5500,1.7173
1011,29.7440,32.3287,2.5500,1.7170
1012,29.7479,32.3337,2.5500,1.7167
1013,29.7519,32.3387,2.5500,1.7164
1014,29.7559,32.3437,2.5500,1.7160
1015,29.7598,32.3487,2.5500,1.7157
1016,29.7638,32.3536,2.5500,1.7154
1017,29.7678,32.3586,2.5500,1.7150
1018,29.7718,32.3635,2.5500,1.7147
1019,29.7758,32.3685,2.5500,1.7144
1020,29.7797,32.3734,2.5500,1.7141
1021,29.7837,32.3785,2.5500,1.7137
1022,29.7877,32.3838,2.5500,1.7134
1023,29.7917,32.3891,2.5500,1.7131
1024,29.7957,32.3944,2.5500,1.7128
1025,29.7997,32.3998,2.5500,1.7124
1026,29.8037,32.4053,2.5500,1.7121
1027,29.8077,32.4108,2.5500,1.7118
1028,29.8117,32.4164,2.5500,1.7115
1029,29.8157,32.4220,2.5500,1.7111
1030,29.8197,32.4276,2.5500,1.7108
1031,29.8238,32.4332,2.5500,1.7105
1032,29.8278,32.4389,2.5500,1.7102
1033,29.8318,32.4446,2.5500,1.7098
1034,29.8358,32.4503,2.5500,1.7095
1035,29.8399,32.4561,2.5500,1.7092
1036,29.8439,32.4619,2.5500,1.7089
1037,29.8479,32.4677,2.5500,1.7086
1038,29.8520,32.4735,2.5500,1.7082
1039,29.8560,32.4793,2.5500,1.7079
1040,29.8600,32.4852,2.5500,1.7076
1041,29.8641,32.4911,2.5500,1.7073
1042,29.8681,32.4970,2.5500,1.7069
1043,29.8722,32.5029,2.5500,1.7066
1044,29.8763,32.5089,2.5500,1.7063
1045,29.8803,32.5148,2.5500,1.7060
1046,29.8844,32.5208,2.5500,1.7057
1047,29.8884,32.5268,2.5500,1.7053
1048,29.8925,32.5328,2.5500,1.7050
1049,29.8966,32.5389,2.5500,1.7047
1050,29.9007,32.5449,2.5500,1.7044
1051,29.9047,32.5510,2.5500,1.7041
1052,29.9088,32.5570,2.5500,1.7037
1053,29.9129,32.5631,2.5500,1.7034
1054,29.9170,32.5693,2.5500,1.7031
1055,29.9211,32.5754,2.5500,1.7028
1056,29.9252,32.5815,2.5500,1.7025
1057,29.9292,32.5877,2.5500,1.7021
1058,29.9333,32.5938,2.5500,1.7018
1059,29.9374,32.6000,2.5500,1.7015
1060,29.9415,32.6062,2.5500,1.7012
1061,29.9457,32.6124,2.5500,1.7009
1062,29.9498,32.6186,2.5500,1.7006
1063,29.9539,32.6249,2.5500,1.7002
1064,29.9580,32.6311,2.5500,1.6999
1065,29.9621,32.6374,2.5500,1.6996
1066,29.9662,32.6436,2.5500,1.6993
1067,29.9703,32.6499,2.5500,1.6990
1068,29.9745,32.6562,2.5500,1.6987
1069,29.9786,32.6625,2.5500,1.6983
1070,29.9827,32.6688,2.5500,1.6980
1071,29.9869,32.6752,2.5500,1.6977
1072,29.9910,32.6815,2.5500,1.6974
1073,29.9951,32.6878,2.5500,1.6971
1074,29.9993,32.6942,2.5500,1.6968
1075,30.0034,32.7006,2.5500,1.6965
1076,30.0076,32.7070,2.5500,1.6961
1077,30.0117,32.7134,2.5500,1.6958
1078,30.0159,32.7198,2.5500,1.6955
1079,30.0200,32.7262,2.5500,1.6952
1080,30.0242,32.7326,2.5500,1.6949
1081,30.0284,32.7389,2.5500,1.6946
1082,30.0325,32.7451,2.5500,1.6943
1083,30.0367,32.7513,2.5500,1.6940
1084,30.0409,32.7574,2.5500,1.6936
1085,30.0450,32.7635,2.5500,1.6933
1086,30.0492,32.7695,2.5500,1.6930
1087,30.0534,32.7756,2.5500,1.6927
1088,30.0576,32.7816,2.5500,1.6924
1089,30.0618,32.7875,2.5500,1.6921
1090,30.0659,32.7935,2.5500,1.6918
1091,30.0701,32.7994,2.5500,1.6915
1092,30.0743,32.8054,2.5500,1.6912
1093,30.0785,32.8113,2.5500,1.6908
1094,30.0827,32.8172,2.5500,1.6905
1095,30.0869,32.8230,2.5500,1.6902
1096,30.0911,32.8289,2.5500,1.6899
1097,30.0953,32.8347,2.5500,1.6896
1098,30.0995,32.8406,2.5500,1.6893
1099,30.1037,32.8464,2.5500,1.6890
1100,30.1080,32.8522,2.5500,1.6887
1101,30.1122,32.8580,2.5500,1.6884
1102,30.1164,32.8638,2.5500,1.6881
1103,30.1206,32.8696,2.5500,1.6877
1104,30.1248,32.8754,2.5500,1.6874
1105,30.1291,32.8812,2.5500,1.6871
1106,30.1333,32.8869,2.5500,1.6868
1107,30.1375,32.8927,2.5500,1.6865
1108,30.1418,32.8984,2.5500,1.6862
1109,30.1460,32.9042,2.5500,1.6859
1110,30.1502,32.9099,2.5500,1.6856
1111,30.1545,32.9156,2.5500,1.6853
1112,30.1587,32.9213,2.5500,1.6850
1113,30.1630,32.9270,2.5500,1.6847
1114,30.1672,32.9328,2.5500,1.6844
1115,30.1715,32.9385,2.5500,1.6841
1116,30.1757,32.9441,2.5500,1.6838
1117,30.1800,32.9498,2.5500,1.6834
1118,30.1843,32.9555,2.5500,1.6831
1119,30.1885,32.9612,2.5500,1.6828
1120,30.1928,32.9669,2.5500,1.6825
1121,30.1970,32.9725,2.5500,1.6822
1122,30.2013,32.9782,2.5500,1.6819
1123,30.2056,32.9838,2.5500,1.6816
1124,30.2099,32.9895,2.5500,1.6813
1125,30.2141,32.9951,2.5500,1.6810
1126,30.2184,33.0008,2.5500,1.6807
1127,30.2227,33.0064,2.5500,1.6804
1128,30.2270,33.0121,2.5500,1.6801
1129,30.2313,33.0177,2.5500,1.6798
1130,30.2356,33.0233,2.5500,1.6795
1131,30.2399,33.0289,2.5500,1.6792
1132,30.2442,33.0345,2.5500,1.6789
1133,30.2485,33.0402,2.5500,1.6786
1134,30.2528,33.0458,2.5500,1.6783
1135,30.2571,33.0514,2.5500,1.6780
1136,30.2614,33.0570,2.5500,1.6777
1137,30.2657,33.0626,2.5500,1.6774
1138,30.2700,33.0682,2.5500,1.6771
1139,30.2743,33.0738,2.5500,1.6768
1140,30.2786,33.0794,2.5500,1.6765
1141,30.2830,33.0850,2.5500,1.6762
1142,30.2873,33.0906,2.5500,1.6759
1143,30.2916,33.0963,2.5500,1.6756
1144,30.2959,33.1020,2.5500,1.6753
1145,30.3003,33.1077,2.5500,1.6750
1146,30.3046,33.1134,2.5500,1.6747
1147,30.3089,33.1191,2.5500,1.6744
1148,30.3133,33.1248,2.5500,1.6741
1149,30.3176,33.1306,2.5500,1.6738
1150,30.3220,33.1363,2.5500,1.6735
1151,30.3263,33.1421,2.5500,1.6732
1152,30.3307,33.1478,2.5500,1.6729
1153,30.3350,33.1536,2.5500,1.6726
1154,30.3394,33.1593,2.5500,1.6723
1155,30.3437,33.1651,2.5500,1.6720
1156,30.3481,33.1708,2.5500,1.6717
1157,30.3525,33.1766,2.5500,1.6714
1158,30.3568,33.1824,2.5500,1.6711
1159,30.3612,33.1882,2.5500,1.6708
1160,30.3656,33.1940,2.5500,1.6705
1161,30.3700,33.1997,2.5500,1.6702
1162,30.3743,33.2055,2.5500,1.6699
1163,30.3787,33.2113,2.5500,1.6696
1164,30.3831,33.2171,2.5500,1.6693
1165,30.3875,33.2229,2.5500,1.6690
1166,30.3919,33.2287,2.5500,1.6687
1167,30.3963,33.2345,2.5500,1.6684
1168,30.4007,33.2404,2.5500,1.6681
1169,30.4051,33.2462,2.5500,1.6678
1170,30.4095,33.2520,2.5500,1.6675
1171,30.4139,33.2578,2.5500,1.6672
1172,30.4183,33.2636,2.5500,1.6669
1173,30.4227,33.2694,2.5500,1.6666
1174,30.4271,33.2753,2.5500,1.6663
1175,30.4315,33.2811,2.5500,1.6661
1176,30.4359,33.2869,2.5500,1.6658
1177,30.4403,33.2928,2.5500,1.6655
1178,30.4448,33.2986,2.5500,1.6652
1179,30.4492,33.3045,2.5500,1.6649
1180,30.4536,33.3103,2.5500,1.6646
1181,30.4580,33.3161,2.5500,1.6643
1182,30.4625,33.3220,2.5500,1.6640
1183,30.4669,33.3278,2.5500,1.6637
1184,30.4714,33.3337,2.5500,1.6634
1185,30.4758,33.3395,2.5500,1.6631
1186,30.4802,33.3454,2.5500,1.6628
1187,30.4847,33.3513,2.5500,1.6625
1188,30.4891,33.3571,2.5500,1.6622
1189,30.4936,33.3630,2.5500,1.6620
1190,30.4981,33.3689,2.5500,1.6617
1191,30.5025,33.3747,2.5500,1.6614
1192,30.5070,33.3806,2.5500,1.6611
1193,30.5114,33.3865,2.5500,1.6608
1194,30.5159,33.3923,2.5500,1.6605
1195,30.5204,33.3982,2.5500,1.6602
1196,30.5249,33.4041,2.5500,1.6599
1197,30.5293,33.4100,2.5500,1.6596
1198,30.5338,33.4159,2.5500,1.6593
1199,30.5383,33.4217,2.5500,1.6590
1200,30.5428,33.4276,2.5500,1.6588
1201,30.5473,33.4334,2.5500,1.6585
1202,30.5518,33.4392,2.5500,1.6582
1203,30.5563,33.4449,2.5500,1.6579
1204,30.5608,33.4506,2.5500,1.6576
1205,30.5653,33.4563,2.5500,1.6573
1206,30.5698,33.4619,2.5500,1.6570
1207,30.5743,33.4675,2.5500,1.6567
1208,30.5788,33.4731,2.5500,1.6564
1209,30.5833,33.4787,2.5500,1.6562
1210,30.5878,33.4843,2.5500,1.6559
1211,30.5923,33.4899,2.5500,1.6556
1212,30.5968,33.4954,2.5500,1.6553
1213,30.6014,33.5009,2.5500,1.6550
1214,30.6059,33.5065,2.5500,1.6547
1215,30.6104,33.5120,2.5500,1.6544
1216,30.6149,33.5175,2.5500,1.6541
1217,30.6195,33.5230,2.5500,1.6539
1218,30.6240,33.5284,2.5500,1.6536
1219,30.6285,33.5339,2.5500,1.6533
1220,30.6331,33.5394,2.5500,1.6530
1221,30.6376,33.5448,2.5500,1.6527
1222,30.6422,33.5502,2.5500,1.6524
1223,30.6467,33.5557,2.5500,1.6521
1224,30.6513,33.5611,2.5500,1.6519
1225,30.6558,33.5665,2.5500,1.6516
1226,30.6604,33.5719,2.5500,1.6513
1227,30.6650,33.5773,2.5500,1.6510
1228,30.6695,33.5827,2.5500,1.6507
1229,30.6741,33.5881,2.5500,1.6504
1230,30.6787,33.5935,2.5500,1.6501
1231,30.6832,33.5988,2.5500,1.6499
1232,30.6878,33.6042,2.5500,1.6496
1233,30.6924,33.6095,2.5500,1.6493
1234,30.6970,33.6149,2.5500,1.6490
1235,30.7015,33.6202,2.5500,1.6487
1236,30.7061,33.6256,2.5500,1.6484
1237,30.7107,33.6309,2.5500,1.6481
1238,30.7153,33.6362,2.5500,1.6479
1239,30.7199,33.6415,2.5500,1.6476
1240,30.7245,33.6469,2.5500,1.6473
1241,30.7291,33.6522,2.5500,1.6470
1242,30.7337,33.6575,2.5500,1.6467
1243,30.7383,33.6628,2.5500,1.6465
1244,30.7429,33.6680,2.5500,1.6462
1245,30.7475,33.6733,2.5500,1.6459
1246,30.7521,33.6786,2.5500,1.6456
1247,30.7568,33.6839,2.5500,1.6453
1248,30.7614,33.6892,2.5500,1.6450
1249,30.7660,33.6944,2.5500,1.6448
1250,30.7706,33.6997,2.5500,1.6445
1251,30.7752,33.7049,2.5500,1.6442
1252,30.7799,33.7102,2.5500,1.6439
1253,30.7845,33.7154,2.5500,1.6436
1254,30.7891,33.7207,2.5500,1.6434
1255,30.7938,33.7259,2.5500,1.6431
1256,30.7984,33.7311,2.5500,1.6428
1257,30.8031,33.7364,2.5500,1.6425
1258,30.8077,33.7416,2.5500,1.6422
1259,30.8123,33.7468,2.5500,1.6420
1260,30.8170,33.7520,2.5500,1.6417
1261,30.8216,33.7573,2.5500,1.6414
1262,30.8263,33.7628,2.5500,1.6411
1263,30.8310,33.7683,2.5500,1.6408
1264,30.8356,33.7739,2.5500,1.6406
1265,30.8403,33.7795,2.5500,1.6403
1266,30.8450,33.7851,2.5500,1.6400
1267,30.8496,33.7908,2.5500,1.6397
1268,30.8543,33.7965,2.5500,1.6394
1269,30.8590,33.8023,2.5500,1.6392
1270,30.8636,33.8081,2.5500,1.6389
1271,30.8683,33.8139,2.5500,1.6386
1272,30.8730,33.8197,2.5500,1.6383
1273,30.8777,33.8255,2.5500,1.6380
1274,30.8824,33.8314,2.5500,1.6378
1275,30.8871,33.8373,2.5500,1.6375
1276,30.8917,33.8432,2.5500,1.6372
1277,30.8964,33.8491,2.5500,1.6369
1278,30.9011,33.8551,2.5500,1.6367
1279,30.9058,33.8610,2.5500,1.6364
1280,30.9105,33.8670,2.5500,1.6361
1281,30.9152,33.8730,2.5500,1.6358
1282,30.9199,33.8790,2.5500,1.6356
1283,30.9247,33.8850,2.5500,1.6353
1284,30.9294,33.8911,2.5500,1.6350
1285,30.9341,33.8972,2.5500,1.6347
1286,30.9388,33.9032,2.5500,1.6345
1287,30.9435,33.9093,2.5500,1.6342
1288,30.9482,33.9154,2.5500,1.6339
1289,30.9530,33.9215,2.5500,1.6336
1290,30.9577,33.9277,2.5500,1.6334
1291,30.9624,33.9338,2.5500,1.6331
1292,30.9671,33.9399,2.5500,1.6328
1293,30.9719,33.9461,2.5500,1.6325
1294,30.9766,33.9523,2.5500,1.6323
1295,30.9814,33.9585,2.5500,1.6320
1296,30.9861,33.9647,2.5500,1.6317
1297,30.9908,33.9709,2.5500,1.6314
1298,30.9956,33.9771,2.5500,1.6312
1299,31.0003,33.9833,2.5500,1.6309
1300,31.0051,33.9896,2.5500,1.6306
1301,31.0098,33.9958,2.5500,1.6303
1302,31.0146,34.0021,2.5500,1.6301
1303,31.0193,34.0084,2.5500,1.6298
1304,31.0241,34.0147,2.5500,1.6295
1305,31.0289,34.0210,2.5500,1.6292
1306,31.0336,34.0273,2.5500,1.6290
1307,31.0384,34.0336,2.5500,1.6287
1308,31.0432,34.0399,2.5500,1.6284
1309,31.0479,34.0463,2.5500,1.6282
1310,31.0527,34.0526,2.5500,1.6279
1311,31.0575,34.0589,2.5500,1.6276
1312,31.0623,34.0653,2.5500,1.6273
1313,31.0670,34.0717,2.5500,1.6271
1314,31.0718,34.0781,2.5500,1.6268
1315,31.0766,34.0844,2.5500,1.6265
1316,31.0814,34.0908,2.5500,1.6263
1317,31.0862,34.0972,2.5500,1.6260
1318,31.0910,34.1037,2.5500,1.6257
1319,31.0958,34.1101,2.5500,1.6254
1320,31.1006,34.1165,2.5500,1.6252
1321,31.1054,34.1229,2.5500,1.6249
1322,31.1102,34.1291,2.5500,1.6246
1323,31.1150,34.1354,2.5500,1.6244
1324,31.1198,34.1416,2.5500,1.6241
1325,31.1246,34.1477,2.5500,1.6238
1326,31.1294,34.1539,2.5500,1.6236
1327,31.1342,34.1600,2.5500,1.6233
1328,31.1390,34.1661,2.5500,1.6230
1329,31.1438,34.1722,2.5500,1.6227
1330,31.1486,34.1783,2.5500,1.6225
1331,31.1535,34.1843,2.5500,1.6222
1332,31.1583,34.1904,2.5500,1.6219
1333,31.1631,34.1964,2.5500,1.6217
1334,31.1679,34.2024,2.5500,1.6214
1335,31.1727,34.2085,2.5500,1.6211
1336,31.1776,34.2145,2.5500,1.6209
1337,31.1824,34.2205,2.5500,1.6206
1338,31.1872,34.2264,2.5500,1.6203
1339,31.1921,34.2324,2.5500,1.6201
1340,31.1969,34.2384,2.5500,1.6198
1341,31.2018,34.2444,2.5500,1.6195
1342,31.2066,34.2503,2.5500,1.6193
1343,31.2114,34.2563,2.5500,1.6190
1344,31.2163,34.2622,2.5500,1.6187
1345,31.2211,34.2681,2.5500,1.6185
1346,31.2260,34.2741,2.5500,1.6182
1347,31.2308,34.2800,2.5500,1.6179
1348,31.2357,34.2859,2.5500,1.6177
1349,31.2405,34.2918,2.5500,1.6174
1350,31.2454,34.2977,2.5500,1.6171
1351,31.2503,34.3036,2.5500,1.6169
1352,31.2551,34.3095,2.5500,1.6166
1353,31.2600,34.3154,2.5500,1.6163
1354,31.2648,34.3213,2.5500,1.6161
1355,31.2697,34.3272,2.5500,1.6158
1356,31.2746,34.3331,2.5500,1.6156
1357,31.2794,34.3390,2.5500,1.6153
1358,31.2843,34.3448,2.5500,1.6150
1359,31.2892,34.3507,2.5500,1.6148
1360,31.2941,34.3566,2.5500,1.6145
1361,31.2989,34.3624,2.5500,1.6142
1362,31.3038,34.3683,2.5500,1.6140
1363,31.3087,34.3741,2.5500,1.6137
1364,31.3136,34.3800,2.5500,1.6134
1365,31.3185,34.3858,2.5500,1.6132
1366,31.3234,34.3917,2.5500,1.6129
1367,31.3282,34.3975,2.5500,1.6126
1368,31.3331,34.4033,2.5500,1.6124
1369,31.3380,34.4092,2.5500,1.6121
1370,31.3429,34.4150,2.5500,1.6119
1371,31.3478,34.4208,2.5500,1.6116
1372,31.3527,34.4266,2.5500,1.6113
1373,31.3576,34.4325,2.5500,1.6111
1374,31.3625,34.4383,2.5500,1.6108
1375,31.3674,34.4441,2.5500,1.6106
1376,31.3723,34.4499,2.5500,1.6103
1377,31.3772,34.4557,2.5500,1.6100
1378,31.3822,34.4615,2.5500,1.6098
1379,31.3871,34.4673,2.5500,1.6095
1380,31.3920,34.4731,2.5500,1.6092
1381,31.3969,34.4789,2.5500,1.6090
1382,31.4018,34.4847,2.5500,1.6087
1383,31.4067,34.4905,2.5500,1.6085
1384,31.4116,34.4963,2.5500,1.6082
1385,31.4166,34.5020,2.5500,1.6079
1386,31.4215,34.5078,2.5500,1.6077
1387,31.4264,34.5135,2.5500,1.6074
1388,31.4314,34.5193,2.5500,1.6072
1389,31.4363,34.5250,2.5500,1.6069
1390,31.4412,34.5308,2.5500,1.6066
1391,31.4461,34.5365,2.5500,1.6064
1392,31.4511,34.5423,2.5500,1.6061
1393,31.4560,34.5480,2.5500,1.6059
1394,31.4610,34.5537,2.5500,1.6056
1395,31.4659,34.5594,2.5500,1.6053
1396,31.4709,34.5652,2.5500,1.6051
1397,31.4758,34.5709,2.5500,1.6048
1398,31.4807,34.5766,2.5500,1.6046
1399,31.4857,34.5823,2.5500,1.6043
1400,31.4906,34.5880,2.5500,1.6040
1401,31.4956,34.5937,2.5500,1.6038
1402,31.5006,34.5994,2.5500,1.6035
1403,31.5055,34.6051,2.5500,1.6033
1404,31.5105,34.6108,2.5500,1.6030
1405,31.5154,34.6165,2.5500,1.6028
1406,31.5204,34.6222,2.5500,1.6025
1407,31.5254,34.6279,2.5500,1.6022
1408,31.5303,34.6336,2.5500,1.6020
1409,31.5353,34.6393,2.5500,1.6017
1410,31.5403,34.6450,2.5500,1.6015
1411,31.5452,34.6507,2.5500,1.6012
1412,31.5502,34.6563,2.5500,1.6010
1413,31.5552,34.6620,2.5500,1.6007
1414,31.5602,34.6677,2.5500,1.6004
1415,31.5652,34.6734,2.5500,1.6002
1416,31.5701,34.6790,2.5500,1.5999
1417,31.5751,34.6847,2.5500,1.5997
1418,31.5801,34.6904,2.5500,1.5994
1419,31.5851,34.6960,2.5500,1.5992
1420,31.5901,34.7017,2.5500,1.5989
1421,31.5951,34.7074,2.5500,1.5987
1422,31.6001,34.7130,2.5500,1.5984
1423,31.6051,34.7187,2.5500,1.5981
1424,31.6101,34.7243,2.5500,1.5979
1425,31.6151,34.7300,2.5500,1.5976
1426,31.6201,34.7356,2.5500,1.5974
1427,31.6251,34.7413,2.5500,1.5971
1428,31.6301,34.7469,2.5500,1.5969
1429,31.6351,34.7526,2.5500,1.5966
1430,31.6401,34.7582,2.5500,1.5964
1431,31.6451,34.7639,2.5500,1.5961
1432,31.6502,34.7695,2.5500,1.5958
1433,31.6552,34.7751,2.5500,1.5956
1434,31.6602,34.7808,2.5500,1.5953
1435,31.6652,34.7864,2.5500,1.5951
1436,31.6702,34.7920,2.5500,1.5948
1437,31.6753,34.7977,2.5500,1.5946
1438,31.6803,34.8033,2.5500,1.5943
1439,31.6853,34.8089,2.5500,1.5941
1440,31.6904,34.8146,2.5500,1.5938
1441,31.6954,34.8201,2.5500,1.5936
1442,31.7004,34.8256,2.5500,1.5933
1443,31.7055,34.8311,2.5500,1.5931
1444,31.7105,34.8365,2.5500,1.5928
1445,31.7155,34.8419,2.5500,1.5925
1446,31.7206,34.8473,2.5500,1.5923
1447,31.7256,34.8527,2.5500,1.5920
1448,31.7307,34.8580,2.5500,1.5918
1449,31.7357,34.8633,2.5500,1.5915
1450,31.7408,34.8686,2.5500,1.5913
1451,31.7458,34.8739,2.5500,1.5910
1452,31.7509,34.8792,2.5500,1.5908
1453,31.7559,34.8845,2.5500,1.5905
1454,31.7610,34.8897,2.5500,1.5903
1455,31.7661,34.8949,2.5500,1.5900
1456,31.7711,34.9002,2.5500,1.5898
1457,31.7762,34.9054,2.5500,1.5895
1458,31.7813,34.9106,2.5500,1.5893
1459,31.7863,34.9157,2.5500,1.5890
1460,31.7914,34.9209,2.5500,1.5888
1461,31.7965,34.9261,2.5500,1.5885
1462,31.8015,34.9312,2.5500,1.5883
1463,31.8066,34.9363,2.5500,1.5880
1464,31.8117,34.9415,2.5500,1.5878
1465,31.8168,34.9466,2.5500,1.5875
1466,31.8219,34.9517,2.5500,1.5873
1467,31.8269,34.9568,2.5500,1.5870
1468,31.8320,34.9619,2.5500,1.5868
1469,31.8371,34.9669,2.5500,1.5865
1470,31.8422,34.9720,2.5500,1.5863
1471,31.8473,34.9771,2.5500,1.5860
1472,31.8524,34.9821,2.5500,1.5858
1473,31.8575,34.9871,2.5500,1.5855
1474,31.8626,34.9922,2.5500,1.5853
1475,31.8677,34.9972,2.5500,1.5850
1476,31.8728,35.0022,2.5500,1.5848
1477,31.8779,35.0072,2.5500,1.5845
1478,31.8830,35.0122,2.5500,1.5843
1479,31.8881,35.0172,2.5500,1.5840
1480,31.8932,35.0222,2.5500,1.5838
1481,31.8983,35.0272,2.5500,1.5835
1482,31.9034,35.0321,2.5500,1.5833
1483,31.9086,35.0371,2.5500,1.5831
1484,31.9137,35.0420,2.5500,1.5828
1485,31.9188,35.0470,2.5500,1.5826
1486,31.9239,35.0519,2.5500,1.5823
1487,31.9290,35.0568,2.5500,1.5821
1488,31.9342,35.0618,2.5500,1.5818
1489,31.9393,35.0667,2.5500,1.5816
1490,31.9444,35.0716,2.5500,1.5813
1491,31.9495,35.0765,2.5500,1.5811
1492,31.9547,35.0814,2.5500,1.5808
1493,31.9598,35.0863,2.5500,1.5806
1494,31.9649,35.0911,2.5500,1.5803
1495,31.9701,35.0960,2.5500,1.5801
1496,31.9752,35.1009,2.5500,1.5798
1497,31.9803,35.1057,2.5500,1.5796
1498,31.9855,35.1106,2.5500,1.5794
1499,31.9906,35.1154,2.5500,1.5791
1500,31.9958,35.1203,2.5500,1.5789
1501,32.0009,35.1252,2.5500,1.5786
1502,32.0061,35.1303,2.5500,1.5784
1503,32.0112,35.1354,2.5500,1.5781
1504,32.0164,35.1405,2.5500,1.5779
1505,32.0215,35.1457,2.5500,1.5776
1506,32.0267,35.1509,2.5500,1.5774
1507,32.0318,35.1561,2.5500,1.5771
1508,32.0370,35.1614,2.5500,1.5769
1509,32.0421,35.1667,2.5500,1.5767
1510,32.0473,35.1720,2.5500,1.5764
1511,32.0525,35.1773,2.5500,1.5762
1512,32.0576,35.1826,2.5500,1.5759
1513,32.0628,35.1880,2.5500,1.5757
1514,32.0680,35.1933,2.5500,1.5754
1515,32.0731,35.1987,2.5500,1.5752
1516,32.0783,35.2041,2.5500,1.5750
1517,32.0835,35.2096,2.5500,1.5747
1518,32.0887,35.2150,2.5500,1.5745
1519,32.0938,35.2204,2.5500,1.5742
1520,32.0990,35.2259,2.5500,1.5740
1521,32.1042,35.2314,2.5500,1.5737
1522,32.1094,35.2368,2.5500,1.5735
1523,32.1145,35.2423,2.5500,1.5733
1524,32.1197,35.2478,2.5500,1.5730
1525,32.1249,35.2534,2.5500,1.5728
1526,32.1301,35.2589,2.5500,1.5725
1527,32.1353,35.2644,2.5500,1.5723
1528,32.1405,35.2700,2.5500,1.5720
1529,32.1457,35.2755,2.5500,1.5718
1530,32.1509,35.2811,2.5500,1.5716
1531,32.1560,35.2866,2.5500,1.5713
1532,32.1612,35.2922,2.5500,1.5711
1533,32.1664,35.2978,2.5500,1.5708
1534,32.1716,35.3034,2.5500,1.5706
1535,32.1768,35.3090,2.5500,1.5704
1536,32.1820,35.3146,2.5500,1.5701
1537,32.1872,35.3202,2.5500,1.5699
1538,32.1924,35.3259,2.5500,1.5696
1539,32.1976,35.3315,2.5500,1.5694
1540,32.2028,35.3371,2.5500,1.5691
1541,32.2080,35.3428,2.5500,1.5689
1542,32.2133,35.3485,2.5500,1.5687
1543,32.2185,35.3541,2.5500,1.5684
1544,32.2237,35.3598,2.5500,1.5682
1545,32.2289,35.3655,2.5500,1.5679
1546,32.2341,35.3711,2.5500,1.5677
1547,32.2393,35.3768,2.5500,1.5675
1548,32.2445,35.3825,2.5500,1.5672
1549,32.2497,35.3882,2.5500,1.5670
1550,32.2550,35.3939,2.5500,1.5667
1551,32.2602,35.3997,2.5500,1.5665
1552,32.2654,35.4054,2.5500,1.5663
1553,32.2706,35.4111,2.5500,1.5660
1554,32.2758,35.4168,2.5500,1.5658
1555,32.2811,35.4226,2.5500,1.5656
1556,32.2863,35.4283,2.5500,1.5653
1557,32.2915,35.4340,2.5500,1.5651
1558,32.2967,35.4398,2.5500,1.5648
1559,32.3020,35.4456,2.5500,1.5646
1560,32.3072,35.4513,2.5500,1.5644
1561,32.3124,35.4570,2.5500,1.5641
1562,32.3177,35.4626,2.5500,1.5639
1563,32.3229,35.4681,2.5500,1.5636
1564,32.3281,35.4736,2.5500,1.5634
1565,32.3333,35.4791,2.5500,1.5632
1566,32.3386,35.4845,2.5500,1.5629
1567,32.3438,35.4900,2.5500,1.5627
1568,32.3491,35.4954,2.5500,1.5625
1569,32.3543,35.5007,2.5500,1.5622
1570,32.3595,35.5061,2.5500,1.5620
1571,32.3648,35.5114,2.5500,1.5617
1572,32.3700,35.5167,2.5500,1.5615
1573,32.3752,35.5221,2.5500,1.5613
1574,32.3805,35.5273,2.5500,1.5610
1575,32.3857,35.5326,2.5500,1.5608
1576,32.3910,35.5379,2.5500,1.5606
1577,32.3962,35.5431,2.5500,1.5603
1578,32.4015,35.5484,2.5500,1.5601
1579,32.4067,35.5536,2.5500,1.5599
1580,32.4120,35.5588,2.5500,1.5596
1581,32.4172,35.5640,2.5500,1.5594
1582,32.4224,35.5692,2.5500,1.5591
1583,32.4277,35.5744,2.5500,1.5589
1584,32.4329,35.5796,2.5500,1.5587
1585,32.4382,35.5847,2.5500,1.5584
1586,32.4434,35.5899,2.5500,1.5582
1587,32.4487,35.5950,2.5500,1.5580
1588,32.4539,35.6002,2.5500,1.5577
1589,32.4592,35.6053,2.5500,1.5575
1590,32.4645,35.6104,2.5500,1.5573
1591,32.4697,35.6155,2.5500,1.5570
1592,32.4750,35.6206,2.5500,1.5568
1593,32.4802,35.6257,2.5500,1.5566
1594,32.4855,35.6308,2.5500,1.5563
1595,32.4907,35.6359,2.5500,1.5561
1596,32.4960,35.6410,2.5500,1.5559
1597,32.5012,35.6460,2.5500,1.5556
1598,32.5065,35.6511,2.5500,1.5554
1599,32.5118,35.6561,2.5500,1.5552
1600,32.5170,35.6612,2.5500,1.5549
1601,32.5223,35.6662,2.5500,1.5547
1602,32.5275,35.6712,2.5500,1.5545
1603,32.5328,35.6763,2.5500,1.5542
1604,32.5381,35.6813,2.5500,1.5540
1605,32.5433,35.6863,2.5500,1.5538
1606,32.5486,35.6913,2.5500,1.5535
1607,32.5538,35.6963,2.5500,1.5533
1608,32.5591,35.7013,2.5500,1.5531
1609,32.5644,35.7063,2.5500,1.5528
1610,32.5696,35.7113,2.5500,1.5526
1611,32.5749,35.7162,2.5500,1.5524
1612,32.5802,35.7212,2.5500,1.5521
1613,32.5854,35.7262,2.5500,1.5519
1614,32.5907,35.7311,2.5500,1.5517
1615,32.5960,35.7361,2.5500,1.5514
1616,32.6012,35.7410,2.5500,1.5512
1617,32.6065,35.7460,2.5500,1.5510
1618,32.6118,35.7509,2.5500,1.5507
1619,32.6170,35.7558,2.5500,1.5505
1620,32.6223,35.7608,2.5500,1.5503
1621,32.6276,35.7658,2.5500,1.5500
1622,32.6328,35.7708,2.5500,1.5498
1623,32.6381,35.7759,2.5500,1.5496
1624,32.6434,35.7810,2.5500,1.5494
1625,32.6487,35.7861,2.5500,1.5491
1626,32.6539,35.7913,2.5500,1.5489
1627,32.6592,35.7964,2.5500,1.5487
1628,32.6645,35.8016,2.5500,1.5484
1629,32.6698,35.8068,2.5500,1.5482
1630,32.6750,35.8120,2.5500,1.5480
1631,32.6803,35.8172,2.5500,1.5477
1632,32.6856,35.8225,2.5500,1.5475
1633,32.6909,35.8277,2.5500,1.5473
1634,32.6961,35.8329,2.5500,1.5471
1635,32.7014,35.8382,2.5500,1.5468
1636,32.7067,35.8435,2.5500,1.5466
1637,32.7120,35.8487,2.5500,1.5464
1638,32.7172,35.8540,2.5500,1.5461
1639,32.7225,35.8593,2.5500,1.5459
1640,32.7278,35.8646,2.5500,1.5457
1641,32.7331,35.8699,2.5500,1.5454
1642,32.7383,35.8752,2.5500,1.5452
1643,32.7436,35.8805,2.5500,1.5450
1644,32.7489,35.8858,2.5500,1.5448
1645,32.7542,35.8912,2.5500,1.5445
1646,32.7595,35.8965,2.5500,1.5443
1647,32.7647,35.9018,2.5500,1.5441
1648,32.7700,35.9072,2.5500,1.5438
1649,32.7753,35.9125,2.5500,1.5436
1650,32.7806,35.9179,2.5500,1.5434
1651,32.7859,35.9232,2.5500,1.5432
1652,32.7912,35.9286,2.5500,1.5429
1653,32.7964,35.9339,2.5500,1.5427
1654,32.8017,35.9393,2.5500,1.5425
1655,32.8070,35.9447,2.5500,1.5422
1656,32.8123,35.9501,2.5500,1.5420
1657,32.8176,35.9554,2.5500,1.5418
1658,32.8229,35.9608,2.5500,1.5416
1659,32.8282,35.9662,2.5500,1.5413
1660,32.8334,35.9716,2.5500,1.5411
1661,32.8387,35.9770,2.5500,1.5409
1662,32.8440,35.9824,2.5500,1.5407
1663,32.8493,35.9878,2.5500,1.5404
1664,32.8546,35.9932,2.5500,1.5402
1665,32.8599,35.9986,2.5500,1.5400
1666,32.8652,36.0040,2.5500,1.5398
1667,32.8705,36.0095,2.5500,1.5395
1668,32.8757,36.0149,2.5500,1.5393
1669,32.8810,36.0203,2.5500,1.5391
1670,32.8863,36.0257,2.5500,1.5388
1671,32.8916,36.0312,2.5500,1.5386
1672,32.8969,36.0366,2.5500,1.5384
1673,32.9022,36.0420,2.5500,1.5382
1674,32.9075,36.0475,2.5500,1.5379
1675,32.9128,36.0529,2.5500,1.5377
1676,32.9181,36.0584,2.5500,1.5375
1677,32.9234,36.0638,2.5500,1.5373
1678,32.9287,36.0693,2.5500,1.5370
1679,32.9339,36.0747,2.5500,1.5368
1680,32.9392,36.0802,2.5500,1.5366
1681,32.9445,36.0857,2.5500,1.5364
1682,32.9498,36.0913,2.5500,1.5361
1683,32.9551,36.0969,2.5500,1.5359
1684,32.9604,36.1025,2.5500,1.5357
1685,32.9657,36.1081,2.5500,1.5355
1686,32.9710,36.1138,2.5500,1.5352
1687,32.9763,36.1195,2.5500,1.5350
1688,32.9816,36.1252,2.5500,1.5348
1689,32.9869,36.1309,2.5500,1.5346
1690,32.9922,36.1367,2.5500,1.5344
1691,32.9975,36.1424,2.5500,1.5341
1692,33.0028,36.1482,2.5500,1.5339
1693,33.0081,36.1540,2.5500,1.5337
1694,33.0134,36.1598,2.5500,1.5335
1695,33.0187,36.1656,2.5500,1.5332
1696,33.0240,36.1714,2.5500,1.5330
1697,33.0293,36.1772,2.5500,1.5328
1698,33.0346,36.1830,2.5500,1.5326
1699,33.0399,36.1889,2.5500,1.5323
1700,33.0452,36.1948,2.5500,1.5321
1701,33.0505,36.2006,2.5500,1.5319
1702,33.0557,36.2065,2.5500,1.5317
1703,33.0610,36.2124,2.5500,1.5314
1704,33.0663,36.2183,2.5500,1.5312
1705,33.0716,36.2242,2.5500,1.5310
1706,33.0769,36.2302,2.5500,1.5308
1707,33.0822,36.2361,2.5500,1.5306
1708,33.0875,36.2420,2.5500,1.5303
1709,33.0928,36.2480,2.5500,1.5301
1710,33.0981,36.2539,2.5500,1.5299
1711,33.1034,36.2599,2.5500,1.5297
1712,33.1087,36.2659,2.5500,1.5295
1713,33.1140,36.2719,2.5500,1.5292
1714,33.1193,36.2778,2.5500,1.5290
1715,33.1246,36.2838,2.5500,1.5288
1716,33.1299,36.2899,2.5500,1.5286
1717,33.1352,36.2959,2.5500,1.5283
1718,33.1405,36.3019,2.5500,1.5281
1719,33.1458,36.3079,2.5500,1.5279
1720,33.1511,36.3140,2.5500,1.5277
1721,33.1564,36.3200,2.5500,1.5275
1722,33.1617,36.3261,2.5500,1.5272
1723,33.1670,36.3321,2.5500,1.5270
1724,33.1723,36.3382,2.5500,1.5268
1725,33.1776,36.3443,2.5500,1.5266
1726,33.1829,36.3503,2.5500,1.5264
1727,33.1882,36.3564,2.5500,1.5261
1728,33.1935,36.3625,2.5500,1.5259
1729,33.1988,36.3686,2.5500,1.5257
1730,33.2041,36.3747,2.5500,1.5255
1731,33.2094,36.3809,2.5500,1.5253
1732,33.2147,36.3870,2.5500,1.5250
1733,33.2200,36.3931,2.5500,1.5248
1734,33.2253,36.3992,2.5500,1.5246
1735,33.2306,36.4054,2.5500,1.5244
1736,33.2359,36.4115,2.5500,1.5242
1737,33.2412,36.4177,2.5500,1.5239
1738,33.2465,36.4238,2.5500,1.5237
1739,33.2518,36.4300,2.5500,1.5235
1740,33.2571,36.4362,2.5500,1.5233
1741,33.2624,36.4423,2.5500,1.5231
1742,33.2677,36.4483,2.5500,1.5228
1743,33.2730,36.4544,2.5500,1.5226
1744,33.2783,36.4604,2.5500,1.5224
1745,33.2837,36.4663,2.5500,1.5222
1746,33.2890,36.4723,2.5500,1.5220
1747,33.2943,36.4783,2.5500,1.5218
1748,33.2996,36.4842,2.5500,1.5215
1749,33.3049,36.4901,2.5500,1.5213
1750,33.3102,36.4960,2.5500,1.5211
1751,33.3155,36.5019,2.5500,1.5209
1752,33.3208,36.5078,2.5500,1.5207
1753,33.3261,36.5137,2.5500,1.5204
1754,33.3314,36.5196,2.5500,1.5202
1755,33.3367,36.5255,2.5500,1.5200
1756,33.3420,36.5313,2.5500,1.5198
1757,33.3473,36.5372,2.5500,1.5196
1758,33.3526,36.5431,2.5500,1.5194
1759,33.3579,36.5489,2.5500,1.5191
1760,33.3632,36.5547,2.5500,1.5189
1761,33.3685,36.5606,2.5500,1.5187
1762,33.3738,36.5664,2.5500,1.5185
1763,33.3791,36.5722,2.5500,1.5183
1764,33.3844,36.5781,2.5500,1.5181
1765,33.3897,36.5839,2.5500,1.5178
1766,33.3950,36.5897,2.5500,1.5176
1767,33.4003,36.5955,2.5500,1.5174
1768,33.4056,36.6013,2.5500,1.5172
1769,33.4109,36.6071,2.5500,1.5170
1770,33.4162,36.6129,2.5500,1.5168
1771,33.4215,36.6187,2.5500,1.5165
1772,33.4268,36.6245,2.5500,1.5163
1773,33.4321,36.6303,2.5500,1.5161
1774,33.4374,36.6360,2.5500,1.5159
1775,33.4427,36.6418,2.5500,1.5157
1776,33.4480,36.6476,2.5500,1.5155
1777,33.4533,36.6534,2.5500,1.5153
1778,33.4586,36.6592,2.5500,1.5150
1779,33.4639,36.6649,2.5500,1.5148
1780,33.4692,36.6707,2.5500,1.5146
1781,33.4745,36.6765,2.5500,1.5144
1782,33.4798,36.6822,2.5500,1.5142
1783,33.4852,36.6880,2.5500,1.5140
1784,33.4905,36.6937,2.5500,1.5138
1785,33.4958,36.6995,2.5500,1.5135
1786,33.5011,36.7052,2.5500,1.5133
1787,33.5064,36.7110,2.5500,1.5131
1788,33.5117,36.7167,2.5500,1.5129
1789,33.5170,36.7225,2.5500,1.5127
1790,33.5223,36.7282,2.5500,1.5125
1791,33.5276,36.7340,2.5500,1.5123
1792,33.5329,36.7397,2.5500,1.5120
1793,33.5382,36.7454,2.5500,1.5118
1794,33.5435,36.7512,2.5500,1.5116
1795,33.5488,36.7569,2.5500,1.5114
1796,33.5541,36.7626,2.5500,1.5112
1797,33.5594,36.7684,2.5500,1.5110
1798,33.5648,36.7741,2.5500,1.5108
1799,33.5701,36.7798,2.5500,1.5105
1800,33.5754,36.7856,2.5500,1.5103
