t_s,C_center,C_surface
60,2.550000,2.329203
120,2.550000,2.243397
180,2.550000,2.180790
240,2.550000,2.130036
300,2.550000,2.086961
360,2.550000,2.049380
420,2.550000,2.015889
480,2.550000,1.985594
540,2.550000,1.957957
600,2.550000,1.932606
660,2.550000,1.909226
720,2.550000,1.887526
780,2.550000,1.867267
840,2.550000,1.848279
900,2.550000,1.830377
960,2.550000,1.813525
1020,2.550000,1.797594
1080,2.550000,1.782569
1140,2.550000,1.768380
1200,2.550000,1.754897
1260,2.549999,1.742022
1320,2.549999,1.729777
1380,2.549998,1.718165
1440,2.549996,1.707022
1500,2.549993,1.696271
1560,2.549988,1.685938
1620,2.549980,1.676011
1680,2.549969,1.666442
1740,2.549954,1.657323
1800,2.549932,1.648609
1860,2.549902,1.640231
1920,2.549861,1.632094
1980,2.549807,1.624164
2040,2.549738,1.616507
2100,2.549649,1.609071
2160,2.549538,1.601830
2220,2.549399,1.594849
2280,2.549228,1.588077
2340,2.549021,1.581496
2400,2.548772,1.575114
2460,2.548476,1.568916
2520,2.548126,1.562896
2580,2.547717,1.556958
2640,2.547243,1.551171
2700,2.546697,1.545555
2760,2.546073,1.540007
2820,2.545364,1.534519
2880,2.544564,1.529166
2940,2.543665,1.523907
3000,2.542663,1.518674
3060,2.541550,1.513538
3120,2.540321,1.508540
3180,2.538970,1.503698
3240,2.537491,1.498910
3300,2.535881,1.494194
3360,2.534133,1.489503
3420,2.532244,1.484846
3480,2.530208,1.480209
3540,2.528024,1.475583
3600,2.525687,1.471058
3660,2.523195,1.466622
3720,2.520546,1.462215
3780,2.517739,1.457882
3840,2.514771,1.453579
3900,2.511642,1.449282
3960,2.508352,1.445015
4020,2.504901,1.440745
4080,2.501288,1.436449
4140,2.497515,1.432210
4200,2.493583,1.428015
4260,2.489494,1.423836
4320,2.485251,1.419747
4380,2.480854,1.415653
4440,2.476308,1.411495
4500,2.471614,1.407368
4560,2.466776,1.403289
4620,2.461797,1.399254
4680,2.456682,1.395266
4740,2.451433,1.391296
4800,2.446054,1.387331
4860,2.440550,1.383333
4920,2.434924,1.379367
4980,2.429179,1.375392
5040,2.423321,1.371347
5100,2.417353,1.367312
5160,2.411279,1.363353
5220,2.405106,1.359434
5280,2.398837,1.355456
5340,2.392477,1.351503
5400,2.386030,1.347543
5460,2.379501,1.343618
5520,2.372894,1.339728
5580,2.366213,1.335790
5640,2.359462,1.331856
5700,2.352646,1.327941
5760,2.345767,1.324045
5820,2.338831,1.320090
5880,2.331841,1.316137
5940,2.324800,1.312256
6000,2.317713,1.308457
6060,2.310584,1.304623
6120,2.303416,1.300722
6180,2.296210,1.296855
6240,2.288971,1.293035
6300,2.281702,1.289190
6360,2.274404,1.285300
6420,2.267082,1.281383
6480,2.259737,1.277434
6540,2.252373,1.273562
6600,2.244992,1.269712
6660,2.237599,1.265806
6720,2.230195,1.261894
6780,2.222783,1.258017
6840,2.215365,1.254130
6900,2.207943,1.250276
6960,2.200520,1.246471
7020,2.193098,1.242640
7080,2.185678,1.238784
7140,2.178261,1.234930
7200,2.170849,1.231074
7260,2.163443,1.227222
7320,2.156046,1.223331
7380,2.148658,1.219443
7440,2.141281,1.215550
7500,2.133916,1.211677
7560,2.126566,1.207829
7620,2.119232,1.203944
7680,2.111914,1.200059
7740,2.104616,1.196216
7800,2.097336,1.192366
7860,2.090077,1.188552
7920,2.082838,1.184771
7980,2.075622,1.180938
8040,2.068427,1.177112
8100,2.061255,1.173281
8160,2.054105,1.169476
8220,2.046979,1.165705
8280,2.039877,1.161929
8340,2.032799,1.158119
8400,2.025746,1.154300
8460,2.018717,1.150517
8520,2.011715,1.146767
8580,2.004738,1.143021
8640,1.997788,1.139255
8700,1.990864,1.135466
8760,1.983967,1.131677
8820,1.977097,1.127899
8880,1.970254,1.124151
8940,1.963439,1.120367
9000,1.956653,1.116632
9060,1.949894,1.112987
9120,1.943165,1.109283
9180,1.936464,1.105540
9240,1.929791,1.101813
9300,1.923147,1.098114
9360,1.916530,1.094419
9420,1.909942,1.090731
9480,1.903383,1.087085
9540,1.896852,1.083445
9600,1.890350,1.079774
9660,1.883876,1.076121
9720,1.877429,1.072465
9780,1.871011,1.068769
9840,1.864621,1.065112
9900,1.858259,1.061471
9960,1.851926,1.057872
10020,1.845621,1.054295
10080,1.839345,1.050701
10140,1.833098,1.047120
10200,1.826878,1.043539
10260,1.820686,1.039922
10320,1.814521,1.036333
10380,1.808383,1.032769
10440,1.802273,1.029206
10500,1.796191,1.025587
10560,1.790136,1.022019
10620,1.784108,1.018520
10680,1.778109,1.015069
10740,1.772137,1.011596
10800,1.766192,1.008112
10860,1.760274,1.004648
10920,1.754382,1.001166
10980,1.748515,0.997666
11040,1.742674,0.994202
11100,1.736858,0.990756
11160,1.731067,0.987301
11220,1.725302,0.983798
11280,1.719563,0.980356
11340,1.713850,0.976939
11400,1.708162,0.973539
11460,1.702501,0.970140
11520,1.696865,0.966694
11580,1.691255,0.963291
11640,1.685671,0.959903
11700,1.680111,0.956479
11760,1.674577,0.953113
11820,1.669069,0.949812
11880,1.663585,0.946478
11940,1.658127,0.943118
12000,1.652693,0.939798
12060,1.647283,0.936547
12120,1.641898,0.933267
12180,1.636536,0.929938
12240,1.631198,0.926603
12300,1.625883,0.923296
12360,1.620591,0.920000
12420,1.615322,0.916735
12480,1.610078,0.913491
12540,1.604858,0.910236
12600,1.599661,0.907050
12660,1.594488,0.903871
12720,1.589338,0.900649
12780,1.584210,0.897456
12840,1.579104,0.894313
12900,1.574020,0.891190
12960,1.568958,0.888019
13020,1.563918,0.884824
13080,1.558898,0.881700
13140,1.553899,0.878598
13200,1.548922,0.875450
13260,1.543965,0.872343
13320,1.539030,0.869258
13380,1.534116,0.866218
13440,1.529223,0.863160
13500,1.524350,0.860110
13560,1.519497,0.857055
13620,1.514663,0.853970
13680,1.509850,0.850950
13740,1.505057,0.847907
13800,1.500283,0.844845
13860,1.495529,0.841813
13920,1.490796,0.838850
13980,1.486082,0.835908
14040,1.481389,0.832971
14100,1.476715,0.830056
14160,1.472060,0.827120
14220,1.467424,0.824194
14280,1.462805,0.821240
14340,1.458205,0.818255
14400,1.453623,0.815341
14460,1.449060,0.812448
14520,1.444516,0.809561
14580,1.439990,0.806683
14640,1.435484,0.803814
14700,1.430996,0.800956
14760,1.426526,0.798107
14820,1.422074,0.795268
14880,1.417641,0.792440
14940,1.413225,0.789621
15000,1.408828,0.786811
15060,1.404448,0.784012
15120,1.400086,0.781223
15180,1.395741,0.778444
15240,1.391414,0.775674
15300,1.387104,0.772915
15360,1.382812,0.770165
15420,1.378537,0.767425
15480,1.374279,0.764695
15540,1.370038,0.761975
15600,1.365814,0.759264
15660,1.361607,0.756563
15720,1.357416,0.753872
15780,1.353242,0.751191
15840,1.349085,0.748519
15900,1.344945,0.745857
15960,1.340821,0.743204
16020,1.336713,0.740561
16080,1.332621,0.737928
16140,1.328546,0.735304
16200,1.324487,0.732690
16260,1.320444,0.730085
16320,1.316417,0.727489
16380,1.312406,0.724903
16440,1.308410,0.722327
16500,1.304431,0.719760
16560,1.300467,0.717202
16620,1.296518,0.714653
16680,1.292586,0.712114
16740,1.288668,0.709584
16800,1.284766,0.707063
16860,1.280880,0.704552
16920,1.277008,0.702049
16980,1.273152,0.699556
17040,1.269311,0.697072
17100,1.265484,0.694597
17160,1.261673,0.692131
17220,1.257877,0.689674
17280,1.254096,0.687226
17340,1.250329,0.684788
17400,1.246577,0.682358
17460,1.242839,0.679937
17520,1.239117,0.677524
17580,1.235408,0.675121
17640,1.231714,0.672727
17700,1.228035,0.670341
17760,1.224370,0.667964
17820,1.220719,0.665596
17880,1.217082,0.663237
17940,1.213459,0.660886
18000,1.209851,0.658544
18060,1.206256,0.656211
18120,1.202676,0.653886
18180,1.199109,0.651570
18240,1.195556,0.649262
18300,1.192017,0.646963
18360,1.188491,0.644672
18420,1.184980,0.642390
18480,1.181481,0.640116
18540,1.177997,0.637851
18600,1.174525,0.635594
18660,1.171068,0.633345
18720,1.167623,0.631105
18780,1.164192,0.628872
18840,1.160774,0.626649
18900,1.157369,0.624433
18960,1.153978,0.622226
19020,1.150599,0.620026
19080,1.147234,0.617835
19140,1.143881,0.615652
19200,1.140542,0.613477
19260,1.137215,0.611311
19320,1.133901,0.609152
19380,1.130600,0.607001
19440,1.127312,0.604858
19500,1.124036,0.602723
19560,1.120773,0.600596
19620,1.117523,0.598477
19680,1.114284,0.596366
19740,1.111059,0.594262
19800,1.107846,0.592167
19860,1.104645,0.590079
19920,1.101456,0.587999
19980,1.098280,0.585926
20040,1.095116,0.583862
20100,1.091964,0.581804
20160,1.088824,0.579755
20220,1.085696,0.577713
20280,1.082581,0.575679
20340,1.079477,0.573652
20400,1.076385,0.571633
20460,1.073305,0.569621
20520,1.070237,0.567617
20580,1.067180,0.565621
20640,1.064136,0.563631
20700,1.061103,0.561649
20760,1.058081,0.559675
20820,1.055071,0.557707
20880,1.052073,0.555747
20940,1.049086,0.553795
21000,1.046111,0.551849
21060,1.043147,0.549911
21120,1.040195,0.547980
21180,1.037253,0.546056
21240,1.034323,0.544140
21300,1.031405,0.542230
21360,1.028497,0.540328
21420,1.025601,0.538432
21480,1.022715,0.536544
21540,1.019841,0.534662
21600,1.016978,0.532788
21660,1.014125,0.530921
21720,1.011284,0.529060
21780,1.008453,0.527207
21840,1.005634,0.525360
21900,1.002825,0.523520
21960,1.000026,0.521688
22020,0.997239,0.519861
22080,0.994462,0.518042
22140,0.991696,0.516230
22200,0.988940,0.514424
22260,0.986195,0.512625
22320,0.983461,0.510832
22380,0.980737,0.509046
22440,0.978023,0.507267
22500,0.975320,0.505495
22560,0.972627,0.503729
22620,0.969944,0.501969
22680,0.967271,0.500217
22740,0.964609,0.498470
22800,0.961957,0.496731
22860,0.959315,0.494997
22920,0.956683,0.493270
22980,0.954062,0.491550
23040,0.951450,0.489836
23100,0.948848,0.488128
23160,0.946256,0.486427
23220,0.943674,0.484732
23280,0.941102,0.483043
23340,0.938540,0.481361
23400,0.935988,0.479684
23460,0.933445,0.478014
23520,0.930912,0.476351
23580,0.928389,0.474693
23640,0.925875,0.473042
23700,0.923371,0.471396
23760,0.920876,0.469757
23820,0.918391,0.468124
23880,0.915916,0.466497
23940,0.913450,0.464876
24000,0.910993,0.463261
24060,0.908546,0.461653
24120,0.906108,0.460050
24180,0.903679,0.458453
24240,0.901260,0.456862
24300,0.898850,0.455277
24360,0.896449,0.453697
24420,0.894057,0.452124
24480,0.891674,0.450557
24540,0.889301,0.448995
24600,0.886936,0.447439
24660,0.884581,0.445889
24720,0.882234,0.444345
24780,0.879897,0.442806
24840,0.877568,0.441273
24900,0.875249,0.439746
24960,0.872938,0.438225
25020,0.870636,0.436709
25080,0.868342,0.435199
25140,0.866058,0.433694
25200,0.863782,0.432195
25260,0.861515,0.430702
25320,0.859256,0.429214
25380,0.857006,0.427732
25440,0.854765,0.426255
25500,0.852532,0.424784
25560,0.850308,0.423318
25620,0.848092,0.421858
25680,0.845885,0.420403
25740,0.843686,0.418953
25800,0.841495,0.417509
25860,0.839313,0.416071
25920,0.837139,0.414637
25980,0.834973,0.413209
26040,0.832816,0.411786
26100,0.830667,0.410369
26160,0.828526,0.408957
26220,0.826393,0.407550
26280,0.824268,0.406148
26340,0.822152,0.404752
26400,0.820043,0.403361
26460,0.817943,0.401974
26520,0.815850,0.400594
26580,0.813766,0.399218
26640,0.811689,0.397847
26700,0.809621,0.396481
26760,0.807560,0.395121
26820,0.805507,0.393766
26880,0.803462,0.392415
26940,0.801424,0.391070
27000,0.799395,0.389729
27060,0.797373,0.388394
27120,0.795359,0.387064
27180,0.793352,0.385738
27240,0.791353,0.384418
27300,0.789362,0.383102
27360,0.787378,0.381791
27420,0.785402,0.380486
27480,0.783434,0.379185
27540,0.781472,0.377889
27600,0.779519,0.376597
27660,0.777572,0.375311
27720,0.775634,0.374029
27780,0.773702,0.372752
27840,0.771778,0.371480
27900,0.769861,0.370213
27960,0.767952,0.368950
28020,0.766049,0.367692
28080,0.764154,0.366439
28140,0.762266,0.365190
28200,0.760386,0.363946
28260,0.758512,0.362707
28320,0.756646,0.361472
28380,0.754787,0.360242
28440,0.752934,0.359017
28500,0.751089,0.357796
28560,0.749251,0.356579
28620,0.747420,0.355367
28680,0.745595,0.354160
28740,0.743778,0.352957
28800,0.741968,0.351759
28860,0.740164,0.350565
28920,0.738367,0.349376
28980,0.736578,0.348191
29040,0.734794,0.347010
29100,0.733018,0.345834
29160,0.731249,0.344662
29220,0.729486,0.343495
29280,0.727729,0.342332
29340,0.725980,0.341173
29400,0.724237,0.340019
29460,0.722501,0.338869
29520,0.720771,0.337723
29580,0.719048,0.336581
29640,0.717331,0.335444
29700,0.715621,0.334311
29760,0.713918,0.333183
29820,0.712221,0.332058
29880,0.710530,0.330938
29940,0.708846,0.329822
30000,0.707168,0.328710
30060,0.705496,0.327602
30120,0.703831,0.326498
30180,0.702172,0.325399
30240,0.700519,0.324304
30300,0.698873,0.323212
30360,0.697233,0.322125
30420,0.695599,0.321042
30480,0.693971,0.319963
30540,0.692350,0.318888
30600,0.690734,0.317817
30660,0.689125,0.316750
30720,0.687522,0.315687
30780,0.685924,0.314628
30840,0.684333,0.313573
30900,0.682748,0.312522
30960,0.681169,0.311475
31020,0.679596,0.310432
31080,0.678029,0.309393
31140,0.676467,0.308357
31200,0.674912,0.307326
31260,0.673363,0.306298
31320,0.671819,0.305274
31380,0.670281,0.304255
31440,0.668749,0.303239
31500,0.667223,0.302226
31560,0.665702,0.301218
31620,0.664188,0.300213
31680,0.662679,0.299212
31740,0.661175,0.298215
31800,0.659678,0.297222
31860,0.658186,0.296232
31920,0.656699,0.295247
31980,0.655219,0.294264
32040,0.653744,0.293286
32100,0.652274,0.292311
32160,0.650810,0.291340
32220,0.649351,0.290373
32280,0.647898,0.289409
32340,0.646451,0.288449
32400,0.645009,0.287492
32460,0.643572,0.286540
32520,0.642141,0.285590
32580,0.640715,0.284645
32640,0.639294,0.283703
32700,0.637879,0.282764
32760,0.636470,0.281829
32820,0.635065,0.280898
32880,0.633666,0.279970
32940,0.632272,0.279045
33000,0.630883,0.278124
33060,0.629500,0.277207
33120,0.628121,0.276293
33180,0.626748,0.275383
33240,0.625380,0.274476
33300,0.624017,0.273572
33360,0.622660,0.272672
33420,0.621307,0.271775
33480,0.619960,0.270882
33540,0.618617,0.269992
33600,0.617280,0.269106
33660,0.615947,0.268223
33720,0.614620,0.267343
33780,0.613297,0.266466
33840,0.611980,0.265593
33900,0.610667,0.264724
33960,0.609360,0.263857
34020,0.608057,0.262994
34080,0.606759,0.262134
34140,0.605466,0.261278
34200,0.604178,0.260425
34260,0.602895,0.259575
34320,0.601616,0.258728
34380,0.600343,0.257884
34440,0.599074,0.257044
34500,0.597810,0.256207
34560,0.596550,0.255373
34620,0.595295,0.254543
34680,0.594045,0.253715
34740,0.592800,0.252891
34800,0.591559,0.252070
34860,0.590323,0.251252
34920,0.589092,0.250437
34980,0.587865,0.249626
35040,0.586643,0.248817
35100,0.585425,0.248012
35160,0.584212,0.247210
35220,0.583003,0.246411
35280,0.581799,0.245615
35340,0.580600,0.244822
35400,0.579405,0.244032
35460,0.578214,0.243245
35520,0.577028,0.242461
35580,0.575846,0.241680
35640,0.574668,0.240903
35700,0.573495,0.240128
35760,0.572327,0.239356
35820,0.571162,0.238587
35880,0.570002,0.237822
35940,0.568847,0.237059
36000,0.567695,0.236299
36060,0.566548,0.235542
36120,0.565405,0.234788
36180,0.564266,0.234038
36240,0.563132,0.233290
36300,0.562002,0.232544
36360,0.560876,0.231802
36420,0.559754,0.231063
36480,0.558636,0.230327
36540,0.557523,0.229593
36600,0.556414,0.228863
36660,0.555308,0.228135
36720,0.554207,0.227410
36780,0.553110,0.226688
36840,0.552017,0.225969
36900,0.550928,0.225253
36960,0.549843,0.224539
37020,0.548762,0.223828
37080,0.547685,0.223120
37140,0.546612,0.222415
37200,0.545543,0.221713
37260,0.544478,0.221013
37320,0.543417,0.220317
37380,0.542360,0.219623
37440,0.541306,0.218931
37500,0.540257,0.218243
37560,0.539211,0.217557
37620,0.538170,0.216874
37680,0.537132,0.216194
37740,0.536098,0.215516
37800,0.535067,0.214841
37860,0.534041,0.214169
37920,0.533018,0.213500
37980,0.531999,0.212833
38040,0.530984,0.212169
38100,0.529973,0.211507
38160,0.528965,0.210848
38220,0.527961,0.210192
38280,0.526961,0.209539
38340,0.525964,0.208888
38400,0.524971,0.208239
38460,0.523982,0.207594
38520,0.522996,0.206950
38580,0.522014,0.206310
38640,0.521035,0.205672
38700,0.520060,0.205037
38760,0.519089,0.204404
38820,0.518121,0.203774
38880,0.517157,0.203146
38940,0.516196,0.202521
39000,0.515239,0.201899
39060,0.514285,0.201279
39120,0.513335,0.200661
39180,0.512388,0.200046
39240,0.511445,0.199434
39300,0.510505,0.198824
39360,0.509568,0.198217
39420,0.508635,0.197612
39480,0.507705,0.197009
39540,0.506779,0.196409
39600,0.505856,0.195812
39660,0.504937,0.195217
39720,0.504020,0.194624
39780,0.503108,0.194034
39840,0.502198,0.193446
39900,0.501292,0.192861
39960,0.500389,0.192278
40020,0.499489,0.191698
40080,0.498593,0.191120
40140,0.497700,0.190544
40200,0.496810,0.189971
40260,0.495923,0.189400
40320,0.495039,0.188832
40380,0.494159,0.188266
40440,0.493282,0.187702
40500,0.492408,0.187141
40560,0.491537,0.186582
40620,0.490669,0.186025
40680,0.489805,0.185471
40740,0.488944,0.184919
40800,0.488085,0.184370
40860,0.487230,0.183822
40920,0.486378,0.183277
40980,0.485529,0.182735
41040,0.484683,0.182194
41100,0.483840,0.181656
41160,0.483000,0.181120
41220,0.482163,0.180587
41280,0.481329,0.180056
41340,0.480498,0.179527
41400,0.479670,0.179000
41460,0.478846,0.178475
41520,0.478024,0.177953
41580,0.477205,0.177433
41640,0.476388,0.176916
41700,0.475575,0.176400
41760,0.474765,0.175887
41820,0.473958,0.175376
41880,0.473153,0.174867
41940,0.472352,0.174360
42000,0.471553,0.173856
42060,0.470757,0.173353
42120,0.469964,0.172853
42180,0.469174,0.172355
42240,0.468386,0.171859
42300,0.467602,0.171366
42360,0.466820,0.170874
42420,0.466041,0.170385
42480,0.465265,0.169898
42540,0.464491,0.169413
42600,0.463720,0.168930
42660,0.462952,0.168449
42720,0.462187,0.167970
42780,0.461424,0.167494
42840,0.460665,0.167019
42900,0.459907,0.166547
42960,0.459153,0.166076
43020,0.458401,0.165608
43080,0.457652,0.165142
43140,0.456905,0.164678
43200,0.456161,0.164216
43260,0.455420,0.163756
43320,0.454682,0.163298
43380,0.453946,0.162842
43440,0.453212,0.162388
43500,0.452481,0.161936
43560,0.451753,0.161486
43620,0.451027,0.161039
43680,0.450304,0.160593
43740,0.449583,0.160149
43800,0.448865,0.159707
43860,0.448150,0.159268
43920,0.447437,0.158830
43980,0.446726,0.158394
44040,0.446018,0.157960
44100,0.445312,0.157528
44160,0.444609,0.157098
44220,0.443909,0.156670
44280,0.443210,0.156244
44340,0.442515,0.155820
44400,0.441821,0.155398
44460,0.441130,0.154978
44520,0.440442,0.154560
44580,0.439756,0.154143
44640,0.439072,0.153729
44700,0.438391,0.153316
44760,0.437712,0.152905
44820,0.437035,0.152497
44880,0.436361,0.152090
44940,0.435689,0.151685
45000,0.435019,0.151281
45060,0.434352,0.150880
45120,0.433687,0.150481
45180,0.433024,0.150083
45240,0.432364,0.149687
45300,0.431706,0.149293
45360,0.431050,0.148901
45420,0.430396,0.148511
45480,0.429745,0.148123
45540,0.429096,0.147736
45600,0.428449,0.147351
45660,0.427805,0.146968
45720,0.427162,0.146587
45780,0.426522,0.146208
45840,0.425884,0.145830
45900,0.425248,0.145454
45960,0.424615,0.145080
46020,0.423983,0.144707
46080,0.423354,0.144337
46140,0.422727,0.143968
46200,0.422102,0.143601
46260,0.421479,0.143236
46320,0.420858,0.142872
46380,0.420240,0.142510
46440,0.419623,0.142150
46500,0.419009,0.141791
46560,0.418397,0.141434
46620,0.417787,0.141079
46680,0.417179,0.140726
46740,0.416573,0.140374
46800,0.415969,0.140024
46860,0.415367,0.139676
46920,0.414767,0.139329
46980,0.414169,0.138984
47040,0.413573,0.138641
47100,0.412979,0.138299
47160,0.412387,0.137959
47220,0.411798,0.137620
47280,0.411210,0.137283
47340,0.410624,0.136948
47400,0.410040,0.136614
47460,0.409458,0.136282
47520,0.408878,0.135952
47580,0.408300,0.135623
47640,0.407724,0.135296
47700,0.407150,0.134970
47760,0.406578,0.134646
47820,0.406008,0.134324
47880,0.405440,0.134003
47940,0.404873,0.133683
48000,0.404309,0.133365
48060,0.403746,0.133049
48120,0.403185,0.132734
48180,0.402626,0.132421
48240,0.402069,0.132109
48300,0.401514,0.131799
48360,0.400961,0.131490
48420,0.400409,0.131183
48480,0.399860,0.130877
48540,0.399312,0.130573
48600,0.398766,0.130270
48660,0.398222,0.129969
48720,0.397679,0.129669
48780,0.397139,0.129371
48840,0.396600,0.129074
48900,0.396063,0.128779
48960,0.395528,0.128485
49020,0.394994,0.128192
49080,0.394463,0.127901
49140,0.393933,0.127612
49200,0.393404,0.127323
49260,0.392878,0.127036
49320,0.392353,0.126751
49380,0.391830,0.126467
49440,0.391309,0.126184
49500,0.390789,0.125903
49560,0.390271,0.125623
49620,0.389755,0.125345
49680,0.389241,0.125068
49740,0.388728,0.124792
49800,0.388217,0.124517
49860,0.387707,0.124244
49920,0.387199,0.123973
49980,0.386693,0.123702
50040,0.386189,0.123433
50100,0.385686,0.123165
50160,0.385185,0.122899
50220,0.384685,0.122634
50280,0.384187,0.122370
50340,0.383691,0.122108
50400,0.383196,0.121846
50460,0.382703,0.121587
50520,0.382211,0.121328
50580,0.381721,0.121071
50640,0.381233,0.120814
50700,0.380746,0.120560
50760,0.380261,0.120306
50820,0.379777,0.120054
50880,0.379295,0.119803
50940,0.378814,0.119553
51000,0.378335,0.119304
51060,0.377858,0.119057
51120,0.377382,0.118811
51180,0.376907,0.118566
51240,0.376434,0.118322
51300,0.375963,0.118079
51360,0.375493,0.117838
51420,0.375025,0.117598
51480,0.374558,0.117359
51540,0.374092,0.117121
51600,0.373628,0.116884
51660,0.373166,0.116649
51720,0.372705,0.116415
51780,0.372245,0.116181
51840,0.371787,0.115949
51900,0.371331,0.115718
51960,0.370875,0.115489
52020,0.370422,0.115260
52080,0.369969,0.115033
52140,0.369519,0.114806
52200,0.369069,0.114581
52260,0.368621,0.114357
52320,0.368174,0.114134
52380,0.367729,0.113912
52440,0.367285,0.113691
52500,0.366843,0.113471
52560,0.366402,0.113252
52620,0.365962,0.113035
52680,0.365524,0.112818
52740,0.365087,0.112603
52800,0.364651,0.112388
52860,0.364217,0.112175
52920,0.363784,0.111962
52980,0.363353,0.111751
53040,0.362922,0.111541
53100,0.362494,0.111331
53160,0.362066,0.111123
53220,0.361640,0.110916
53280,0.361215,0.110709
53340,0.360792,0.110504
53400,0.360369,0.110300
53460,0.359948,0.110097
53520,0.359529,0.109894
53580,0.359111,0.109693
53640,0.358694,0.109493
53700,0.358278,0.109293
53760,0.357863,0.109095
53820,0.357450,0.108898
53880,0.357038,0.108701
53940,0.356627,0.108506
54000,0.356218,0.108311
54060,0.355810,0.108117
54120,0.355403,0.107925
54180,0.354997,0.107733
54240,0.354593,0.107542
54300,0.354190,0.107352
54360,0.353788,0.107163
54420,0.353387,0.106975
54480,0.352988,0.106788
54540,0.352589,0.106602
54600,0.352192,0.106416
54660,0.351796,0.106232
54720,0.351402,0.106048
54780,0.351008,0.105865
54840,0.350616,0.105683
54900,0.350225,0.105502
54960,0.349835,0.105322
55020,0.349446,0.105143
55080,0.349058,0.104965
55140,0.348672,0.104787
55200,0.348287,0.104610
55260,0.347902,0.104434
55320,0.347519,0.104259
55380,0.347138,0.104085
55440,0.346757,0.103912
55500,0.346377,0.103739
55560,0.345999,0.103567
55620,0.345622,0.103396
55680,0.345246,0.103226
55740,0.344871,0.103057
55800,0.344497,0.102888
55860,0.344124,0.102721
55920,0.343752,0.102554
55980,0.343382,0.102387
56040,0.343012,0.102222
56100,0.342644,0.102057
56160,0.342277,0.101894
56220,0.341911,0.101731
56280,0.341545,0.101568
56340,0.341181,0.101407
56400,0.340818,0.101246
56460,0.340457,0.101086
56520,0.340096,0.100927
56580,0.339736,0.100768
56640,0.339377,0.100610
56700,0.339020,0.100453
56760,0.338663,0.100297
56820,0.338307,0.100141
56880,0.337953,0.099986
56940,0.337599,0.099832
57000,0.337247,0.099679
57060,0.336895,0.099526
57120,0.336545,0.099374
57180,0.336196,0.099222
57240,0.335847,0.099072
57300,0.335500,0.098922
57360,0.335153,0.098772
57420,0.334808,0.098624
57480,0.334464,0.098476
57540,0.334120,0.098329
57600,0.333778,0.098182
57660,0.333436,0.098036
57720,0.333096,0.097891
57780,0.332756,0.097746
57840,0.332418,0.097602
57900,0.332080,0.097459
57960,0.331744,0.097316
58020,0.331408,0.097174
58080,0.331074,0.097033
58140,0.330740,0.096892
58200,0.330407,0.096752
58260,0.330076,0.096613
58320,0.329745,0.096474
58380,0.329415,0.096336
58440,0.329086,0.096198
58500,0.328758,0.096061
58560,0.328431,0.095925
58620,0.328105,0.095789
58680,0.327779,0.095654
58740,0.327455,0.095520
58800,0.327132,0.095386
58860,0.326809,0.095253
58920,0.326487,0.095120
58980,0.326167,0.094988
59040,0.325847,0.094856
59100,0.325528,0.094725
59160,0.325210,0.094595
59220,0.324893,0.094465
59280,0.324577,0.094336
59340,0.324261,0.094207
59400,0.323947,0.094079
59460,0.323633,0.093952
59520,0.323321,0.093825
59580,0.323009,0.093698
59640,0.322698,0.093572
59700,0.322388,0.093447
59760,0.322079,0.093322
59820,0.321770,0.093198
59880,0.321463,0.093074
59940,0.321156,0.092951
60000,0.320850,0.092829
60060,0.320545,0.092707
60120,0.320241,0.092585
60180,0.319938,0.092464
60240,0.319635,0.092344
60300,0.319334,0.092224
60360,0.319033,0.092104
60420,0.318733,0.091985
60480,0.318433,0.091867
60540,0.318135,0.091749
60600,0.317838,0.091632
60660,0.317541,0.091515
60720,0.317245,0.091398
60780,0.316950,0.091283
60840,0.316655,0.091167
60900,0.316362,0.091052
60960,0.316069,0.090938
61020,0.315777,0.090824
61080,0.315486,0.090711
61140,0.315196,0.090598
61200,0.314906,0.090485
61260,0.314617,0.090373
61320,0.314329,0.090262
61380,0.314042,0.090151
61440,0.313756,0.090040
61500,0.313470,0.089930
61560,0.313185,0.089820
61620,0.312901,0.089711
61680,0.312617,0.089602
61740,0.312335,0.089494
61800,0.312053,0.089386
61860,0.311772,0.089279
61920,0.311491,0.089172
61980,0.311212,0.089065
62040,0.310933,0.088959
62100,0.310655,0.088854
62160,0.310377,0.088749
62220,0.310101,0.088644
62280,0.309825,0.088540
62340,0.309549,0.088436
62400,0.309275,0.088332
62460,0.309001,0.088230
62520,0.308728,0.088127
62580,0.308456,0.088025
62640,0.308184,0.087923
62700,0.307913,0.087822
62760,0.307643,0.087721
62820,0.307374,0.087620
62880,0.307105,0.087520
62940,0.306837,0.087421
63000,0.306569,0.087321
63060,0.306303,0.087223
63120,0.306037,0.087124
63180,0.305771,0.087026
63240,0.305507,0.086929
63300,0.305243,0.086831
63360,0.304980,0.086734
63420,0.304717,0.086638
63480,0.304455,0.086542
63540,0.304194,0.086446
63600,0.303933,0.086351
63660,0.303674,0.086256
63720,0.303414,0.086162
63780,0.303156,0.086067
63840,0.302898,0.085974
63900,0.302641,0.085880
63960,0.302384,0.085787
64020,0.302129,0.085695
64080,0.301873,0.085602
64140,0.301619,0.085510
64200,0.301365,0.085419
64260,0.301112,0.085328
64320,0.300859,0.085237
64380,0.300607,0.085146
64440,0.300356,0.085056
64500,0.300105,0.084967
64560,0.299855,0.084877
64620,0.299606,0.084788
64680,0.299357,0.084699
64740,0.299109,0.084611
64800,0.298861,0.084523
64860,0.298614,0.084436
64920,0.298368,0.084348
64980,0.298122,0.084261
65040,0.297877,0.084175
65100,0.297633,0.084088
65160,0.297389,0.084002
65220,0.297146,0.083917
65280,0.296903,0.083832
65340,0.296661,0.083747
65400,0.296420,0.083662
65460,0.296179,0.083578
65520,0.295939,0.083494
65580,0.295699,0.083410
65640,0.295460,0.083327
65700,0.295222,0.083244
65760,0.294984,0.083161
65820,0.294747,0.083079
65880,0.294510,0.082997
65940,0.294274,0.082915
66000,0.294039,0.082834
66060,0.293804,0.082753
66120,0.293570,0.082672
66180,0.293336,0.082591
66240,0.293103,0.082511
66300,0.292870,0.082431
66360,0.292638,0.082352
66420,0.292407,0.082272
66480,0.292176,0.082193
66540,0.291946,0.082115
66600,0.291716,0.082036
66660,0.291487,0.081958
66720,0.291258,0.081881
66780,0.291030,0.081803
66840,0.290803,0.081726
66900,0.290576,0.081649
66960,0.290349,0.081572
67020,0.290123,0.081496
67080,0.289898,0.081420
67140,0.289673,0.081344
67200,0.289449,0.081269
67260,0.289225,0.081194
67320,0.289002,0.081119
67380,0.288780,0.081044
67440,0.288558,0.080970
67500,0.288336,0.080896
67560,0.288115,0.080822
67620,0.287895,0.080748
67680,0.287675,0.080675
67740,0.287455,0.080602
67800,0.287236,0.080529
67860,0.287018,0.080457
67920,0.286800,0.080385
67980,0.286583,0.080313
68040,0.286366,0.080241
68100,0.286150,0.080170
68160,0.285934,0.080099
68220,0.285719,0.080028
68280,0.285504,0.079957
68340,0.285290,0.079887
68400,0.285076,0.079817
68460,0.284863,0.079747
68520,0.284650,0.079677
68580,0.284438,0.079608
68640,0.284226,0.079539
68700,0.284015,0.079470
68760,0.283804,0.079402
68820,0.283594,0.079333
68880,0.283384,0.079265
68940,0.283175,0.079197
69000,0.282966,0.079130
69060,0.282758,0.079062
69120,0.282550,0.078995
69180,0.282343,0.078928
69240,0.282136,0.078862
69300,0.281929,0.078795
69360,0.281724,0.078729
69420,0.281518,0.078663
69480,0.281313,0.078598
69540,0.281109,0.078532
69600,0.280905,0.078467
69660,0.280701,0.078402
69720,0.280498,0.078337
69780,0.280296,0.078273
69840,0.280094,0.078208
69900,0.279892,0.078144
69960,0.279691,0.078080
70020,0.279490,0.078017
70080,0.279290,0.077953
70140,0.279090,0.077890
70200,0.278891,0.077827
70260,0.278692,0.077765
70320,0.278493,0.077702
70380,0.278296,0.077640
70440,0.278098,0.077578
70500,0.277901,0.077516
70560,0.277704,0.077454
70620,0.277508,0.077393
70680,0.277312,0.077332
70740,0.277117,0.077271
70800,0.276922,0.077210
70860,0.276728,0.077149
70920,0.276534,0.077089
70980,0.276340,0.077029
71040,0.276147,0.076969
71100,0.275955,0.076909
71160,0.275762,0.076850
71220,0.275571,0.076790
71280,0.275379,0.076731
71340,0.275188,0.076672
71400,0.274998,0.076613
71460,0.274808,0.076555
71520,0.274618,0.076497
71580,0.274429,0.076439
71640,0.274240,0.076381
71700,0.274052,0.076323
71760,0.273864,0.076265
71820,0.273676,0.076208
71880,0.273489,0.076151
71940,0.273302,0.076094
72000,0.273116,0.076037
72060,0.272930,0.075981
72120,0.272744,0.075924
72180,0.272559,0.075868
72240,0.272375,0.075812
72300,0.272190,0.075756
72360,0.272007,0.075701
72420,0.271823,0.075645
72480,0.271640,0.075590
72540,0.271457,0.075535
72600,0.271275,0.075480
72660,0.271093,0.075425
72720,0.270912,0.075371
72780,0.270731,0.075317
72840,0.270550,0.075263
72900,0.270370,0.075209
72960,0.270190,0.075155
73020,0.270010,0.075101
73080,0.269831,0.075048
73140,0.269653,0.074995
73200,0.269474,0.074942
73260,0.269296,0.074889
73320,0.269119,0.074836
73380,0.268942,0.074783
73440,0.268765,0.074731
73500,0.268588,0.074679
73560,0.268412,0.074627
73620,0.268237,0.074575
73680,0.268062,0.074523
73740,0.267887,0.074472
73800,0.267712,0.074420
73860,0.267538,0.074369
73920,0.267364,0.074318
73980,0.267191,0.074267
74040,0.267018,0.074217
74100,0.266845,0.074166
74160,0.266673,0.074116
74220,0.266501,0.074066
74280,0.266329,0.074016
74340,0.266158,0.073966
74400,0.265987,0.073916
74460,0.265817,0.073867
74520,0.265647,0.073817
74580,0.265477,0.073768
74640,0.265308,0.073719
74700,0.265138,0.073670
74760,0.264970,0.073621
74820,0.264801,0.073573
74880,0.264633,0.073524
74940,0.264466,0.073476
75000,0.264299,0.073428
75060,0.264132,0.073380
75120,0.263965,0.073332
75180,0.263799,0.073285
75240,0.263633,0.073237
75300,0.263467,0.073190
75360,0.263302,0.073143
75420,0.263137,0.073095
75480,0.262973,0.073049
75540,0.262809,0.073002
75600,0.262645,0.072955
75660,0.262482,0.072909
75720,0.262318,0.072862
75780,0.262156,0.072816
75840,0.261993,0.072770
75900,0.261831,0.072724
75960,0.261669,0.072679
76020,0.261508,0.072633
76080,0.261347,0.072588
76140,0.261186,0.072542
76200,0.261025,0.072497
76260,0.260865,0.072452
76320,0.260705,0.072407
76380,0.260546,0.072363
76440,0.260387,0.072318
76500,0.260228,0.072274
76560,0.260069,0.072229
76620,0.259911,0.072185
76680,0.259753,0.072141
76740,0.259596,0.072097
76800,0.259439,0.072053
76860,0.259282,0.072010
76920,0.259125,0.071966
76980,0.258969,0.071923
77040,0.258813,0.071880
77100,0.258657,0.071837
77160,0.258502,0.071794
77220,0.258347,0.071751
77280,0.258192,0.071708
77340,0.258038,0.071666
77400,0.257884,0.071623
77460,0.257730,0.071581
77520,0.257577,0.071539
77580,0.257424,0.071497
77640,0.257271,0.071455
77700,0.257118,0.071413
77760,0.256966,0.071371
77820,0.256814,0.071330
77880,0.256662,0.071288
77940,0.256511,0.071247
78000,0.256360,0.071206
78060,0.256209,0.071165
78120,0.256059,0.071124
78180,0.255909,0.071083
78240,0.255759,0.071043
78300,0.255610,0.071002
78360,0.255460,0.070962
78420,0.255311,0.070921
78480,0.255163,0.070881
78540,0.255014,0.070841
78600,0.254866,0.070801
78660,0.254719,0.070761
78720,0.254571,0.070722
78780,0.254424,0.070682
78840,0.254277,0.070643
78900,0.254131,0.070603
78960,0.253984,0.070564
79020,0.253838,0.070525
79080,0.253692,0.070486
79140,0.253547,0.070447
79200,0.253402,0.070408
79260,0.253257,0.070370
79320,0.253112,0.070331
79380,0.252968,0.070293
79440,0.252824,0.070255
79500,0.252680,0.070216
79560,0.252537,0.070178
79620,0.252394,0.070140
79680,0.252251,0.070102
79740,0.252108,0.070065
79800,0.251966,0.070027
79860,0.251823,0.069990
79920,0.251682,0.069952
79980,0.251540,0.069915
80040,0.251399,0.069878
80100,0.251258,0.069841
80160,0.251117,0.069804
80220,0.250977,0.069767
80280,0.250836,0.069730
80340,0.250696,0.069694
80400,0.250557,0.069657
80460,0.250417,0.069621
80520,0.250278,0.069584
80580,0.250139,0.069548
80640,0.250001,0.069512
80700,0.249862,0.069476
80760,0.249724,0.069440
80820,0.249587,0.069404
80880,0.249449,0.069369
80940,0.249312,0.069333
81000,0.249175,0.069297
81060,0.249038,0.069262
81120,0.248901,0.069227
81180,0.248765,0.069192
81240,0.248629,0.069157
81300,0.248493,0.069122
81360,0.248358,0.069087
81420,0.248223,0.069052
81480,0.248088,0.069017
81540,0.247953,0.068983
81600,0.247819,0.068948
81660,0.247684,0.068914
81720,0.247550,0.068879
81780,0.247417,0.068845
81840,0.247283,0.068811
81900,0.247150,0.068777
81960,0.247017,0.068743
82020,0.246884,0.068710
82080,0.246752,0.068676
82140,0.246620,0.068642
82200,0.246488,0.068609
82260,0.246356,0.068575
82320,0.246224,0.068542
82380,0.246093,0.068509
82440,0.245962,0.068476
82500,0.245831,0.068443
82560,0.245701,0.068410
82620,0.245570,0.068377
82680,0.245440,0.068344
82740,0.245311,0.068311
82800,0.245181,0.068279
82860,0.245052,0.068246
82920,0.244923,0.068214
82980,0.244794,0.068182
83040,0.244665,0.068149
83100,0.244537,0.068117
83160,0.244409,0.068085
83220,0.244281,0.068053
83280,0.244153,0.068021
83340,0.244026,0.067990
83400,0.243898,0.067958
83460,0.243771,0.067926
83520,0.243645,0.067895
83580,0.243518,0.067863
83640,0.243392,0.067832
83700,0.243266,0.067801
83760,0.243140,0.067770
83820,0.243014,0.067739
83880,0.242889,0.067708
83940,0.242764,0.067677
84000,0.242639,0.067646
84060,0.242514,0.067615
84120,0.242390,0.067584
84180,0.242265,0.067554
84240,0.242141,0.067523
84300,0.242017,0.067493
84360,0.241894,0.067463
84420,0.241770,0.067432
84480,0.241647,0.067402
84540,0.241524,0.067372
84600,0.241402,0.067342
84660,0.241279,0.067312
84720,0.241157,0.067283
84780,0.241035,0.067253
84840,0.240913,0.067223
84900,0.240791,0.067194
84960,0.240670,0.067164
85020,0.240549,0.067135
85080,0.240428,0.067105
85140,0.240307,0.067076
85200,0.240186,0.067047
85260,0.240066,0.067018
85320,0.239946,0.066989
85380,0.239826,0.066960
85440,0.239706,0.066931
85500,0.239587,0.066902
85560,0.239468,0.066873
85620,0.239348,0.066845
85680,0.239230,0.066816
85740,0.239111,0.066788
85800,0.238993,0.066759
85860,0.238874,0.066731
85920,0.238756,0.066703
85980,0.238638,0.066674
86040,0.238521,0.066646
86100,0.238403,0.066618
86160,0.238286,0.066590
86220,0.238169,0.066562
86280,0.238052,0.066535
86340,0.237936,0.066507
86400,0.237819,0.066479
86460,0.237703,0.066452
86520,0.237587,0.066424
86580,0.237471,0.066397
86640,0.237356,0.066369
86700,0.237240,0.066342
86760,0.237125,0.066315
86820,0.237010,0.066288
86880,0.236895,0.066261
86940,0.236781,0.066234
87000,0.236666,0.066207
87060,0.236552,0.066180
87120,0.236438,0.066153
87180,0.236324,0.066126
87240,0.236211,0.066100
87300,0.236097,0.066073
87360,0.235984,0.066046
87420,0.235871,0.066020
87480,0.235758,0.065994
87540,0.235646,0.065967
87600,0.235533,0.065941
87660,0.235421,0.065915
87720,0.235309,0.065889
87780,0.235197,0.065863
87840,0.235085,0.065837
87900,0.234974,0.065811
87960,0.234863,0.065785
88020,0.234752,0.065759
88080,0.234641,0.065734
88140,0.234530,0.065708
88200,0.234420,0.065682
88260,0.234309,0.065657
88320,0.234199,0.065631
88380,0.234089,0.065606
88440,0.233979,0.065581
88500,0.233870,0.065556
88560,0.233760,0.065530
88620,0.233651,0.065505
88680,0.233542,0.065480
88740,0.233433,0.065455
88800,0.233325,0.065430
88860,0.233216,0.065405
88920,0.233108,0.065381
88980,0.233000,0.065356
89040,0.232892,0.065331
89100,0.232784,0.065307
89160,0.232676,0.065282
89220,0.232569,0.065258
89280,0.232462,0.065233
89340,0.232355,0.065209
89400,0.232248,0.065185
89460,0.232141,0.065160
89520,0.232034,0.065136
89580,0.231928,0.065112
89640,0.231822,0.065088
89700,0.231716,0.065064
89760,0.231610,0.065040
89820,0.231504,0.065016
89880,0.231399,0.064992
89940,0.231294,0.064969
90000,0.231188,0.064945
90060,0.231083,0.064921
90120,0.230979,0.064898
90180,0.230874,0.064874
90240,0.230770,0.064851
90300,0.230665,0.064827
90360,0.230561,0.064804
90420,0.230457,0.064781
90480,0.230354,0.064758
90540,0.230250,0.064734
90600,0.230146,0.064711
90660,0.230043,0.064688
90720,0.229940,0.064665
90780,0.229837,0.064642
90840,0.229734,0.064619
90900,0.229632,0.064597
90960,0.229529,0.064574
91020,0.229427,0.064551
91080,0.229325,0.064529
91140,0.229223,0.064506
91200,0.229121,0.064483
91260,0.229020,0.064461
91320,0.228918,0.064438
91380,0.228817,0.064416
91440,0.228716,0.064394
91500,0.228615,0.064372
91560,0.228514,0.064349
91620,0.228413,0.064327
91680,0.228313,0.064305
91740,0.228213,0.064283
91800,0.228113,0.064261
91860,0.228013,0.064239
91920,0.227913,0.064217
91980,0.227813,0.064195
92040,0.227714,0.064174
92100,0.227614,0.064152
92160,0.227515,0.064130
92220,0.227416,0.064109
92280,0.227317,0.064087
92340,0.227218,0.064066
92400,0.227120,0.064044
92460,0.227021,0.064023
92520,0.226923,0.064001
92580,0.226825,0.063980
92640,0.226727,0.063959
92700,0.226629,0.063938
92760,0.226532,0.063916
92820,0.226434,0.063895
92880,0.226337,0.063874
92940,0.226240,0.063853
93000,0.226143,0.063832
93060,0.226046,0.063811
93120,0.225949,0.063790
93180,0.225852,0.063770
93240,0.225756,0.063749
93300,0.225660,0.063728
93360,0.225564,0.063708
93420,0.225468,0.063687
93480,0.225372,0.063666
93540,0.225276,0.063646
93600,0.225181,0.063625
93660,0.225085,0.063605
93720,0.224990,0.063585
93780,0.224895,0.063564
93840,0.224800,0.063544
93900,0.224705,0.063524
93960,0.224611,0.063504
94020,0.224516,0.063484
94080,0.224422,0.063464
94140,0.224328,0.063444
94200,0.224234,0.063424
94260,0.224140,0.063404
94320,0.224046,0.063384
94380,0.223952,0.063364
94440,0.223859,0.063344
94500,0.223765,0.063324
94560,0.223672,0.063305
94620,0.223579,0.063285
94680,0.223486,0.063265
94740,0.223394,0.063246
94800,0.223301,0.063226
94860,0.223208,0.063207
94920,0.223116,0.063187
94980,0.223024,0.063168
95040,0.222932,0.063149
95100,0.222840,0.063130
95160,0.222748,0.063110
95220,0.222656,0.063091
95280,0.222565,0.063072
95340,0.222474,0.063053
95400,0.222382,0.063034
95460,0.222291,0.063015
95520,0.222200,0.062996
95580,0.222110,0.062977
95640,0.222019,0.062958
95700,0.221928,0.062939
95760,0.221838,0.062920
95820,0.221748,0.062902
95880,0.221658,0.062883
95940,0.221568,0.062864
96000,0.221478,0.062846
96060,0.221388,0.062827
96120,0.221298,0.062808
96180,0.221209,0.062790
96240,0.221120,0.062771
96300,0.221031,0.062753
96360,0.220941,0.062735
96420,0.220853,0.062716
96480,0.220764,0.062698
96540,0.220675,0.062680
96600,0.220587,0.062662
96660,0.220498,0.062643
96720,0.220410,0.062625
96780,0.220322,0.062607
96840,0.220234,0.062589
96900,0.220146,0.062571
96960,0.220058,0.062553
97020,0.219971,0.062535
97080,0.219883,0.062518
97140,0.219796,0.062500
97200,0.219709,0.062482
97260,0.219622,0.062464
97320,0.219535,0.062446
97380,0.219448,0.062429
97440,0.219361,0.062411
97500,0.219275,0.062394
97560,0.219188,0.062376
97620,0.219102,0.062358
97680,0.219016,0.062341
97740,0.218929,0.062324
97800,0.218844,0.062306
97860,0.218758,0.062289
97920,0.218672,0.062271
97980,0.218586,0.062254
98040,0.218501,0.062237
98100,0.218416,0.062220
98160,0.218331,0.062203
98220,0.218245,0.062185
98280,0.218161,0.062168
98340,0.218076,0.062151
98400,0.217991,0.062134
98460,0.217906,0.062117
98520,0.217822,0.062100
98580,0.217738,0.062084
98640,0.217654,0.062067
98700,0.217569,0.062050
98760,0.217485,0.062033
98820,0.217402,0.062016
98880,0.217318,0.062000
98940,0.217234,0.061983
99000,0.217151,0.061966
99060,0.217067,0.061950
99120,0.216984,0.061933
99180,0.216901,0.061917
99240,0.216818,0.061900
99300,0.216735,0.061884
99360,0.216653,0.061867
99420,0.216570,0.061851
99480,0.216487,0.061835
99540,0.216405,0.061818
99600,0.216323,0.061802
99660,0.216241,0.061786
99720,0.216158,0.061770
99780,0.216077,0.061753
99840,0.215995,0.061737
99900,0.215913,0.061721
99960,0.215831,0.061705
100020,0.215750,0.061689
100080,0.215669,0.061673
100140,0.215587,0.061657
100200,0.215506,0.061641
100260,0.215425,0.061625
100320,0.215344,0.061609
100380,0.215264,0.061594
100440,0.215183,0.061578
100500,0.215102,0.061562
100560,0.215022,0.061546
100620,0.214942,0.061531
100680,0.214861,0.061515
100740,0.214781,0.061499
100800,0.214701,0.061484
100860,0.214621,0.061468
100920,0.214542,0.061453
100980,0.214462,0.061437
101040,0.214383,0.061422
101100,0.214303,0.061407
101160,0.214224,0.061391
101220,0.214145,0.061376
101280,0.214066,0.061360
101340,0.213987,0.061345
101400,0.213908,0.061330
101460,0.213829,0.061315
101520,0.213750,0.061300
101580,0.213672,0.061284
101640,0.213593,0.061269
101700,0.213515,0.061254
101760,0.213437,0.061239
101820,0.213359,0.061224
101880,0.213281,0.061209
101940,0.213203,0.061194
102000,0.213125,0.061179
102060,0.213047,0.061164
102120,0.212970,0.061150
102180,0.212892,0.061135
102240,0.212815,0.061120
102300,0.212738,0.061105
102360,0.212661,0.061090
102420,0.212584,0.061076
102480,0.212507,0.061061
102540,0.212430,0.061046
102600,0.212353,0.061032
102660,0.212277,0.061017
102720,0.212200,0.061003
102780,0.212124,0.060988
102840,0.212047,0.060974
102900,0.211971,0.060959
102960,0.211895,0.060945
103020,0.211819,0.060930
103080,0.211743,0.060916
103140,0.211667,0.060902
103200,0.211592,0.060887
103260,0.211516,0.060873
103320,0.211441,0.060859
103380,0.211365,0.060845
103440,0.211290,0.060831
103500,0.211215,0.060816
103560,0.211140,0.060802
103620,0.211065,0.060788
103680,0.210990,0.060774
103740,0.210915,0.060760
103800,0.210841,0.060746
103860,0.210766,0.060732
103920,0.210692,0.060718
103980,0.210617,0.060704
104040,0.210543,0.060690
104100,0.210469,0.060676
104160,0.210395,0.060663
104220,0.210321,0.060649
104280,0.210247,0.060635
104340,0.210173,0.060621
104400,0.210100,0.060608
104460,0.210026,0.060594
104520,0.209953,0.060580
104580,0.209879,0.060567
104640,0.209806,0.060553
104700,0.209733,0.060539
104760,0.209660,0.060526
104820,0.209587,0.060512
104880,0.209514,0.060499
104940,0.209441,0.060485
105000,0.209369,0.060472
105060,0.209296,0.060458
105120,0.209224,0.060445
105180,0.209151,0.060432
105240,0.209079,0.060418
105300,0.209007,0.060405
105360,0.208935,0.060392
105420,0.208863,0.060379
105480,0.208791,0.060365
105540,0.208719,0.060352
105600,0.208647,0.060339
105660,0.208576,0.060326
105720,0.208504,0.060313
105780,0.208433,0.060300
105840,0.208361,0.060287
105900,0.208290,0.060274
105960,0.208219,0.060261
106020,0.208148,0.060248
106080,0.208077,0.060235
106140,0.208006,0.060222
106200,0.207935,0.060209
106260,0.207865,0.060196
106320,0.207794,0.060183
106380,0.207724,0.060170
106440,0.207653,0.060157
106500,0.207583,0.060145
106560,0.207513,0.060132
106620,0.207442,0.060119
106680,0.207372,0.060106
106740,0.207302,0.060094
106800,0.207233,0.060081
106860,0.207163,0.060069
106920,0.207093,0.060056
106980,0.207024,0.060043
107040,0.206954,0.060031
107100,0.206885,0.060018
107160,0.206815,0.060006
107220,0.206746,0.059993
107280,0.206677,0.059981
107340,0.206608,0.059968
107400,0.206539,0.059956
107460,0.206470,0.059944
107520,0.206401,0.059931
107580,0.206333,0.059919
107640,0.206264,0.059907
107700,0.206196,0.059894
107760,0.206127,0.059882
107820,0.206059,0.059870
107880,0.205991,0.059858
107940,0.205922,0.059846
108000,0.205854,0.059833
108060,0.205786,0.059821
108120,0.205718,0.059809
108180,0.205651,0.059797
108240,0.205583,0.059785
108300,0.205515,0.059773
108360,0.205448,0.059761
108420,0.205380,0.059749
108480,0.205313,0.059737
108540,0.205246,0.059725
108600,0.205178,0.059713
108660,0.205111,0.059701
108720,0.205044,0.059690
108780,0.204977,0.059678
108840,0.204910,0.059666
108900,0.204844,0.059654
108960,0.204777,0.059642
109020,0.204710,0.059631
109080,0.204644,0.059619
109140,0.204577,0.059607
109200,0.204511,0.059595
109260,0.204445,0.059584
109320,0.204378,0.059572
109380,0.204312,0.059561
109440,0.204246,0.059549
109500,0.204180,0.059537
109560,0.204115,0.059526
109620,0.204049,0.059514
109680,0.203983,0.059503
109740,0.203917,0.059491
109800,0.203852,0.059480
109860,0.203786,0.059468
109920,0.203721,0.059457
109980,0.203656,0.059446
110040,0.203591,0.059434
110100,0.203525,0.059423
110160,0.203460,0.059412
110220,0.203395,0.059400
110280,0.203331,0.059389
110340,0.203266,0.059378
110400,0.203201,0.059367
110460,0.203136,0.059355
110520,0.203072,0.059344
110580,0.203007,0.059333
110640,0.202943,0.059322
110700,0.202879,0.059311
110760,0.202814,0.059300
110820,0.202750,0.059288
110880,0.202686,0.059277
110940,0.202622,0.059266
111000,0.202558,0.059255
111060,0.202494,0.059244
111120,0.202431,0.059233
111180,0.202367,0.059222
111240,0.202303,0.059211
111300,0.202240,0.059201
111360,0.202176,0.059190
111420,0.202113,0.059179
111480,0.202050,0.059168
111540,0.201987,0.059157
111600,0.201923,0.059146
111660,0.201860,0.059135
111720,0.201797,0.059125
111780,0.201734,0.059114
111840,0.201672,0.059103
111900,0.201609,0.059092
111960,0.201546,0.059082
112020,0.201484,0.059071
112080,0.201421,0.059060
112140,0.201359,0.059050
112200,0.201296,0.059039
112260,0.201234,0.059029
112320,0.201172,0.059018
112380,0.201110,0.059007
112440,0.201048,0.058997
112500,0.200986,0.058986
112560,0.200924,0.058976
112620,0.200862,0.058965
112680,0.200800,0.058955
112740,0.200738,0.058945
112800,0.200677,0.058934
112860,0.200615,0.058924
112920,0.200554,0.058913
112980,0.200492,0.058903
113040,0.200431,0.058893
113100,0.200370,0.058882
113160,0.200309,0.058872
113220,0.200248,0.058862
113280,0.200187,0.058852
113340,0.200126,0.058841
113400,0.200065,0.058831
113460,0.200004,0.058821
113520,0.199943,0.058811
113580,0.199882,0.058801
113640,0.199822,0.058790
113700,0.199761,0.058780
113760,0.199701,0.058770
113820,0.199641,0.058760
113880,0.199580,0.058750
113940,0.199520,0.058740
114000,0.199460,0.058730
114060,0.199400,0.058720
114120,0.199340,0.058710
114180,0.199280,0.058700
114240,0.199220,0.058690
114300,0.199160,0.058680
114360,0.199100,0.058670
114420,0.199041,0.058660
114480,0.198981,0.058650
114540,0.198922,0.058640
114600,0.198862,0.058631
114660,0.198803,0.058621
114720,0.198744,0.058611
114780,0.198684,0.058601
114840,0.198625,0.058591
114900,0.198566,0.058582
114960,0.198507,0.058572
115020,0.198448,0.058562
115080,0.198389,0.058552
115140,0.198330,0.058543
115200,0.198272,0.058533
115260,0.198213,0.058523
115320,0.198154,0.058514
115380,0.198096,0.058504
115440,0.198037,0.058495
115500,0.197979,0.058485
115560,0.197921,0.058475
115620,0.197862,0.058466
115680,0.197804,0.058456
115740,0.197746,0.058447
115800,0.197688,0.058437
115860,0.197630,0.058428
115920,0.197572,0.058418
115980,0.197514,0.058409
116040,0.197456,0.058399
116100,0.197399,0.058390
116160,0.197341,0.058381
116220,0.197283,0.058371
116280,0.197226,0.058362
116340,0.197169,0.058353
116400,0.197111,0.058343
116460,0.197054,0.058334
116520,0.196997,0.058325
116580,0.196939,0.058315
116640,0.196882,0.058306
116700,0.196825,0.058297
116760,0.196768,0.058288
116820,0.196711,0.058278
116880,0.196654,0.058269
116940,0.196598,0.058260
117000,0.196541,0.058251
117060,0.196484,0.058242
117120,0.196428,0.058233
117180,0.196371,0.058224
117240,0.196315,0.058214
117300,0.196258,0.058205
117360,0.196202,0.058196
117420,0.196146,0.058187
117480,0.196089,0.058178
117540,0.196033,0.058169
117600,0.195977,0.058160
117660,0.195921,0.058151
117720,0.195865,0.058142
117780,0.195809,0.058133
117840,0.195753,0.058124
117900,0.195698,0.058115
117960,0.195642,0.058107
118020,0.195586,0.058098
118080,0.195531,0.058089
118140,0.195475,0.058080
118200,0.195420,0.058071
118260,0.195364,0.058062
118320,0.195309,0.058053
118380,0.195254,0.058045
118440,0.195199,0.058036
118500,0.195144,0.058027
118560,0.195089,0.058018
118620,0.195034,0.058010
118680,0.194979,0.058001
118740,0.194924,0.057992
118800,0.194869,0.057983
118860,0.194814,0.057975
118920,0.194759,0.057966
118980,0.194705,0.057958
119040,0.194650,0.057949
119100,0.194596,0.057940
119160,0.194541,0.057932
119220,0.194487,0.057923
119280,0.194433,0.057915
119340,0.194378,0.057906
119400,0.194324,0.057897
119460,0.194270,0.057889
119520,0.194216,0.057880
119580,0.194162,0.057872
119640,0.194108,0.057863
119700,0.194054,0.057855
119760,0.194000,0.057847
119820,0.193946,0.057838
119880,0.193893,0.057830
119940,0.193839,0.057821
120000,0.193785,0.057813
120060,0.193732,0.057805
120120,0.193678,0.057796
120180,0.193625,0.057788
120240,0.193571,0.057779
120300,0.193518,0.057771
120360,0.193465,0.057763
120420,0.193412,0.057755
120480,0.193359,0.057746
120540,0.193306,0.057738
120600,0.193253,0.057730
120660,0.193200,0.057722
120720,0.193147,0.057713
120780,0.193094,0.057705
120840,0.193041,0.057697
120900,0.192988,0.057689
120960,0.192936,0.057681
121020,0.192883,0.057672
121080,0.192831,0.057664
121140,0.192778,0.057656
121200,0.192726,0.057648
121260,0.192673,0.057640
121320,0.192621,0.057632
121380,0.192569,0.057624
121440,0.192516,0.057616
121500,0.192464,0.057608
121560,0.192412,0.057600
121620,0.192360,0.057592
121680,0.192308,0.057584
121740,0.192256,0.057576
121800,0.192204,0.057568
121860,0.192153,0.057560
121920,0.192101,0.057552
121980,0.192049,0.057544
122040,0.191998,0.057536
122100,0.191946,0.057528
122160,0.191894,0.057520
122220,0.191843,0.057512
122280,0.191792,0.057505
122340,0.191740,0.057497
122400,0.191689,0.057489
122460,0.191638,0.057481
122520,0.191587,0.057473
122580,0.191535,0.057465
122640,0.191484,0.057458
122700,0.191433,0.057450
122760,0.191382,0.057442
122820,0.191331,0.057434
122880,0.191281,0.057427
122940,0.191230,0.057419
123000,0.191179,0.057411
123060,0.191128,0.057404
123120,0.191078,0.057396
123180,0.191027,0.057388
123240,0.190977,0.057381
123300,0.190926,0.057373
123360,0.190876,0.057365
123420,0.190825,0.057358
123480,0.190775,0.057350
123540,0.190725,0.057342
123600,0.190675,0.057335
123660,0.190624,0.057327
123720,0.190574,0.057320
123780,0.190524,0.057312
123840,0.190474,0.057305
123900,0.190424,0.057297
123960,0.190374,0.057290
124020,0.190325,0.057282
124080,0.190275,0.057275
124140,0.190225,0.057267
124200,0.190175,0.057260
124260,0.190126,0.057252
124320,0.190076,0.057245
124380,0.190027,0.057238
124440,0.189977,0.057230
124500,0.189928,0.057223
124560,0.189879,0.057215
124620,0.189829,0.057208
124680,0.189780,0.057201
124740,0.189731,0.057193
124800,0.189682,0.057186
124860,0.189633,0.057179
124920,0.189584,0.057171
124980,0.189535,0.057164
125040,0.189486,0.057157
125100,0.189437,0.057150
125160,0.189388,0.057142
125220,0.189339,0.057135
125280,0.189290,0.057128
125340,0.189242,0.057121
125400,0.189193,0.057113
125460,0.189144,0.057106
125520,0.189096,0.057099
125580,0.189047,0.057092
125640,0.188999,0.057085
125700,0.188951,0.057078
125760,0.188902,0.057070
125820,0.188854,0.057063
125880,0.188806,0.057056
125940,0.188758,0.057049
126000,0.188710,0.057042
126060,0.188661,0.057035
126120,0.188613,0.057028
126180,0.188565,0.057021
126240,0.188518,0.057014
126300,0.188470,0.057007
126360,0.188422,0.057000
126420,0.188374,0.056993
126480,0.188326,0.056986
126540,0.188279,0.056979
126600,0.188231,0.056972
126660,0.188183,0.056965
126720,0.188136,0.056958
126780,0.188088,0.056951
126840,0.188041,0.056944
126900,0.187994,0.056937
126960,0.187946,0.056930
127020,0.187899,0.056923
127080,0.187852,0.056916
127140,0.187805,0.056909
127200,0.187758,0.056903
127260,0.187710,0.056896
127320,0.187663,0.056889
127380,0.187616,0.056882
127440,0.187569,0.056875
127500,0.187523,0.056868
127560,0.187476,0.056862
127620,0.187429,0.056855
127680,0.187382,0.056848
127740,0.187335,0.056841
127800,0.187289,0.056834
127860,0.187242,0.056828
127920,0.187196,0.056821
127980,0.187149,0.056814
128040,0.187103,0.056808
128100,0.187056,0.056801
128160,0.187010,0.056794
128220,0.186964,0.056787
128280,0.186917,0.056781
128340,0.186871,0.056774
128400,0.186825,0.056768
128460,0.186779,0.056761
128520,0.186733,0.056754
128580,0.186687,0.056748
128640,0.186641,0.056741
128700,0.186595,0.056734
128760,0.186549,0.056728
128820,0.186503,0.056721
128880,0.186457,0.056715
128940,0.186411,0.056708
129000,0.186366,0.056702
129060,0.186320,0.056695
129120,0.186274,0.056689
129180,0.186229,0.056682
129240,0.186183,0.056676
129300,0.186138,0.056669
129360,0.186092,0.056663
129420,0.186047,0.056656
129480,0.186002,0.056650
129540,0.185956,0.056643
129600,0.185911,0.056637
129660,0.185866,0.056630
129720,0.185821,0.056624
129780,0.185776,0.056617
129840,0.185731,0.056611
129900,0.185686,0.056605
129960,0.185641,0.056598
130020,0.185596,0.056592
130080,0.185551,0.056586
130140,0.185506,0.056579
130200,0.185461,0.056573
130260,0.185416,0.056567
130320,0.185372,0.056560
130380,0.185327,0.056554
130440,0.185282,0.056548
130500,0.185238,0.056541
130560,0.185193,0.056535
130620,0.185149,0.056529
130680,0.185104,0.056522
130740,0.185060,0.056516
130800,0.185016,0.056510
130860,0.184971,0.056504
130920,0.184927,0.056498
130980,0.184883,0.056491
131040,0.184839,0.056485
131100,0.184794,0.056479
131160,0.184750,0.056473
131220,0.184706,0.056467
131280,0.184662,0.056460
131340,0.184618,0.056454
131400,0.184574,0.056448
131460,0.184531,0.056442
131520,0.184487,0.056436
131580,0.184443,0.056430
131640,0.184399,0.056424
131700,0.184355,0.056418
131760,0.184312,0.056411
131820,0.184268,0.056405
131880,0.184225,0.056399
131940,0.184181,0.056393
132000,0.184138,0.056387
132060,0.184094,0.056381
132120,0.184051,0.056375
132180,0.184007,0.056369
132240,0.183964,0.056363
132300,0.183921,0.056357
132360,0.183878,0.056351
132420,0.183834,0.056345
132480,0.183791,0.056339
132540,0.183748,0.056333
132600,0.183705,0.056327
132660,0.183662,0.056321
132720,0.183619,0.056315
132780,0.183576,0.056309
132840,0.183533,0.056303
132900,0.183490,0.056297
132960,0.183448,0.056292
133020,0.183405,0.056286
133080,0.183362,0.056280
133140,0.183319,0.056274
133200,0.183277,0.056268
133260,0.183234,0.056262
133320,0.183192,0.056256
133380,0.183149,0.056250
133440,0.183107,0.056245
133500,0.183064,0.056239
133560,0.183022,0.056233
133620,0.182979,0.056227
133680,0.182937,0.056221
133740,0.182895,0.056216
133800,0.182852,0.056210
133860,0.182810,0.056204
133920,0.182768,0.056198
133980,0.182726,0.056193
134040,0.182684,0.056187
134100,0.182642,0.056181
134160,0.182600,0.056175
134220,0.182558,0.056170
134280,0.182516,0.056164
134340,0.182474,0.056158
134400,0.182432,0.056152
134460,0.182391,0.056147
134520,0.182349,0.056141
134580,0.182307,0.056135
134640,0.182265,0.056130
134700,0.182224,0.056124
134760,0.182182,0.056118
134820,0.182141,0.056113
134880,0.182099,0.056107
134940,0.182058,0.056102
135000,0.182016,0.056096
135060,0.181975,0.056090
135120,0.181933,0.056085
135180,0.181892,0.056079
135240,0.181851,0.056074
135300,0.181810,0.056068
135360,0.181768,0.056062
135420,0.181727,0.056057
135480,0.181686,0.056051
135540,0.181645,0.056046
135600,0.181604,0.056040
135660,0.181563,0.056035
135720,0.181522,0.056029
135780,0.181481,0.056024
135840,0.181440,0.056018
135900,0.181399,0.056013
135960,0.181359,0.056007
136020,0.181318,0.056002
136080,0.181277,0.055996
136140,0.181236,0.055991
136200,0.181196,0.055986
136260,0.181155,0.055980
136320,0.181115,0.055975
136380,0.181074,0.055969
136440,0.181034,0.055964
136500,0.180993,0.055958
136560,0.180953,0.055953
136620,0.180912,0.055948
136680,0.180872,0.055942
136740,0.180832,0.055937
136800,0.180791,0.055931
136860,0.180751,0.055926
136920,0.180711,0.055921
136980,0.180671,0.055915
137040,0.180631,0.055910
137100,0.180591,0.055905
137160,0.180550,0.055899
137220,0.180510,0.055894
137280,0.180470,0.055889
137340,0.180431,0.055884
137400,0.180391,0.055878
137460,0.180351,0.055873
137520,0.180311,0.055868
137580,0.180271,0.055862
137640,0.180231,0.055857
137700,0.180192,0.055852
137760,0.180152,0.055847
137820,0.180112,0.055841
137880,0.180073,0.055836
137940,0.180033,0.055831
138000,0.179994,0.055826
138060,0.179954,0.055821
138120,0.179915,0.055815
138180,0.179875,0.055810
138240,0.179836,0.055805
138300,0.179797,0.055800
138360,0.179757,0.055795
138420,0.179718,0.055790
138480,0.179679,0.055784
138540,0.179640,0.055779
138600,0.179600,0.055774
138660,0.179561,0.055769
138720,0.179522,0.055764
138780,0.179483,0.055759
138840,0.179444,0.055754
138900,0.179405,0.055749
138960,0.179366,0.055743
139020,0.179327,0.055738
139080,0.179288,0.055733
139140,0.179250,0.055728
139200,0.179211,0.055723
139260,0.179172,0.055718
139320,0.179133,0.055713
139380,0.179094,0.055708
139440,0.179056,0.055703
139500,0.179017,0.055698
139560,0.178979,0.055693
139620,0.178940,0.055688
139680,0.178901,0.055683
139740,0.178863,0.055678
139800,0.178825,0.055673
139860,0.178786,0.055668
139920,0.178748,0.055663
139980,0.178709,0.055658
140040,0.178671,0.055653
140100,0.178633,0.055648
140160,0.178595,0.055643
140220,0.178556,0.055638
140280,0.178518,0.055633
140340,0.178480,0.055628
140400,0.178442,0.055623
140460,0.178404,0.055618
140520,0.178366,0.055614
140580,0.178328,0.055609
140640,0.178290,0.055604
140700,0.178252,0.055599
140760,0.178214,0.055594
140820,0.178176,0.055589
140880,0.178138,0.055584
140940,0.178100,0.055579
141000,0.178063,0.055575
141060,0.178025,0.055570
141120,0.177987,0.055565
141180,0.177950,0.055560
141240,0.177912,0.055555
141300,0.177874,0.055550
141360,0.177837,0.055546
141420,0.177799,0.055541
141480,0.177762,0.055536
141540,0.177724,0.055531
141600,0.177687,0.055526
141660,0.177650,0.055522
141720,0.177612,0.055517
141780,0.177575,0.055512
141840,0.177538,0.055507
141900,0.177500,0.055503
141960,0.177463,0.055498
142020,0.177426,0.055493
142080,0.177389,0.055488
142140,0.177352,0.055484
142200,0.177315,0.055479
142260,0.177277,0.055474
142320,0.177240,0.055470
142380,0.177203,0.055465
142440,0.177166,0.055460
142500,0.177130,0.055456
142560,0.177093,0.055451
142620,0.177056,0.055446
142680,0.177019,0.055442
142740,0.176982,0.055437
142800,0.176945,0.055432
142860,0.176909,0.055428
142920,0.176872,0.055423
142980,0.176835,0.055418
143040,0.176799,0.055414
143100,0.176762,0.055409
143160,0.176725,0.055404
143220,0.176689,0.055400
143280,0.176652,0.055395
143340,0.176616,0.055391
143400,0.176580,0.055386
143460,0.176543,0.055381
143520,0.176507,0.055377
143580,0.176470,0.055372
143640,0.176434,0.055368
143700,0.176398,0.055363
143760,0.176362,0.055359
143820,0.176325,0.055354
143880,0.176289,0.055350
143940,0.176253,0.055345
144000,0.176217,0.055341
144060,0.176181,0.055336
144120,0.176145,0.055332
144180,0.176109,0.055327
144240,0.176073,0.055323
144300,0.176037,0.055318
144360,0.176001,0.055314
144420,0.175965,0.055309
144480,0.175929,0.055305
144540,0.175893,0.055300
144600,0.175857,0.055296
144660,0.175822,0.055291
144720,0.175786,0.055287
144780,0.175750,0.055282
144840,0.175714,0.055278
144900,0.175679,0.055273
144960,0.175643,0.055269
145020,0.175608,0.055265
145080,0.175572,0.055260
145140,0.175536,0.055256
145200,0.175501,0.055251
145260,0.175466,0.055247
145320,0.175430,0.055243
145380,0.175395,0.055238
145440,0.175359,0.055234
145500,0.175324,0.055230
145560,0.175289,0.055225
145620,0.175253,0.055221
145680,0.175218,0.055216
145740,0.175183,0.055212
145800,0.175148,0.055208
145860,0.175113,0.055203
145920,0.175077,0.055199
145980,0.175042,0.055195
146040,0.175007,0.055190
146100,0.174972,0.055186
146160,0.174937,0.055182
146220,0.174902,0.055178
146280,0.174867,0.055173
146340,0.174832,0.055169
146400,0.174797,0.055165
146460,0.174763,0.055160
146520,0.174728,0.055156
146580,0.174693,0.055152
146640,0.174658,0.055148
146700,0.174623,0.055143
146760,0.174589,0.055139
146820,0.174554,0.055135
146880,0.174519,0.055131
146940,0.174485,0.055126
147000,0.174450,0.055122
147060,0.174416,0.055118
147120,0.174381,0.055114
147180,0.174347,0.055110
147240,0.174312,0.055105
147300,0.174278,0.055101
147360,0.174243,0.055097
147420,0.174209,0.055093
147480,0.174174,0.055089
147540,0.174140,0.055084
147600,0.174106,0.055080
147660,0.174072,0.055076
147720,0.174037,0.055072
147780,0.174003,0.055068
147840,0.173969,0.055064
147900,0.173935,0.055059
147960,0.173901,0.055055
148020,0.173867,0.055051
148080,0.173832,0.055047
148140,0.173798,0.055043
148200,0.173764,0.055039
148260,0.173730,0.055035
148320,0.173696,0.055031
148380,0.173663,0.055027
148440,0.173629,0.055022
148500,0.173595,0.055018
148560,0.173561,0.055014
148620,0.173527,0.055010
148680,0.173494,0.055006
148740,0.173460,0.055002
148800,0.173426,0.054998
148860,0.173392,0.054994
148920,0.173359,0.054990
148980,0.173325,0.054986
149040,0.173292,0.054982
149100,0.173258,0.054978
149160,0.173225,0.054974
149220,0.173191,0.054970
149280,0.173158,0.054966
149340,0.173124,0.054962
149400,0.173091,0.054958
149460,0.173058,0.054954
149520,0.173024,0.054950
149580,0.172991,0.054946
149640,0.172958,0.054942
149700,0.172924,0.054938
149760,0.172891,0.054934
149820,0.172858,0.054930
149880,0.172825,0.054926
149940,0.172792,0.054922
150000,0.172759,0.054918
150060,0.172726,0.054914
150120,0.172693,0.054910
150180,0.172659,0.054906
150240,0.172626,0.054902
150300,0.172594,0.054898
150360,0.172561,0.054895
150420,0.172528,0.054891
150480,0.172495,0.054887
150540,0.172462,0.054883
150600,0.172429,0.054879
150660,0.172396,0.054875
150720,0.172363,0.054871
150780,0.172331,0.054867
150840,0.172298,0.054863
150900,0.172265,0.054860
150960,0.172233,0.054856
151020,0.172200,0.054852
151080,0.172167,0.054848
151140,0.172135,0.054844
151200,0.172102,0.054840
151260,0.172070,0.054836
151320,0.172037,0.054833
151380,0.172005,0.054829
151440,0.171972,0.054825
151500,0.171940,0.054821
151560,0.171907,0.054817
151620,0.171875,0.054814
151680,0.171843,0.054810
151740,0.171810,0.054806
151800,0.171778,0.054802
151860,0.171746,0.054798
151920,0.171713,0.054795
151980,0.171681,0.054791
152040,0.171649,0.054787
152100,0.171617,0.054783
152160,0.171585,0.054779
152220,0.171553,0.054776
152280,0.171520,0.054772
152340,0.171488,0.054768
152400,0.171456,0.054764
152460,0.171424,0.054761
152520,0.171392,0.054757
152580,0.171360,0.054753
152640,0.171328,0.054750
152700,0.171297,0.054746
152760,0.171265,0.054742
152820,0.171233,0.054738
152880,0.171201,0.054735
152940,0.171169,0.054731
153000,0.171137,0.054727
153060,0.171106,0.054724
153120,0.171074,0.054720
153180,0.171042,0.054716
153240,0.171011,0.054713
153300,0.170979,0.054709
153360,0.170947,0.054705
153420,0.170916,0.054702
153480,0.170884,0.054698
153540,0.170853,0.054694
153600,0.170821,0.054691
153660,0.170789,0.054687
153720,0.170758,0.054683
153780,0.170727,0.054680
153840,0.170695,0.054676
153900,0.170664,0.054672
153960,0.170632,0.054669
154020,0.170601,0.054665
154080,0.170570,0.054661
154140,0.170538,0.054658
154200,0.170507,0.054654
154260,0.170476,0.054651
154320,0.170445,0.054647
154380,0.170413,0.054643
154440,0.170382,0.054640
154500,0.170351,0.054636
154560,0.170320,0.054633
154620,0.170289,0.054629
154680,0.170258,0.054626
154740,0.170227,0.054622
154800,0.170196,0.054618
154860,0.170165,0.054615
154920,0.170134,0.054611
154980,0.170103,0.054608
155040,0.170072,0.054604
155100,0.170041,0.054601
155160,0.170010,0.054597
155220,0.169979,0.054594
155280,0.169948,0.054590
155340,0.169918,0.054587
155400,0.169887,0.054583
155460,0.169856,0.054580
155520,0.169825,0.054576
155580,0.169795,0.054573
155640,0.169764,0.054569
155700,0.169733,0.054566
155760,0.169703,0.054562
155820,0.169672,0.054559
155880,0.169642,0.054555
155940,0.169611,0.054552
156000,0.169580,0.054548
156060,0.169550,0.054545
156120,0.169519,0.054541
156180,0.169489,0.054538
156240,0.169459,0.054534
156300,0.169428,0.054531
156360,0.169398,0.054527
156420,0.169367,0.054524
156480,0.169337,0.054521
156540,0.169307,0.054517
156600,0.169276,0.054514
156660,0.169246,0.054510
156720,0.169216,0.054507
156780,0.169186,0.054503
156840,0.169155,0.054500
156900,0.169125,0.054497
156960,0.169095,0.054493
157020,0.169065,0.054490
157080,0.169035,0.054486
157140,0.169005,0.054483
157200,0.168975,0.054480
157260,0.168945,0.054476
157320,0.168915,0.054473
157380,0.168885,0.054470
157440,0.168855,0.054466
157500,0.168825,0.054463
157560,0.168795,0.054459
157620,0.168765,0.054456
157680,0.168735,0.054453
157740,0.168705,0.054449
157800,0.168675,0.054446
157860,0.168646,0.054443
157920,0.168616,0.054439
157980,0.168586,0.054436
158040,0.168556,0.054433
158100,0.168527,0.054429
158160,0.168497,0.054426
158220,0.168467,0.054423
158280,0.168438,0.054419
158340,0.168408,0.054416
158400,0.168378,0.054413
158460,0.168349,0.054410
158520,0.168319,0.054406
158580,0.168290,0.054403
158640,0.168260,0.054400
158700,0.168231,0.054396
158760,0.168201,0.054393
158820,0.168172,0.054390
158880,0.168142,0.054387
158940,0.168113,0.054383
159000,0.168084,0.054380
159060,0.168054,0.054377
159120,0.168025,0.054373
159180,0.167996,0.054370
159240,0.167966,0.054367
159300,0.167937,0.054364
159360,0.167908,0.054361
159420,0.167879,0.054357
159480,0.167850,0.054354
159540,0.167820,0.054351
159600,0.167791,0.054348
159660,0.167762,0.054344
159720,0.167733,0.054341
159780,0.167704,0.054338
159840,0.167675,0.054335
159900,0.167646,0.054332
159960,0.167617,0.054328
160020,0.167588,0.054325
160080,0.167559,0.054322
160140,0.167530,0.054319
160200,0.167501,0.054316
160260,0.167472,0.054312
160320,0.167443,0.054309
160380,0.167414,0.054306
160440,0.167386,0.054303
160500,0.167357,0.054300
160560,0.167328,0.054297
160620,0.167299,0.054293
160680,0.167270,0.054290
160740,0.167242,0.054287
160800,0.167213,0.054284
160860,0.167184,0.054281
160920,0.167156,0.054278
160980,0.167127,0.054275
161040,0.167098,0.054271
161100,0.167070,0.054268
161160,0.167041,0.054265
161220,0.167013,0.054262
161280,0.166984,0.054259
161340,0.166956,0.054256
161400,0.166927,0.054253
161460,0.166899,0.054250
161520,0.166870,0.054246
161580,0.166842,0.054243
161640,0.166814,0.054240
161700,0.166785,0.054237
161760,0.166757,0.054234
161820,0.166728,0.054231
161880,0.166700,0.054228
161940,0.166672,0.054225
162000,0.166644,0.054222
162060,0.166615,0.054219
162120,0.166587,0.054216
162180,0.166559,0.054213
162240,0.166531,0.054210
162300,0.166503,0.054206
162360,0.166474,0.054203
162420,0.166446,0.054200
162480,0.166418,0.054197
162540,0.166390,0.054194
162600,0.166362,0.054191
162660,0.166334,0.054188
162720,0.166306,0.054185
162780,0.166278,0.054182
162840,0.166250,0.054179
162900,0.166222,0.054176
162960,0.166194,0.054173
163020,0.166166,0.054170
163080,0.166138,0.054167
163140,0.166110,0.054164
163200,0.166083,0.054161
163260,0.166055,0.054158
163320,0.166027,0.054155
163380,0.165999,0.054152
163440,0.165971,0.054149
163500,0.165944,0.054146
163560,0.165916,0.054143
163620,0.165888,0.054140
163680,0.165861,0.054137
163740,0.165833,0.054134
163800,0.165805,0.054131
163860,0.165778,0.054128
163920,0.165750,0.054125
163980,0.165722,0.054122
164040,0.165695,0.054119
164100,0.165667,0.054117
164160,0.165640,0.054114
164220,0.165612,0.054111
164280,0.165585,0.054108
164340,0.165557,0.054105
164400,0.165530,0.054102
164460,0.165502,0.054099
164520,0.165475,0.054096
164580,0.165448,0.054093
164640,0.165420,0.054090
164700,0.165393,0.054087
164760,0.165366,0.054084
164820,0.165338,0.054081
164880,0.165311,0.054079
164940,0.165284,0.054076
165000,0.165257,0.054073
165060,0.165229,0.054070
165120,0.165202,0.054067
165180,0.165175,0.054064
165240,0.165148,0.054061
165300,0.165121,0.054058
165360,0.165094,0.054055
165420,0.165066,0.054053
165480,0.165039,0.054050
165540,0.165012,0.054047
165600,0.164985,0.054044
165660,0.164958,0.054041
165720,0.164931,0.054038
165780,0.164904,0.054035
165840,0.164877,0.054033
165900,0.164850,0.054030
165960,0.164823,0.054027
166020,0.164797,0.054024
166080,0.164770,0.054021
166140,0.164743,0.054018
166200,0.164716,0.054015
166260,0.164689,0.054013
166320,0.164662,0.054010
166380,0.164636,0.054007
166440,0.164609,0.054004
166500,0.164582,0.054001
166560,0.164555,0.053999
166620,0.164529,0.053996
166680,0.164502,0.053993
166740,0.164475,0.053990
166800,0.164449,0.053987
166860,0.164422,0.053985
166920,0.164395,0.053982
166980,0.164369,0.053979
167040,0.164342,0.053976
167100,0.164316,0.053973
167160,0.164289,0.053971
167220,0.164263,0.053968
167280,0.164236,0.053965
167340,0.164210,0.053962
167400,0.164183,0.053960
167460,0.164157,0.053957
167520,0.164130,0.053954
167580,0.164104,0.053951
167640,0.164078,0.053949
167700,0.164051,0.053946
167760,0.164025,0.053943
167820,0.163999,0.053940
167880,0.163972,0.053938
167940,0.163946,0.053935
168000,0.163920,0.053932
168060,0.163893,0.053929
168120,0.163867,0.053927
168180,0.163841,0.053924
168240,0.163815,0.053921
168300,0.163789,0.053918
168360,0.163762,0.053916
168420,0.163736,0.053913
168480,0.163710,0.053910
168540,0.163684,0.053908
168600,0.163658,0.053905
168660,0.163632,0.053902
168720,0.163606,0.053900
168780,0.163580,0.053897
168840,0.163554,0.053894
168900,0.163528,0.053891
168960,0.163502,0.053889
169020,0.163476,0.053886
169080,0.163450,0.053883
169140,0.163424,0.053881
169200,0.163398,0.053878
169260,0.163372,0.053875
169320,0.163347,0.053873
169380,0.163321,0.053870
169440,0.163295,0.053867
169500,0.163269,0.053865
169560,0.163243,0.053862
169620,0.163217,0.053859
169680,0.163192,0.053857
169740,0.163166,0.053854
169800,0.163140,0.053852
169860,0.163115,0.053849
169920,0.163089,0.053846
169980,0.163063,0.053844
170040,0.163038,0.053841
170100,0.163012,0.053838
170160,0.162986,0.053836
170220,0.162961,0.053833
170280,0.162935,0.053831
170340,0.162910,0.053828
170400,0.162884,0.053825
170460,0.162859,0.053823
170520,0.162833,0.053820
170580,0.162808,0.053817
170640,0.162782,0.053815
170700,0.162757,0.053812
170760,0.162731,0.053810
170820,0.162706,0.053807
170880,0.162681,0.053804
170940,0.162655,0.053802
171000,0.162630,0.053799
171060,0.162605,0.053797
171120,0.162579,0.053794
171180,0.162554,0.053792
171240,0.162529,0.053789
171300,0.162503,0.053786
171360,0.162478,0.053784
171420,0.162453,0.053781
171480,0.162428,0.053779
171540,0.162403,0.053776
171600,0.162377,0.053774
171660,0.162352,0.053771
171720,0.162327,0.053769
171780,0.162302,0.053766
171840,0.162277,0.053763
171900,0.162252,0.053761
171960,0.162227,0.053758
172020,0.162202,0.053756
172080,0.162177,0.053753
172140,0.162152,0.053751
172200,0.162127,0.053748
172260,0.162102,0.053746
172320,0.162077,0.053743
172380,0.162052,0.053741
172440,0.162027,0.053738
172500,0.162002,0.053736
172560,0.161977,0.053733
172620,0.161952,0.053731
172680,0.161927,0.053728
172740,0.161902,0.053726
172800,0.161878,0.053723
172860,0.161853,0.053721
172920,0.161828,0.053718
172980,0.161803,0.053716
173040,0.161778,0.053713
173100,0.161754,0.053711
173160,0.161729,0.053708
173220,0.161704,0.053706
173280,0.161680,0.053703
173340,0.161655,0.053701
173400,0.161630,0.053698
173460,0.161606,0.053696
173520,0.161581,0.053693
173580,0.161556,0.053691
173640,0.161532,0.053688
173700,0.161507,0.053686
173760,0.161483,0.053684
173820,0.161458,0.053681
173880,0.161434,0.053679
173940,0.161409,0.053676
174000,0.161385,0.053674
174060,0.161360,0.053671
174120,0.161336,0.053669
174180,0.161311,0.053666
174240,0.161287,0.053664
174300,0.161262,0.053662
174360,0.161238,0.053659
174420,0.161214,0.053657
174480,0.161189,0.053654
174540,0.161165,0.053652
174600,0.161141,0.053649
174660,0.161116,0.053647
174720,0.161092,0.053645
174780,0.161068,0.053642
174840,0.161044,0.053640
174900,0.161019,0.053637
174960,0.160995,0.053635
175020,0.160971,0.053633
175080,0.160947,0.053630
175140,0.160923,0.053628
175200,0.160898,0.053625
175260,0.160874,0.053623
175320,0.160850,0.053621
175380,0.160826,0.053618
175440,0.160802,0.053616
175500,0.160778,0.053614
175560,0.160754,0.053611
175620,0.160730,0.053609
175680,0.160706,0.053606
175740,0.160682,0.053604
175800,0.160658,0.053602
175860,0.160634,0.053599
175920,0.160610,0.053597
175980,0.160586,0.053595
176040,0.160562,0.053592
176100,0.160538,0.053590
176160,0.160514,0.053588
176220,0.160490,0.053585
176280,0.160466,0.053583
176340,0.160443,0.053580
176400,0.160419,0.053578
176460,0.160395,0.053576
176520,0.160371,0.053573
176580,0.160347,0.053571
176640,0.160324,0.053569
176700,0.160300,0.053566
176760,0.160276,0.053564
176820,0.160252,0.053562
176880,0.160229,0.053560
176940,0.160205,0.053557
177000,0.160181,0.053555
177060,0.160158,0.053553
177120,0.160134,0.053550
177180,0.160110,0.053548
177240,0.160087,0.053546
177300,0.160063,0.053543
177360,0.160040,0.053541
177420,0.160016,0.053539
177480,0.159993,0.053536
177540,0.159969,0.053534
177600,0.159946,0.053532
177660,0.159922,0.053530
177720,0.159899,0.053527
177780,0.159875,0.053525
177840,0.159852,0.053523
177900,0.159828,0.053520
177960,0.159805,0.053518
178020,0.159781,0.053516
178080,0.159758,0.053514
178140,0.159735,0.053511
178200,0.159711,0.053509
178260,0.159688,0.053507
178320,0.159665,0.053505
178380,0.159641,0.053502
178440,0.159618,0.053500
178500,0.159595,0.053498
178560,0.159572,0.053496
178620,0.159548,0.053493
178680,0.159525,0.053491
178740,0.159502,0.053489
178800,0.159479,0.053487
178860,0.159455,0.053484
178920,0.159432,0.053482
178980,0.159409,0.053480
179040,0.159386,0.053478
179100,0.159363,0.053475
179160,0.159340,0.053473
179220,0.159317,0.053471
179280,0.159294,0.053469
179340,0.159271,0.053466
179400,0.159248,0.053464
179460,0.159224,0.053462
179520,0.159201,0.053460
179580,0.159178,0.053458
179640,0.159155,0.053455
179700,0.159133,0.053453
179760,0.159110,0.053451
179820,0.159087,0.053449
179880,0.159064,0.053447
179940,0.159041,0.053444
180000,0.159018,0.053442
180060,0.158995,0.053440
180120,0.158972,0.053438
180180,0.158949,0.053436
180240,0.158926,0.053433
180300,0.158904,0.053431
180360,0.158881,0.053429
180420,0.158858,0.053427
180480,0.158835,0.053425
180540,0.158813,0.053423
180600,0.158790,0.053420
180660,0.158767,0.053418
180720,0.158744,0.053416
180780,0.158722,0.053414
180840,0.158699,0.053412
180900,0.158676,0.053410
180960,0.158654,0.053407
181020,0.158631,0.053405
181080,0.158608,0.053403
181140,0.158586,0.053401
181200,0.158563,0.053399
181260,0.158541,0.053397
181320,0.158518,0.053394
181380,0.158495,0.053392
181440,0.158473,0.053390
181500,0.158450,0.053388
181560,0.158428,0.053386
181620,0.158405,0.053384
181680,0.158383,0.053382
181740,0.158360,0.053380
181800,0.158338,0.053377
181860,0.158316,0.053375
181920,0.158293,0.053373
181980,0.158271,0.053371
182040,0.158248,0.053369
182100,0.158226,0.053367
182160,0.158204,0.053365
182220,0.158181,0.053363
182280,0.158159,0.053360
182340,0.158137,0.053358
182400,0.158114,0.053356
182460,0.158092,0.053354
182520,0.158070,0.053352
182580,0.158048,0.053350
182640,0.158025,0.053348
182700,0.158003,0.053346
182760,0.157981,0.053344
182820,0.157959,0.053342
182880,0.157936,0.053339
182940,0.157914,0.053337
183000,0.157892,0.053335
183060,0.157870,0.053333
183120,0.157848,0.053331
183180,0.157826,0.053329
183240,0.157804,0.053327
183300,0.157782,0.053325
183360,0.157759,0.053323
183420,0.157737,0.053321
183480,0.157715,0.053319
183540,0.157693,0.053317
183600,0.157671,0.053315
183660,0.157649,0.053313
183720,0.157627,0.053310
183780,0.157605,0.053308
183840,0.157583,0.053306
183900,0.157561,0.053304
183960,0.157539,0.053302
184020,0.157518,0.053300
184080,0.157496,0.053298
184140,0.157474,0.053296
184200,0.157452,0.053294
184260,0.157430,0.053292
184320,0.157408,0.053290
184380,0.157386,0.053288
184440,0.157365,0.053286
184500,0.157343,0.053284
184560,0.157321,0.053282
184620,0.157299,0.053280
184680,0.157277,0.053278
184740,0.157256,0.053276
184800,0.157234,0.053274
184860,0.157212,0.053272
184920,0.157190,0.053270
184980,0.157169,0.053268
185040,0.157147,0.053266
185100,0.157125,0.053264
185160,0.157104,0.053262
185220,0.157082,0.053260
185280,0.157060,0.053258
185340,0.157039,0.053256
185400,0.157017,0.053254
185460,0.156996,0.053252
185520,0.156974,0.053250
185580,0.156953,0.053248
185640,0.156931,0.053246
185700,0.156909,0.053244
185760,0.156888,0.053242
185820,0.156866,0.053240
185880,0.156845,0.053238
185940,0.156823,0.053236
186000,0.156802,0.053234
186060,0.156781,0.053232
186120,0.156759,0.053230
186180,0.156738,0.053228
186240,0.156716,0.053226
186300,0.156695,0.053224
186360,0.156674,0.053222
186420,0.156652,0.053220
186480,0.156631,0.053218
186540,0.156609,0.053216
186600,0.156588,0.053214
186660,0.156567,0.053212
186720,0.156546,0.053210
186780,0.156524,0.053208
186840,0.156503,0.053206
186900,0.156482,0.053204
186960,0.156460,0.053202
187020,0.156439,0.053200
187080,0.156418,0.053198
187140,0.156397,0.053197
187200,0.156376,0.053195
187260,0.156354,0.053193
187320,0.156333,0.053191
187380,0.156312,0.053189
187440,0.156291,0.053187
187500,0.156270,0.053185
187560,0.156249,0.053183
187620,0.156228,0.053181
187680,0.156206,0.053179
187740,0.156185,0.053177
187800,0.156164,0.053175
187860,0.156143,0.053173
187920,0.156122,0.053171
187980,0.156101,0.053170
188040,0.156080,0.053168
188100,0.156059,0.053166
188160,0.156038,0.053164
188220,0.156017,0.053162
188280,0.155996,0.053160
188340,0.155975,0.053158
188400,0.155954,0.053156
188460,0.155934,0.053154
188520,0.155913,0.053152
188580,0.155892,0.053150
188640,0.155871,0.053149
188700,0.155850,0.053147
188760,0.155829,0.053145
188820,0.155808,0.053143
188880,0.155787,0.053141
188940,0.155767,0.053139
189000,0.155746,0.053137
189060,0.155725,0.053135
189120,0.155704,0.053134
189180,0.155683,0.053132
189240,0.155663,0.053130
189300,0.155642,0.053128
189360,0.155621,0.053126
189420,0.155601,0.053124
189480,0.155580,0.053122
189540,0.155559,0.053120
189600,0.155539,0.053119
189660,0.155518,0.053117
189720,0.155497,0.053115
189780,0.155477,0.053113
189840,0.155456,0.053111
189900,0.155435,0.053109
189960,0.155415,0.053107
190020,0.155394,0.053106
190080,0.155374,0.053104
190140,0.155353,0.053102
190200,0.155332,0.053100
190260,0.155312,0.053098
190320,0.155291,0.053096
190380,0.155271,0.053094
190440,0.155250,0.053093
190500,0.155230,0.053091
190560,0.155209,0.053089
190620,0.155189,0.053087
190680,0.155169,0.053085
190740,0.155148,0.053083
190800,0.155128,0.053082
190860,0.155107,0.053080
190920,0.155087,0.053078
190980,0.155066,0.053076
191040,0.155046,0.053074
191100,0.155026,0.053073
191160,0.155005,0.053071
191220,0.154985,0.053069
191280,0.154965,0.053067
191340,0.154944,0.053065
191400,0.154924,0.053063
191460,0.154904,0.053062
191520,0.154884,0.053060
191580,0.154863,0.053058
191640,0.154843,0.053056
191700,0.154823,0.053054
191760,0.154803,0.053053
191820,0.154782,0.053051
191880,0.154762,0.053049
191940,0.154742,0.053047
192000,0.154722,0.053045
192060,0.154702,0.053044
192120,0.154682,0.053042
192180,0.154661,0.053040
192240,0.154641,0.053038
192300,0.154621,0.053036
192360,0.154601,0.053035
192420,0.154581,0.053033
192480,0.154561,0.053031
192540,0.154541,0.053029
192600,0.154521,0.053028
192660,0.154501,0.053026
192720,0.154481,0.053024
192780,0.154461,0.053022
192840,0.154441,0.053021
192900,0.154421,0.053019
192960,0.154401,0.053017
193020,0.154381,0.053015
193080,0.154361,0.053013
193140,0.154341,0.053012
193200,0.154321,0.053010
193260,0.154301,0.053008
193320,0.154281,0.053006
193380,0.154261,0.053005
193440,0.154241,0.053003
193500,0.154221,0.053001
193560,0.154202,0.052999
193620,0.154182,0.052998
193680,0.154162,0.052996
193740,0.154142,0.052994
193800,0.154122,0.052992
193860,0.154102,0.052991
193920,0.154083,0.052989
193980,0.154063,0.052987
194040,0.154043,0.052985
194100,0.154023,0.052984
194160,0.154004,0.052982
194220,0.153984,0.052980
194280,0.153964,0.052979
194340,0.153944,0.052977
194400,0.153925,0.052975
194460,0.153905,0.052973
194520,0.153885,0.052972
194580,0.153866,0.052970
194640,0.153846,0.052968
194700,0.153826,0.052967
194760,0.153807,0.052965
194820,0.153787,0.052963
194880,0.153768,0.052961
194940,0.153748,0.052960
195000,0.153728,0.052958
195060,0.153709,0.052956
195120,0.153689,0.052955
195180,0.153670,0.052953
195240,0.153650,0.052951
195300,0.153631,0.052949
195360,0.153611,0.052948
195420,0.153592,0.052946
195480,0.153572,0.052944
195540,0.153553,0.052943
195600,0.153533,0.052941
195660,0.153514,0.052939
195720,0.153494,0.052938
195780,0.153475,0.052936
195840,0.153456,0.052934
195900,0.153436,0.052933
195960,0.153417,0.052931
196020,0.153397,0.052929
196080,0.153378,0.052927
196140,0.153359,0.052926
196200,0.153339,0.052924
196260,0.153320,0.052922
196320,0.153301,0.052921
196380,0.153281,0.052919
196440,0.153262,0.052917
196500,0.153243,0.052916
196560,0.153223,0.052914
196620,0.153204,0.052912
196680,0.153185,0.052911
196740,0.153166,0.052909
196800,0.153146,0.052907
196860,0.153127,0.052906
196920,0.153108,0.052904
196980,0.153089,0.052902
197040,0.153070,0.052901
197100,0.153050,0.052899
197160,0.153031,0.052897
197220,0.153012,0.052896
197280,0.152993,0.052894
197340,0.152974,0.052893
197400,0.152955,0.052891
197460,0.152936,0.052889
197520,0.152917,0.052888
197580,0.152897,0.052886
197640,0.152878,0.052884
197700,0.152859,0.052883
197760,0.152840,0.052881
197820,0.152821,0.052879
197880,0.152802,0.052878
197940,0.152783,0.052876
198000,0.152764,0.052875
198060,0.152745,0.052873
198120,0.152726,0.052871
198180,0.152707,0.052870
198240,0.152688,0.052868
198300,0.152669,0.052866
198360,0.152650,0.052865
198420,0.152631,0.052863
198480,0.152613,0.052862
198540,0.152594,0.052860
198600,0.152575,0.052858
198660,0.152556,0.052857
198720,0.152537,0.052855
198780,0.152518,0.052853
198840,0.152499,0.052852
198900,0.152480,0.052850
198960,0.152462,0.052849
199020,0.152443,0.052847
199080,0.152424,0.052845
199140,0.152405,0.052844
199200,0.152386,0.052842
199260,0.152368,0.052841
199320,0.152349,0.052839
199380,0.152330,0.052837
199440,0.152311,0.052836
199500,0.152293,0.052834
199560,0.152274,0.052833
199620,0.152255,0.052831
199680,0.152236,0.052830
199740,0.152218,0.052828
199800,0.152199,0.052826
199860,0.152180,0.052825
199920,0.152162,0.052823
199980,0.152143,0.052822
200040,0.152124,0.052820
200100,0.152106,0.052818
200160,0.152087,0.052817
200220,0.152069,0.052815
200280,0.152050,0.052814
200340,0.152031,0.052812
200400,0.152013,0.052811
200460,0.151994,0.052809
200520,0.151976,0.052807
200580,0.151957,0.052806
200640,0.151939,0.052804
200700,0.151920,0.052803
200760,0.151902,0.052801
200820,0.151883,0.052800
200880,0.151865,0.052798
200940,0.151846,0.052797
201000,0.151828,0.052795
201060,0.151809,0.052793
201120,0.151791,0.052792
201180,0.151772,0.052790
201240,0.151754,0.052789
201300,0.151735,0.052787
201360,0.151717,0.052786
201420,0.151699,0.052784
201480,0.151680,0.052783
201540,0.151662,0.052781
201600,0.151644,0.052779
201660,0.151625,0.052778
201720,0.151607,0.052776
201780,0.151589,0.052775
201840,0.151570,0.052773
201900,0.151552,0.052772
201960,0.151534,0.052770
202020,0.151515,0.052769
202080,0.151497,0.052767
202140,0.151479,0.052766
202200,0.151461,0.052764
202260,0.151442,0.052763
202320,0.151424,0.052761
202380,0.151406,0.052760
202440,0.151388,0.052758
202500,0.151369,0.052757
202560,0.151351,0.052755
202620,0.151333,0.052754
202680,0.151315,0.052752
202740,0.151297,0.052750
202800,0.151279,0.052749
202860,0.151260,0.052747
202920,0.151242,0.052746
202980,0.151224,0.052744
203040,0.151206,0.052743
203100,0.151188,0.052741
203160,0.151170,0.052740
203220,0.151152,0.052738
203280,0.151134,0.052737
203340,0.151116,0.052735
203400,0.151098,0.052734
203460,0.151080,0.052732
203520,0.151062,0.052731
203580,0.151043,0.052729
203640,0.151025,0.052728
203700,0.151007,0.052726
203760,0.150989,0.052725
203820,0.150972,0.052723
203880,0.150954,0.052722
203940,0.150936,0.052720
204000,0.150918,0.052719
204060,0.150900,0.052717
204120,0.150882,0.052716
204180,0.150864,0.052715
204240,0.150846,0.052713
204300,0.150828,0.052712
204360,0.150810,0.052710
204420,0.150792,0.052709
204480,0.150774,0.052707
204540,0.150757,0.052706
204600,0.150739,0.052704
204660,0.150721,0.052703
204720,0.150703,0.052701
204780,0.150685,0.052700
204840,0.150667,0.052698
204900,0.150650,0.052697
204960,0.150632,0.052695
205020,0.150614,0.052694
205080,0.150596,0.052692
205140,0.150579,0.052691
205200,0.150561,0.052690
205260,0.150543,0.052688
205320,0.150525,0.052687
205380,0.150508,0.052685
205440,0.150490,0.052684
205500,0.150472,0.052682
205560,0.150454,0.052681
205620,0.150437,0.052679
205680,0.150419,0.052678
205740,0.150401,0.052676
205800,0.150384,0.052675
205860,0.150366,0.052674
205920,0.150349,0.052672
205980,0.150331,0.052671
206040,0.150313,0.052669
206100,0.150296,0.052668
206160,0.150278,0.052666
206220,0.150261,0.052665
206280,0.150243,0.052663
206340,0.150225,0.052662
206400,0.150208,0.052661
206460,0.150190,0.052659
206520,0.150173,0.052658
206580,0.150155,0.052656
206640,0.150138,0.052655
206700,0.150120,0.052653
206760,0.150103,0.052652
206820,0.150085,0.052651
206880,0.150068,0.052649
206940,0.150050,0.052648
207000,0.150033,0.052646
207060,0.150015,0.052645
207120,0.149998,0.052644
